symbol,fundingTime,fundingRate,markPrice
BTCUSDT,1672531200000,0.00010000,
BTCUSDT,1672560000008,0.00010000,
BTCUSDT,1672588800000,0.00000691,
BTCUSDT,1672617600000,-0.00001488,
BTCUSDT,1672646400008,-0.00004356,
BTCUSDT,1672675200015,0.00002670,
BTCUSDT,1672704000003,0.00010000,
BTCUSDT,1672732800018,0.00008977,
BTCUSDT,1672761600000,0.00003322,
BTCUSDT,1672790400000,0.00006489,
BTCUSDT,1672819200016,0.00003388,
BTCUSDT,1672848000011,0.00004931,
BTCUSDT,1672876800009,0.00005417,
BTCUSDT,1672905600011,0.00004436,
BTCUSDT,1672934400000,0.00007264,
BTCUSDT,1672963200005,0.00005587,
BTCUSDT,1672992000001,0.00006591,
BTCUSDT,1673020800000,0.00008658,
BTCUSDT,1673049600006,0.00002508,
BTCUSDT,1673078400017,0.00000671,
BTCUSDT,1673107200000,0.00010000,
BTCUSDT,1673136000015,0.00005657,
BTCUSDT,1673164800000,0.00010000,
BTCUSDT,1673193600010,0.00007452,
BTCUSDT,1673222400003,0.00005796,
BTCUSDT,1673251200000,-0.00000666,
BTCUSDT,1673280000006,0.00000905,
BTCUSDT,1673308800003,0.00002417,
BTCUSDT,1673337600021,0.00009685,
BTCUSDT,1673366400000,0.00003129,
BTCUSDT,1673395200011,0.00002761,
BTCUSDT,1673424000006,0.00002477,
BTCUSDT,1673452800004,-0.00000211,
BTCUSDT,1673481600000,0.00007549,
BTCUSDT,1673510400000,0.00010000,
BTCUSDT,1673539200000,0.00010000,
BTCUSDT,1673568000004,0.00010000,
BTCUSDT,1673596800000,0.00010000,
BTCUSDT,1673625600018,0.00007160,
BTCUSDT,1673654400000,0.00008746,
BTCUSDT,1673683200001,0.00045847,
BTCUSDT,1673712000000,0.00010000,
BTCUSDT,1673740800010,0.00013712,
BTCUSDT,1673769600002,0.00012434,
BTCUSDT,1673798400000,0.00019892,
BTCUSDT,1673827200010,0.00010000,
BTCUSDT,1673856000007,0.00010000,
BTCUSDT,1673884800000,0.00010000,
BTCUSDT,1673913600004,0.00010000,
BTCUSDT,1673942400005,0.00010000,
BTCUSDT,1673971200001,0.00010000,
BTCUSDT,1674000000008,0.00010000,
BTCUSDT,1674028800009,0.00010000,
BTCUSDT,1674057600017,0.00010000,
BTCUSDT,1674086400000,0.00010000,
BTCUSDT,1674115200015,0.00010000,
BTCUSDT,1674144000012,0.00010000,
BTCUSDT,1674172800000,0.00010000,
BTCUSDT,1674201600000,0.00010000,
BTCUSDT,1674230400000,0.00010000,
BTCUSDT,1674259200013,0.00010000,
BTCUSDT,1674288000001,0.00010000,
BTCUSDT,1674316800016,0.00010000,
BTCUSDT,1674345600000,0.00010000,
BTCUSDT,1674374400000,0.00010000,
BTCUSDT,1674403200023,0.00010000,
BTCUSDT,1674432000014,0.00010000,
BTCUSDT,1674460800014,0.00010000,
BTCUSDT,1674489600016,0.00010000,
BTCUSDT,1674518400008,0.00010000,
BTCUSDT,1674547200008,0.00010000,
BTCUSDT,1674576000000,0.00010000,
BTCUSDT,1674604800012,0.00010000,
BTCUSDT,1674633600000,0.00010000,
BTCUSDT,1674662400010,0.00010000,
BTCUSDT,1674691200010,0.00010000,
BTCUSDT,1674720000003,0.00010000,
BTCUSDT,1674748800020,0.00010000,
BTCUSDT,1674777600008,0.00010000,
BTCUSDT,1674806400000,0.00009541,
BTCUSDT,1674835200000,0.00010000,
BTCUSDT,1674864000009,0.00010000,
BTCUSDT,1674892800018,0.00010000,
BTCUSDT,1674921600005,0.00010000,
BTCUSDT,1674950400011,0.00010000,
BTCUSDT,1674979200000,0.00010000,
BTCUSDT,1675008000008,0.00010000,
BTCUSDT,1675036800001,0.00010000,
BTCUSDT,1675065600000,0.00010000,
BTCUSDT,1675094400000,0.00010000,
BTCUSDT,1675123200005,0.00010000,
BTCUSDT,1675152000000,0.00010000,
BTCUSDT,1675180800007,0.00010000,
BTCUSDT,1675209600013,0.00010000,
BTCUSDT,1675238400000,0.00010000,
BTCUSDT,1675267200012,0.00010000,
BTCUSDT,1675296000004,0.00010000,
BTCUSDT,1675324800023,0.00010000,
BTCUSDT,1675353600003,0.00010000,
BTCUSDT,1675382400010,0.00010000,
BTCUSDT,1675411200000,0.00010000,
BTCUSDT,1675440000000,0.00010000,
BTCUSDT,1675468800010,0.00010000,
BTCUSDT,1675497600000,0.00010000,
BTCUSDT,1675526400000,0.00010000,
BTCUSDT,1675555200016,0.00010000,
BTCUSDT,1675584000009,0.00010000,
BTCUSDT,1675612800018,0.00010000,
BTCUSDT,1675641600001,0.00010000,
BTCUSDT,1675670400000,0.00010000,
BTCUSDT,1675699200012,0.00010000,
BTCUSDT,1675728000004,0.00010000,
BTCUSDT,1675756800011,0.00010000,
BTCUSDT,1675785600018,0.00010000,
BTCUSDT,1675814400009,0.00010000,
BTCUSDT,1675843200010,0.00010000,
BTCUSDT,1675872000000,0.00010000,
BTCUSDT,1675900800014,0.00010000,
BTCUSDT,1675929600006,0.00010000,
BTCUSDT,1675958400001,0.00010000,
BTCUSDT,1675987200012,0.00010000,
BTCUSDT,1676016000005,0.00010000,
BTCUSDT,1676044800020,0.00010000,
BTCUSDT,1676073600007,0.00007684,
BTCUSDT,1676102400002,0.00005572,
BTCUSDT,1676131200021,0.00005241,
BTCUSDT,1676160000004,0.00005343,
BTCUSDT,1676188800000,0.00010000,
BTCUSDT,1676217600002,0.00002270,
BTCUSDT,1676246400006,0.00002074,
BTCUSDT,1676275200008,0.00006323,
BTCUSDT,1676304000002,0.00010000,
BTCUSDT,1676332800013,0.00010000,
BTCUSDT,1676361600014,0.00010000,
BTCUSDT,1676390400016,0.00008887,
BTCUSDT,1676419200011,0.00002377,
BTCUSDT,1676448000000,0.00002630,
BTCUSDT,1676476800005,0.00009071,
BTCUSDT,1676505600019,0.00010000,
BTCUSDT,1676534400000,0.00010000,
BTCUSDT,1676563200001,0.00023171,
BTCUSDT,1676592000003,0.00010000,
BTCUSDT,1676620800016,0.00010000,
BTCUSDT,1676649600000,0.00010000,
BTCUSDT,1676678400011,0.00010000,
BTCUSDT,1676707200000,0.00010000,
BTCUSDT,1676736000007,0.00010000,
BTCUSDT,1676764800019,0.00010000,
BTCUSDT,1676793600005,0.00010000,
BTCUSDT,1676822400003,0.00010000,
BTCUSDT,1676851200006,0.00010000,
BTCUSDT,1676880000008,0.00010000,
BTCUSDT,1676908800006,0.00010000,
BTCUSDT,1676937600001,0.00010000,
BTCUSDT,1676966400004,0.00010000,
BTCUSDT,1676995200011,0.00010000,
BTCUSDT,1677024000009,0.00010000,
BTCUSDT,1677052800010,0.00010000,
BTCUSDT,1677081600000,0.00010000,
BTCUSDT,1677110400006,0.00010000,
BTCUSDT,1677139200005,0.00003506,
BTCUSDT,1677168000002,0.00003631,
BTCUSDT,1677196800015,0.00004978,
BTCUSDT,1677225600011,0.00004949,
BTCUSDT,1677254400014,0.00005440,
BTCUSDT,1677283200015,0.00001183,
BTCUSDT,1677312000015,0.00000610,
BTCUSDT,1677340800015,-0.00000048,
BTCUSDT,1677369600007,0.00007372,
BTCUSDT,1677398400012,0.00002760,
BTCUSDT,1677427200000,0.00006581,
BTCUSDT,1677456000011,0.00008144,
BTCUSDT,1677484800003,0.00001196,
BTCUSDT,1677513600000,0.00006826,
BTCUSDT,1677542400011,0.00003414,
BTCUSDT,1677571200018,0.00001985,
BTCUSDT,1677600000005,0.00005950,
BTCUSDT,1677628800016,0.00000185,
BTCUSDT,1677657600000,0.00010000,
BTCUSDT,1677686400008,0.00010000,
BTCUSDT,1677715200009,0.00008612,
BTCUSDT,1677744000013,0.00008703,
BTCUSDT,1677772800000,0.00008395,
BTCUSDT,1677801600000,0.00010000,
BTCUSDT,1677830400013,-0.00004203,
BTCUSDT,1677859200000,-0.00000226,
BTCUSDT,1677888000001,0.00000530,
BTCUSDT,1677916800008,0.00003812,
BTCUSDT,1677945600012,0.00002104,
BTCUSDT,1677974400000,0.00001874,
BTCUSDT,1678003200000,0.00000544,
BTCUSDT,1678032000015,0.00003706,
BTCUSDT,1678060800007,0.00004054,
BTCUSDT,1678089600017,0.00005460,
BTCUSDT,1678118400000,0.00005414,
BTCUSDT,1678147200009,0.00001173,
BTCUSDT,1678176000016,0.00004375,
BTCUSDT,1678204800017,0.00002631,
BTCUSDT,1678233600000,0.00002917,
BTCUSDT,1678262400014,0.00003816,
BTCUSDT,1678291200021,0.00010000,
BTCUSDT,1678320000010,0.00010000,
BTCUSDT,1678348800013,0.00010000,
BTCUSDT,1678377600002,0.00010000,
BTCUSDT,1678406400000,-0.00008895,
BTCUSDT,1678435200000,0.00000526,
BTCUSDT,1678464000005,-0.00001647,
BTCUSDT,1678492800011,0.00002364,
BTCUSDT,1678521600003,-0.00002296,
BTCUSDT,1678550400011,-0.00002341,
BTCUSDT,1678579200001,0.00000376,
BTCUSDT,1678608000000,0.00009088,
BTCUSDT,1678636800005,-0.00004068,
BTCUSDT,1678665600010,0.00010000,
BTCUSDT,1678694400018,0.00006011,
BTCUSDT,1678723200003,0.00010000,
BTCUSDT,1678752000010,0.00015042,
BTCUSDT,1678780800009,0.00010000,
BTCUSDT,1678809600010,0.00029811,
BTCUSDT,1678838400011,0.00010000,
BTCUSDT,1678867200000,0.00024127,
BTCUSDT,1678896000012,0.00022126,
BTCUSDT,1678924800004,0.00010000,
BTCUSDT,1678953600018,0.00010000,
BTCUSDT,1678982400005,0.00010000,
BTCUSDT,1679011200017,0.00003311,
BTCUSDT,1679040000010,0.00010000,
BTCUSDT,1679068800003,0.00010000,
BTCUSDT,1679097600012,0.00010000,
BTCUSDT,1679126400000,0.00010000,
BTCUSDT,1679155200016,0.00010000,
BTCUSDT,1679184000013,0.00010000,
BTCUSDT,1679212800024,0.00010000,
BTCUSDT,1679241600000,0.00010000,
BTCUSDT,1679270400005,0.00010000,
BTCUSDT,1679299200012,0.00009081,
BTCUSDT,1679328000015,0.00010000,
BTCUSDT,1679356800006,0.00008118,
BTCUSDT,1679385600004,0.00001254,
BTCUSDT,1679414400003,0.00000292,
BTCUSDT,1679443200000,0.00000268,
BTCUSDT,1679472000003,0.00000006,
BTCUSDT,1679500800000,0.00005334,
BTCUSDT,1679529600016,0.00000248,
BTCUSDT,1679558400001,-0.00001090,
BTCUSDT,1679587200013,0.00010000,
BTCUSDT,1679616000013,0.00010000,
BTCUSDT,1679644800012,0.00010000,
BTCUSDT,1679673600027,0.00010000,
BTCUSDT,1679702400015,-0.00000310,
BTCUSDT,1679731200011,0.00000425,
BTCUSDT,1679760000011,0.00000292,
BTCUSDT,1679788800000,0.00000061,
BTCUSDT,1679817600015,-0.00003326,
BTCUSDT,1679846400000,0.00003634,
BTCUSDT,1679875200019,0.00002905,
BTCUSDT,1679904000009,0.00002409,
BTCUSDT,1679932800000,-0.00000396,
BTCUSDT,1679961600007,-0.00001428,
BTCUSDT,1679990400000,0.00001123,
BTCUSDT,1680019200013,0.00007531,
BTCUSDT,1680048000010,0.00006075,
BTCUSDT,1680076800006,0.00007098,
BTCUSDT,1680105600014,0.00010000,
BTCUSDT,1680134400000,0.00006987,
BTCUSDT,1680163200000,0.00005638,
BTCUSDT,1680192000006,0.00001123,
BTCUSDT,1680220800003,-0.00002712,
BTCUSDT,1680249600006,0.00006358,
BTCUSDT,1680278400011,0.00010000,
BTCUSDT,1680307200000,0.00010000,
BTCUSDT,1680336000000,0.00010000,
BTCUSDT,1680364800018,0.00008840,
BTCUSDT,1680393600013,0.00004527,
BTCUSDT,1680422400014,0.00006893,
BTCUSDT,1680451200001,0.00004514,
BTCUSDT,1680480000000,0.00001759,
BTCUSDT,1680508800013,-0.00001240,
BTCUSDT,1680537600011,0.00005688,
BTCUSDT,1680566400002,-0.00006009,
BTCUSDT,1680595200017,-0.00001357,
BTCUSDT,1680624000008,-0.00001276,
BTCUSDT,1680652800000,0.00002760,
BTCUSDT,1680681600016,0.00008517,
BTCUSDT,1680710400004,0.00005265,
BTCUSDT,1680739200000,0.00001442,
BTCUSDT,1680768000011,0.00003598,
BTCUSDT,1680796800000,-0.00002975,
BTCUSDT,1680825600006,0.00001004,
BTCUSDT,1680854400005,-0.00001473,
BTCUSDT,1680883200000,0.00001055,
BTCUSDT,1680912000000,0.00000268,
BTCUSDT,1680940800014,0.00000466,
BTCUSDT,1680969600018,0.00003192,
BTCUSDT,1680998400013,0.00000950,
BTCUSDT,1681027200024,-0.00000904,
BTCUSDT,1681056000010,-0.00000853,
BTCUSDT,1681084800000,0.00010000,
BTCUSDT,1681113600010,0.00010000,
BTCUSDT,1681142400006,0.00006167,
BTCUSDT,1681171200008,0.00010000,
BTCUSDT,1681200000007,0.00010000,
BTCUSDT,1681228800016,0.00010000,
BTCUSDT,1681257600006,0.00009582,
BTCUSDT,1681286400008,0.00008195,
BTCUSDT,1681315200014,0.00001747,
BTCUSDT,1681344000027,0.00006665,
BTCUSDT,1681372800010,0.00004427,
BTCUSDT,1681401600000,0.00010000,
BTCUSDT,1681430400001,-0.00000113,
BTCUSDT,1681459200008,0.00010000,
BTCUSDT,1681488000007,0.00003420,
BTCUSDT,1681516800007,-0.00004975,
BTCUSDT,1681545600007,0.00008455,
BTCUSDT,1681574400011,0.00010000,
BTCUSDT,1681603200014,0.00007144,
BTCUSDT,1681632000007,0.00010000,
BTCUSDT,1681660800002,0.00010000,
BTCUSDT,1681689600017,0.00010000,
BTCUSDT,1681718400006,0.00007376,
BTCUSDT,1681747200000,0.00010000,
BTCUSDT,1681776000013,0.00004683,
BTCUSDT,1681804800017,-0.00000510,
BTCUSDT,1681833600000,0.00006772,
BTCUSDT,1681862400022,0.00010000,
BTCUSDT,1681891200014,0.00006231,
BTCUSDT,1681920000000,-0.00000081,
BTCUSDT,1681948800010,0.00008579,
BTCUSDT,1681977600012,0.00003668,
BTCUSDT,1682006400012,0.00005898,
BTCUSDT,1682035200009,0.00006297,
BTCUSDT,1682064000009,0.00010000,
BTCUSDT,1682092800003,0.00010000,
BTCUSDT,1682121600000,0.00010000,
BTCUSDT,1682150400000,0.00006858,
BTCUSDT,1682179200016,0.00002090,
BTCUSDT,1682208000009,0.00003768,
BTCUSDT,1682236800020,0.00001376,
BTCUSDT,1682265600007,0.00002369,
BTCUSDT,1682294400000,0.00004679,
BTCUSDT,1682323200008,0.00003694,
BTCUSDT,1682352000006,0.00002630,
BTCUSDT,1682380800014,0.00005066,
BTCUSDT,1682409600009,0.00006606,
BTCUSDT,1682438400015,0.00008541,
BTCUSDT,1682467200015,0.00004346,
BTCUSDT,1682496000013,0.00001686,
BTCUSDT,1682524800001,0.00010000,
BTCUSDT,1682553600014,0.00002518,
BTCUSDT,1682582400008,0.00005769,
BTCUSDT,1682611200005,0.00003265,
BTCUSDT,1682640000011,0.00010000,
BTCUSDT,1682668800007,0.00010000,
BTCUSDT,1682697600006,0.00004476,
BTCUSDT,1682726400004,0.00000037,
BTCUSDT,1682755200016,0.00006751,
BTCUSDT,1682784000001,0.00007826,
BTCUSDT,1682812800008,0.00003132,
BTCUSDT,1682841600000,0.00003501,
BTCUSDT,1682870400010,0.00006078,
BTCUSDT,1682899200004,0.00002435,
BTCUSDT,1682928000008,-0.00006370,
BTCUSDT,1682956800014,0.00000566,
BTCUSDT,1682985600015,0.00000968,
BTCUSDT,1683014400018,0.00006135,
BTCUSDT,1683043200000,0.00001204,
BTCUSDT,1683072000009,0.00008568,
BTCUSDT,1683100800003,0.00005435,
BTCUSDT,1683129600011,0.00005701,
BTCUSDT,1683158400000,0.00010000,
BTCUSDT,1683187200000,0.00009992,
BTCUSDT,1683216000011,0.00004314,
BTCUSDT,1683244800002,0.00003731,
BTCUSDT,1683273600000,0.00009909,
BTCUSDT,1683302400000,0.00008548,
BTCUSDT,1683331200009,0.00010000,
BTCUSDT,1683360000000,0.00010000,
BTCUSDT,1683388800000,0.00010000,
BTCUSDT,1683417600000,0.00004321,
BTCUSDT,1683446400000,0.00004047,
BTCUSDT,1683475200006,0.00006046,
BTCUSDT,1683504000000,0.00000720,
BTCUSDT,1683532800007,0.00000407,
BTCUSDT,1683561600015,0.00003902,
BTCUSDT,1683590400015,0.00005110,
BTCUSDT,1683619200000,0.00006841,
BTCUSDT,1683648000000,0.00000378,
BTCUSDT,1683676800007,0.00003752,
BTCUSDT,1683705600003,0.00004785,
BTCUSDT,1683734400000,0.00003792,
BTCUSDT,1683763200011,0.00001596,
BTCUSDT,1683792000000,0.00006926,
BTCUSDT,1683820800005,0.00005207,
BTCUSDT,1683849600020,0.00003633,
BTCUSDT,1683878400001,0.00003964,
BTCUSDT,1683907200010,0.00002762,
BTCUSDT,1683936000000,-0.00000010,
BTCUSDT,1683964800000,0.00005385,
BTCUSDT,1683993600026,0.00004494,
BTCUSDT,1684022400029,0.00001715,
BTCUSDT,1684051200010,0.00003039,
BTCUSDT,1684080000008,0.00003537,
BTCUSDT,1684108800006,0.00004407,
BTCUSDT,1684137600005,-0.00001576,
BTCUSDT,1684166400008,-0.00000190,
BTCUSDT,1684195200021,0.00008660,
BTCUSDT,1684224000000,0.00003165,
BTCUSDT,1684252800000,0.00005800,
BTCUSDT,1684281600010,0.00008392,
BTCUSDT,1684310400000,0.00007029,
BTCUSDT,1684339200001,0.00004461,
BTCUSDT,1684368000000,0.00010000,
BTCUSDT,1684396800026,0.00010000,
BTCUSDT,1684425600019,0.00008342,
BTCUSDT,1684454400000,0.00002716,
BTCUSDT,1684483200002,0.00004474,
BTCUSDT,1684512000000,0.00003815,
BTCUSDT,1684540800005,0.00005313,
BTCUSDT,1684569600014,0.00002455,
BTCUSDT,1684598400020,-0.00000849,
BTCUSDT,1684627200014,0.00004776,
BTCUSDT,1684656000001,0.00007262,
BTCUSDT,1684684800015,0.00005071,
BTCUSDT,1684713600028,0.00003019,
BTCUSDT,1684742400000,0.00000210,
BTCUSDT,1684771200012,0.00004770,
BTCUSDT,1684800000006,0.00010000,
BTCUSDT,1684828800014,0.00010000,
BTCUSDT,1684857600008,0.00010000,
BTCUSDT,1684886400000,0.00010000,
BTCUSDT,1684915200025,0.00002067,
BTCUSDT,1684944000008,0.00004362,
BTCUSDT,1684972800000,0.00005820,
BTCUSDT,1685001600025,0.00010000,
BTCUSDT,1685030400016,0.00010000,
BTCUSDT,1685059200000,0.00010000,
BTCUSDT,1685088000024,0.00009583,
BTCUSDT,1685116800012,0.00004953,
BTCUSDT,1685145600012,0.00007146,
BTCUSDT,1685174400018,0.00008564,
BTCUSDT,1685203200008,0.00007362,
BTCUSDT,1685232000017,0.00009880,
BTCUSDT,1685260800015,0.00010000,
BTCUSDT,1685289600000,0.00010000,
BTCUSDT,1685318400000,0.00010000,
BTCUSDT,1685347200020,0.00010000,
BTCUSDT,1685376000011,0.00010000,
BTCUSDT,1685404800003,0.00006187,
BTCUSDT,1685433600000,0.00009036,
BTCUSDT,1685462400003,0.00003861,
BTCUSDT,1685491200013,0.00002344,
BTCUSDT,1685520000000,0.00002864,
BTCUSDT,1685548800000,0.00009865,
BTCUSDT,1685577600008,0.00002096,
BTCUSDT,1685606400012,0.00009641,
BTCUSDT,1685635200000,0.00010000,
BTCUSDT,1685664000000,0.00004770,
BTCUSDT,1685692800006,0.00009266,
BTCUSDT,1685721600012,0.00009946,
BTCUSDT,1685750400000,0.00007420,
BTCUSDT,1685779200011,0.00010000,
BTCUSDT,1685808000003,0.00005566,
BTCUSDT,1685836800000,0.00004850,
BTCUSDT,1685865600000,0.00010000,
BTCUSDT,1685894400000,0.00010000,
BTCUSDT,1685923200005,0.00010000,
BTCUSDT,1685952000000,0.00009538,
BTCUSDT,1685980800000,0.00007856,
BTCUSDT,1686009600000,-0.00007157,
BTCUSDT,1686038400009,-0.00003047,
BTCUSDT,1686067200013,0.00004288,
BTCUSDT,1686096000000,0.00010000,
BTCUSDT,1686124800016,0.00010000,
BTCUSDT,1686153600000,0.00004005,
BTCUSDT,1686182400006,0.00005504,
BTCUSDT,1686211200000,0.00003090,
BTCUSDT,1686240000000,0.00004011,
BTCUSDT,1686268800000,0.00006588,
BTCUSDT,1686297600000,0.00007916,
BTCUSDT,1686326400000,0.00004404,
BTCUSDT,1686355200000,0.00008702,
BTCUSDT,1686384000000,0.00002417,
BTCUSDT,1686412800000,0.00003854,
BTCUSDT,1686441600001,0.00004450,
BTCUSDT,1686470400000,0.00003197,
BTCUSDT,1686499200000,0.00005925,
BTCUSDT,1686528000000,0.00008660,
BTCUSDT,1686556800000,0.00003065,
BTCUSDT,1686585600001,0.00003624,
BTCUSDT,1686614400000,0.00010000,
BTCUSDT,1686643200000,0.00006180,
BTCUSDT,1686672000000,0.00006503,
BTCUSDT,1686700800000,0.00002438,
BTCUSDT,1686729600000,0.00002716,
BTCUSDT,1686758400000,0.00003661,
BTCUSDT,1686787200000,-0.00003265,
BTCUSDT,1686816000000,0.00006193,
BTCUSDT,1686844800000,0.00006687,
BTCUSDT,1686873600000,0.00003971,
BTCUSDT,1686902400000,0.00000781,
BTCUSDT,1686931200000,0.00000236,
BTCUSDT,1686960000000,0.00009868,
BTCUSDT,1686988800000,0.00010000,
BTCUSDT,1687017600000,0.00007543,
BTCUSDT,1687046400000,0.00003706,
BTCUSDT,1687075200000,0.00008233,
BTCUSDT,1687104000000,0.00006705,
BTCUSDT,1687132800000,0.00007040,
BTCUSDT,1687161600000,0.00006397,
BTCUSDT,1687190400000,0.00003690,
BTCUSDT,1687219200001,0.00004350,
BTCUSDT,1687248000000,-0.00000448,
BTCUSDT,1687276800000,-0.00002597,
BTCUSDT,1687305600000,0.00006295,
BTCUSDT,1687334400000,0.00010000,
BTCUSDT,1687363200000,0.00002551,
BTCUSDT,1687392000000,0.00010000,
BTCUSDT,1687420800001,0.00010000,
BTCUSDT,1687449600000,0.00009236,
BTCUSDT,1687478400000,0.00010000,
BTCUSDT,1687507200000,0.00010000,
BTCUSDT,1687536000000,0.00010000,
BTCUSDT,1687564800000,0.00010000,
BTCUSDT,1687593600000,0.00010000,
BTCUSDT,1687622400000,0.00010000,
BTCUSDT,1687651200000,0.00010000,
BTCUSDT,1687680000000,0.00010000,
BTCUSDT,1687708800000,0.00010000,
BTCUSDT,1687737600000,0.00010000,
BTCUSDT,1687766400000,0.00010000,
BTCUSDT,1687795200000,0.00010000,
BTCUSDT,1687824000000,0.00010000,
BTCUSDT,1687852800000,0.00010000,
BTCUSDT,1687881600000,0.00010000,
BTCUSDT,1687910400000,0.00010000,
BTCUSDT,1687939200000,0.00009302,
BTCUSDT,1687968000000,0.00004598,
BTCUSDT,1687996800000,0.00006574,
BTCUSDT,1688025600000,0.00009300,
BTCUSDT,1688054400000,0.00010000,
BTCUSDT,1688083200000,0.00010000,
BTCUSDT,1688112000000,0.00010000,
BTCUSDT,1688140800001,0.00010000,
BTCUSDT,1688169600000,0.00010000,
BTCUSDT,1688198400000,0.00010000,
BTCUSDT,1688227200000,0.00010000,
BTCUSDT,1688256000000,0.00010000,
BTCUSDT,1688284800000,0.00010000,
BTCUSDT,1688313600001,0.00010000,
BTCUSDT,1688342400000,0.00010000,
BTCUSDT,1688371200000,0.00010000,
BTCUSDT,1688400000000,0.00010000,
BTCUSDT,1688428800001,0.00010000,
BTCUSDT,1688457600000,0.00010000,
BTCUSDT,1688486400000,0.00010000,
BTCUSDT,1688515200000,0.00010000,
BTCUSDT,1688544000000,0.00010000,
BTCUSDT,1688572800000,0.00010000,
BTCUSDT,1688601600000,0.00010000,
BTCUSDT,1688630400000,0.00007720,
BTCUSDT,1688659200000,0.00001492,
BTCUSDT,1688688000000,0.00000698,
BTCUSDT,1688716800000,0.00004221,
BTCUSDT,1688745600000,-0.00000658,
BTCUSDT,1688774400000,0.00003757,
BTCUSDT,1688803200000,0.00002631,
BTCUSDT,1688832000000,0.00001686,
BTCUSDT,1688860800000,0.00005707,
BTCUSDT,1688889600000,0.00006821,
BTCUSDT,1688918400000,0.00006153,
BTCUSDT,1688947200000,-0.00002182,
BTCUSDT,1688976000000,0.00004850,
BTCUSDT,1689004800000,0.00002995,
BTCUSDT,1689033600000,0.00008010,
BTCUSDT,1689062400000,0.00008265,
BTCUSDT,1689091200000,0.00003954,
BTCUSDT,1689120000000,0.00007041,
BTCUSDT,1689148800000,0.00006479,
BTCUSDT,1689177600000,0.00004650,
BTCUSDT,1689206400000,-0.00001135,
BTCUSDT,1689235200000,0.00006120,
BTCUSDT,1689264000000,0.00000529,
BTCUSDT,1689292800000,0.00010000,
BTCUSDT,1689321600000,0.00010000,
BTCUSDT,1689350400000,0.00010000,
BTCUSDT,1689379200000,-0.00007313,
BTCUSDT,1689408000000,0.00003007,
BTCUSDT,1689436800000,0.00002984,
BTCUSDT,1689465600001,0.00001993,
BTCUSDT,1689494400000,0.00007772,
BTCUSDT,1689523200000,0.00004583,
BTCUSDT,1689552000000,0.00002785,
BTCUSDT,1689580800000,0.00006278,
BTCUSDT,1689609600000,0.00006261,
BTCUSDT,1689638400000,0.00003983,
BTCUSDT,1689667200000,0.00006798,
BTCUSDT,1689696000000,0.00007477,
BTCUSDT,1689724800000,0.00010000,
BTCUSDT,1689753600000,0.00005224,
BTCUSDT,1689782400001,0.00007690,
BTCUSDT,1689811200000,0.00002652,
BTCUSDT,1689840000000,0.00009641,
BTCUSDT,1689868800000,0.00005563,
BTCUSDT,1689897600001,0.00002877,
BTCUSDT,1689926400000,0.00000777,
BTCUSDT,1689955200000,0.00003717,
BTCUSDT,1689984000000,0.00002195,
BTCUSDT,1690012800000,0.00000944,
BTCUSDT,1690041600000,0.00000177,
BTCUSDT,1690070400000,0.00002908,
BTCUSDT,1690099200000,0.00010000,
BTCUSDT,1690128000000,0.00009372,
BTCUSDT,1690156800000,0.00010000,
BTCUSDT,1690185600000,0.00004338,
BTCUSDT,1690214400000,0.00010000,
BTCUSDT,1690243200000,0.00007702,
BTCUSDT,1690272000000,0.00006913,
BTCUSDT,1690300800000,0.00009465,
BTCUSDT,1690329600000,0.00009451,
BTCUSDT,1690358400001,0.00010000,
BTCUSDT,1690387200000,0.00005768,
BTCUSDT,1690416000000,0.00003136,
BTCUSDT,1690444800000,0.00003830,
BTCUSDT,1690473600001,0.00002876,
BTCUSDT,1690502400000,0.00004373,
BTCUSDT,1690531200000,0.00006675,
BTCUSDT,1690560000000,0.00010000,
BTCUSDT,1690588800000,0.00010000,
BTCUSDT,1690617600000,0.00004567,
BTCUSDT,1690646400001,0.00007530,
BTCUSDT,1690675200000,0.00008151,
BTCUSDT,1690704000000,0.00005560,
BTCUSDT,1690732800000,0.00004357,
BTCUSDT,1690761600000,0.00002369,
BTCUSDT,1690790400000,0.00007362,
BTCUSDT,1690819200001,0.00008239,
BTCUSDT,1690848000000,0.00006300,
BTCUSDT,1690876800000,0.00006768,
BTCUSDT,1690905600000,0.00010000,
BTCUSDT,1690934400000,0.00010000,
BTCUSDT,1690963200000,0.00010000,
BTCUSDT,1690992000000,0.00010000,
BTCUSDT,1691020800000,0.00010000,
BTCUSDT,1691049600000,0.00010000,
BTCUSDT,1691078400001,0.00010000,
BTCUSDT,1691107200000,0.00008116,
BTCUSDT,1691136000000,0.00010000,
BTCUSDT,1691164800000,0.00010000,
BTCUSDT,1691193600000,0.00004181,
BTCUSDT,1691222400000,0.00010000,
BTCUSDT,1691251200001,0.00010000,
BTCUSDT,1691280000000,0.00010000,
BTCUSDT,1691308800001,0.00010000,
BTCUSDT,1691337600005,0.00010000,
BTCUSDT,1691366400000,0.00010000,
BTCUSDT,1691395200000,0.00007669,
BTCUSDT,1691424000000,0.00010000,
BTCUSDT,1691452800000,0.00010000,
BTCUSDT,1691481600000,0.00009136,
BTCUSDT,1691510400000,0.00005944,
BTCUSDT,1691539200000,0.00008110,
BTCUSDT,1691568000000,0.00009527,
BTCUSDT,1691596800000,0.00008877,
BTCUSDT,1691625600001,0.00010000,
BTCUSDT,1691654400000,0.00010000,
BTCUSDT,1691683200000,0.00008277,
BTCUSDT,1691712000000,0.00010000,
BTCUSDT,1691740800000,0.00010000,
BTCUSDT,1691769600000,0.00007123,
BTCUSDT,1691798400000,0.00010000,
BTCUSDT,1691827200000,0.00010000,
BTCUSDT,1691856000000,0.00009305,
BTCUSDT,1691884800000,0.00010000,
BTCUSDT,1691913600000,0.00004637,
BTCUSDT,1691942400000,0.00010000,
BTCUSDT,1691971200001,0.00010000,
BTCUSDT,1692000000000,0.00010000,
BTCUSDT,1692028800000,0.00010000,
BTCUSDT,1692057600001,0.00010000,
BTCUSDT,1692086400000,0.00010000,
BTCUSDT,1692115200000,0.00010000,
BTCUSDT,1692144000000,0.00010000,
BTCUSDT,1692172800001,0.00010000,
BTCUSDT,1692201600000,0.00010000,
BTCUSDT,1692230400000,0.00010000,
BTCUSDT,1692259200000,0.00010000,
BTCUSDT,1692288000000,0.00010000,
BTCUSDT,1692316800000,0.00010000,
BTCUSDT,1692345600000,-0.00000046,
BTCUSDT,1692374400000,0.00005166,
BTCUSDT,1692403200000,-0.00000274,
BTCUSDT,1692432000000,-0.00000322,
BTCUSDT,1692460800000,-0.00005286,
BTCUSDT,1692489600000,-0.00003069,
BTCUSDT,1692518400000,-0.00004364,
BTCUSDT,1692547200000,-0.00000193,
BTCUSDT,1692576000000,-0.00002797,
BTCUSDT,1692604800000,0.00000816,
BTCUSDT,1692633600000,-0.00001619,
BTCUSDT,1692662400000,-0.00000308,
BTCUSDT,1692691200000,-0.00001928,
BTCUSDT,1692720000000,0.00003048,
BTCUSDT,1692748800000,0.00000739,
BTCUSDT,1692777600000,-0.00001020,
BTCUSDT,1692806400000,0.00003247,
BTCUSDT,1692835200000,-0.00002822,
BTCUSDT,1692864000000,0.00002506,
BTCUSDT,1692892800000,0.00004900,
BTCUSDT,1692921600000,-0.00000659,
BTCUSDT,1692950400000,0.00002802,
BTCUSDT,1692979200000,0.00005218,
BTCUSDT,1693008000000,0.00003820,
BTCUSDT,1693036800000,0.00005334,
BTCUSDT,1693065600000,0.00002096,
BTCUSDT,1693094400000,0.00000099,
BTCUSDT,1693123200000,0.00003976,
BTCUSDT,1693152000000,0.00001232,
BTCUSDT,1693180800000,-0.00000395,
BTCUSDT,1693209600001,0.00004424,
BTCUSDT,1693238400001,0.00004524,
BTCUSDT,1693267200000,0.00000824,
BTCUSDT,1693296000000,0.00003769,
BTCUSDT,1693324800000,-0.00010934,
BTCUSDT,1693353600000,0.00004868,
BTCUSDT,1693382400000,0.00005731,
BTCUSDT,1693411200000,0.00003944,
BTCUSDT,1693440000000,0.00002909,
BTCUSDT,1693468800000,0.00006859,
BTCUSDT,1693497600000,0.00008105,
BTCUSDT,1693526400000,0.00002583,
BTCUSDT,1693555200000,0.00005968,
BTCUSDT,1693584000001,0.00006254,
BTCUSDT,1693612800000,0.00004998,
BTCUSDT,1693641600000,0.00001937,
BTCUSDT,1693670400000,-0.00002018,
BTCUSDT,1693699200000,0.00004839,
BTCUSDT,1693728000000,0.00000235,
BTCUSDT,1693756800000,0.00002890,
BTCUSDT,1693785600000,0.00002690,
BTCUSDT,1693814400000,0.00001469,
BTCUSDT,1693843200000,-0.00001059,
BTCUSDT,1693872000000,0.00000053,
BTCUSDT,1693900800000,0.00001975,
BTCUSDT,1693929600000,0.00003366,
BTCUSDT,1693958400000,0.00001737,
BTCUSDT,1693987200000,-0.00002763,
BTCUSDT,1694016000001,0.00002135,
BTCUSDT,1694044800000,0.00003830,
BTCUSDT,1694073600000,0.00003883,
BTCUSDT,1694102400000,0.00006924,
BTCUSDT,1694131200000,-0.00001525,
BTCUSDT,1694160000000,0.00000512,
BTCUSDT,1694188800000,-0.00001691,
BTCUSDT,1694217600000,-0.00005057,
BTCUSDT,1694246400000,-0.00000377,
BTCUSDT,1694275200000,0.00001423,
BTCUSDT,1694304000000,-0.00000073,
BTCUSDT,1694332800000,0.00003294,
BTCUSDT,1694361600000,0.00002609,
BTCUSDT,1694390400000,-0.00000300,
BTCUSDT,1694419200000,0.00001823,
BTCUSDT,1694448000001,0.00001838,
BTCUSDT,1694476800000,0.00002730,
BTCUSDT,1694505600000,0.00005425,
BTCUSDT,1694534400000,-0.00003502,
BTCUSDT,1694563200000,0.00002342,
BTCUSDT,1694592000000,0.00001260,
BTCUSDT,1694620800000,0.00003099,
BTCUSDT,1694649600000,0.00000461,
BTCUSDT,1694678400001,0.00003428,
BTCUSDT,1694707200000,-0.00004748,
BTCUSDT,1694736000000,-0.00002641,
BTCUSDT,1694764800000,-0.00000761,
BTCUSDT,1694793600000,0.00007561,
BTCUSDT,1694822400000,-0.00001381,
BTCUSDT,1694851200000,-0.00004320,
BTCUSDT,1694880000000,-0.00003161,
BTCUSDT,1694908800000,0.00000897,
BTCUSDT,1694937600000,0.00001142,
BTCUSDT,1694966400000,0.00000649,
BTCUSDT,1694995200000,-0.00000508,
BTCUSDT,1695024000000,0.00000579,
BTCUSDT,1695052800000,-0.00006774,
BTCUSDT,1695081600000,0.00002468,
BTCUSDT,1695110400001,-0.00001972,
BTCUSDT,1695139200000,-0.00001756,
BTCUSDT,1695168000000,-0.00002614,
BTCUSDT,1695196800000,-0.00003777,
BTCUSDT,1695225600000,-0.00000991,
BTCUSDT,1695254400001,-0.00000029,
BTCUSDT,1695283200000,0.00004303,
BTCUSDT,1695312000000,0.00007429,
BTCUSDT,1695340800000,-0.00000062,
BTCUSDT,1695369600000,0.00001034,
BTCUSDT,1695398400000,0.00002136,
BTCUSDT,1695427200000,0.00006676,
BTCUSDT,1695456000000,0.00001556,
BTCUSDT,1695484800000,0.00000209,
BTCUSDT,1695513600000,-0.00001392,
BTCUSDT,1695542400000,0.00004721,
BTCUSDT,1695571200000,0.00002887,
BTCUSDT,1695600000000,-0.00001260,
BTCUSDT,1695628800000,0.00008565,
BTCUSDT,1695657600000,0.00004792,
BTCUSDT,1695686400000,-0.00003910,
BTCUSDT,1695715200000,-0.00001215,
BTCUSDT,1695744000000,0.00005626,
BTCUSDT,1695772800000,0.00009944,
BTCUSDT,1695801600001,0.00003378,
BTCUSDT,1695830400000,0.00002074,
BTCUSDT,1695859200000,0.00000674,
BTCUSDT,1695888000000,-0.00001581,
BTCUSDT,1695916800000,-0.00004732,
BTCUSDT,1695945600000,-0.00003894,
BTCUSDT,1695974400000,-0.00002567,
BTCUSDT,1696003200000,0.00000476,
BTCUSDT,1696032000000,0.00000643,
BTCUSDT,1696060800000,0.00001864,
BTCUSDT,1696089600000,0.00001525,
BTCUSDT,1696118400000,0.00000295,
BTCUSDT,1696147200000,-0.00000619,
BTCUSDT,1696176000000,-0.00002263,
BTCUSDT,1696204800000,0.00005831,
BTCUSDT,1696233600000,0.00000728,
BTCUSDT,1696262400000,-0.00001477,
BTCUSDT,1696291200000,0.00004172,
BTCUSDT,1696320000000,0.00001667,
BTCUSDT,1696348800000,0.00002500,
BTCUSDT,1696377600000,0.00006031,
BTCUSDT,1696406400000,0.00006200,
BTCUSDT,1696435200000,-0.00002857,
BTCUSDT,1696464000000,-0.00003807,
BTCUSDT,1696492800000,-0.00004268,
BTCUSDT,1696521600001,-0.00002302,
BTCUSDT,1696550400000,-0.00001106,
BTCUSDT,1696579200000,0.00001436,
BTCUSDT,1696608000000,-0.00003149,
BTCUSDT,1696636800000,0.00002124,
BTCUSDT,1696665600000,0.00002849,
BTCUSDT,1696694400000,0.00002083,
BTCUSDT,1696723200000,0.00000314,
BTCUSDT,1696752000001,0.00000974,
BTCUSDT,1696780800000,0.00005163,
BTCUSDT,1696809600000,0.00003992,
BTCUSDT,1696838400000,0.00003515,
BTCUSDT,1696867200000,0.00007838,
BTCUSDT,1696896000000,0.00006349,
BTCUSDT,1696924800000,0.00001894,
BTCUSDT,1696953600000,0.00004548,
BTCUSDT,1696982400000,0.00005918,
BTCUSDT,1697011200000,0.00008330,
BTCUSDT,1697040000000,0.00006319,
BTCUSDT,1697068800000,0.00010000,
BTCUSDT,1697097600000,0.00002661,
BTCUSDT,1697126400000,0.00007304,
BTCUSDT,1697155200000,0.00002294,
BTCUSDT,1697184000000,0.00002039,
BTCUSDT,1697212800000,0.00002326,
BTCUSDT,1697241600000,0.00000105,
BTCUSDT,1697270400000,0.00002211,
BTCUSDT,1697299200000,0.00002456,
BTCUSDT,1697328000000,-0.00001509,
BTCUSDT,1697356800000,0.00004292,
BTCUSDT,1697385600000,0.00002224,
BTCUSDT,1697414400000,0.00000511,
BTCUSDT,1697443200000,0.00000028,
BTCUSDT,1697472000000,0.00009644,
BTCUSDT,1697500800000,0.00000204,
BTCUSDT,1697529600000,0.00001493,
BTCUSDT,1697558400000,-0.00002311,
BTCUSDT,1697587200000,-0.00003343,
BTCUSDT,1697616000000,-0.00001216,
BTCUSDT,1697644800000,0.00001644,
BTCUSDT,1697673600000,-0.00001028,
BTCUSDT,1697702400001,-0.00000624,
BTCUSDT,1697731200000,-0.00011006,
BTCUSDT,1697760000000,-0.00009272,
BTCUSDT,1697788800005,0.00001938,
BTCUSDT,1697817600000,0.00002687,
BTCUSDT,1697846400000,-0.00001585,
BTCUSDT,1697875200000,0.00004374,
BTCUSDT,1697904000000,0.00005827,
BTCUSDT,1697932800000,0.00002567,
BTCUSDT,1697961600000,0.00002579,
BTCUSDT,1697990400000,0.00003115,
BTCUSDT,1698019200000,0.00008250,
BTCUSDT,1698048000001,0.00009590,
BTCUSDT,1698076800001,0.00000648,
BTCUSDT,1698105600000,0.00010000,
BTCUSDT,1698134400000,0.00010000,
BTCUSDT,1698163200000,0.00010000,
BTCUSDT,1698192000000,0.00010000,
BTCUSDT,1698220800000,0.00010000,
BTCUSDT,1698249600001,0.00010000,
BTCUSDT,1698278400001,0.00010000,
BTCUSDT,1698307200000,0.00010000,
BTCUSDT,1698336000000,0.00010000,
BTCUSDT,1698364800000,0.00010000,
BTCUSDT,1698393600000,0.00010000,
BTCUSDT,1698422400000,0.00010000,
BTCUSDT,1698451200000,0.00010000,
BTCUSDT,1698480000001,0.00010000,
BTCUSDT,1698508800000,0.00010000,
BTCUSDT,1698537600000,0.00010000,
BTCUSDT,1698566400000,0.00010000,
BTCUSDT,1698595200000,0.00010000,
BTCUSDT,1698624000000,0.00010000,
BTCUSDT,1698652800000,0.00010000,
BTCUSDT,1698681600000,0.00010000,
BTCUSDT,1698710400001,0.00010000,
BTCUSDT,1698739200000,0.00010000,34149.46365245
BTCUSDT,1698768000000,0.00010000,34287.54619963
BTCUSDT,1698796800000,0.00010000,34651.40000000
BTCUSDT,1698825600000,0.00010000,34462.70000000
BTCUSDT,1698854400000,0.00010000,34297.00000000
BTCUSDT,1698883200001,0.00010000,35437.50000000
BTCUSDT,1698912000000,0.00010000,35280.70000000
BTCUSDT,1698940800000,0.00010000,34642.61247985
BTCUSDT,1698969600000,0.00010000,34937.66351648
BTCUSDT,1698998400000,0.00010000,34469.05403297
BTCUSDT,1699027200000,0.00010000,34760.80585567
BTCUSDT,1699056000000,0.00010000,34702.10537801
BTCUSDT,1699084800000,0.00010000,34759.10000000
BTCUSDT,1699113600000,0.00010000,34709.63381443
BTCUSDT,1699142400000,0.00010000,35070.25307143
BTCUSDT,1699171200000,0.00010000,35175.40000000
BTCUSDT,1699200000000,0.00010000,34893.90000000
BTCUSDT,1699228800000,0.00010000,35025.50000000
BTCUSDT,1699257600001,0.00010000,34918.50000000
BTCUSDT,1699286400000,0.00010000,35085.27989377
BTCUSDT,1699315200001,0.00010000,35056.66628082
BTCUSDT,1699344000000,0.00010000,34947.30000000
BTCUSDT,1699372800000,0.00010000,34726.93986667
BTCUSDT,1699401600000,0.00010000,35407.40000000
BTCUSDT,1699430400000,0.00010000,35239.50000000
BTCUSDT,1699459200000,0.00010000,35231.30000000
BTCUSDT,1699488000000,0.00010000,35630.54451373
BTCUSDT,1699516800000,0.00010000,36552.00000000
BTCUSDT,1699545600000,0.00020027,37133.04096275
BTCUSDT,1699574400000,0.00010000,36713.69408039
BTCUSDT,1699603200000,0.00011682,36477.27099789
BTCUSDT,1699632000000,0.00010000,37092.50000000
BTCUSDT,1699660800000,0.00010000,37326.19194118
BTCUSDT,1699689600000,0.00016607,37030.40000000
BTCUSDT,1699718400000,0.00014648,37070.40000000
BTCUSDT,1699747200000,0.00015430,37162.00000000
BTCUSDT,1699776000000,0.00023487,37154.10000000
BTCUSDT,1699804800001,0.00027221,37178.20000000
BTCUSDT,1699833600000,0.00032467,37086.11364510
BTCUSDT,1699862400000,0.00010893,36982.50000000
BTCUSDT,1699891200000,0.00020492,36869.75723137
BTCUSDT,1699920000000,0.00017382,36484.23073840
BTCUSDT,1699948800000,0.00016369,36705.50000000
BTCUSDT,1699977600001,0.00014477,36162.79747255
BTCUSDT,1700006400000,0.00010000,35560.60000000
BTCUSDT,1700035200000,0.00010000,35596.70000000
BTCUSDT,1700064000000,0.00010000,36415.64025773
BTCUSDT,1700092800000,0.00010000,37885.71403952
BTCUSDT,1700121600000,0.00015199,37460.60000000
BTCUSDT,1700150400001,0.00012014,36420.00000000
BTCUSDT,1700179200000,0.00010000,36172.50061684
BTCUSDT,1700208000001,0.00010000,36248.93589863
BTCUSDT,1700236800001,0.00010000,36059.00000000
BTCUSDT,1700265600000,0.00010000,36622.00000000
BTCUSDT,1700294400000,0.00010000,36424.88688316
BTCUSDT,1700323200000,0.00010000,36671.96767869
BTCUSDT,1700352000000,0.00010000,36575.50541573
BTCUSDT,1700380800000,0.00010000,36618.89655326
BTCUSDT,1700409600000,0.00010000,36575.10000000
BTCUSDT,1700438400000,0.00010000,37375.80000000
BTCUSDT,1700467200000,0.00010000,37259.90000000
BTCUSDT,1700496000000,0.00010000,37476.60000000
BTCUSDT,1700524800000,0.00010000,37465.47965292
BTCUSDT,1700553600000,0.00010000,37290.96343471
BTCUSDT,1700582400000,0.00010000,36978.81670103
BTCUSDT,1700611200000,0.00010000,35745.39198625
BTCUSDT,1700640000000,0.00010000,36435.97590206
BTCUSDT,1700668800000,0.00010000,36480.85577320
BTCUSDT,1700697600000,0.00010000,37411.23448797
BTCUSDT,1700726400000,0.00010000,37378.50000000
BTCUSDT,1700755200001,0.00010000,36954.00000000
BTCUSDT,1700784000000,0.00010000,37294.40000000
BTCUSDT,1700812800000,0.00010000,37530.00000000
BTCUSDT,1700841600000,0.00010000,38221.90000000
BTCUSDT,1700870400000,0.00010000,37706.30000000
BTCUSDT,1700899200000,0.00010000,37795.15536082
BTCUSDT,1700928000000,0.00010000,37696.51395533
BTCUSDT,1700956800000,0.00010000,37766.63934748
BTCUSDT,1700985600000,0.00010000,37774.46133566
BTCUSDT,1701014400000,0.00010000,37422.79969759
BTCUSDT,1701043200000,0.00010000,37438.00000000
BTCUSDT,1701072000001,0.00010000,37277.03877148
BTCUSDT,1701100800000,0.00010000,36744.68396735
BTCUSDT,1701129600000,0.00010000,37234.30000000
BTCUSDT,1701158400000,0.00010000,37088.60000000
BTCUSDT,1701187200000,0.00010000,37502.20000000
BTCUSDT,1701216000001,0.00010000,37812.00000000
BTCUSDT,1701244800000,0.00010000,38095.42608247
BTCUSDT,1701273600000,0.00010000,37817.50000000
BTCUSDT,1701302400000,0.00010000,37841.92721631
BTCUSDT,1701331200000,0.00010000,37782.30000355
BTCUSDT,1701360000000,0.00010000,37609.20000000
BTCUSDT,1701388800000,0.00010000,37716.80000000
BTCUSDT,1701417600000,0.00010000,38242.08488652
BTCUSDT,1701446400000,0.00010000,38401.40000000
BTCUSDT,1701475200000,0.00009950,38661.09287589
BTCUSDT,1701504000000,0.00006973,38684.00000000
BTCUSDT,1701532800000,0.00008541,38794.48514894
BTCUSDT,1701561600000,0.00010000,39438.73455824
BTCUSDT,1701590400000,0.00010000,39474.00000000
BTCUSDT,1701619200000,0.00010000,39758.35522727
BTCUSDT,1701648000000,0.00010000,39978.96550379
BTCUSDT,1701676800000,0.00010000,41466.20294697
BTCUSDT,1701705600000,0.00010000,41275.50000000
BTCUSDT,1701734400000,0.00010000,41993.00000000
BTCUSDT,1701763200000,0.00010000,41531.22250355
BTCUSDT,1701792000000,0.00010000,42265.96340426
BTCUSDT,1701820800000,0.00010000,44078.62530142
BTCUSDT,1701849600000,0.00010000,43697.00000000
BTCUSDT,1701878400000,0.00010000,43795.30000000
BTCUSDT,1701907200000,0.00010000,43772.20000000
BTCUSDT,1701936000000,0.00010000,43896.71856988
BTCUSDT,1701964800000,0.00010000,43671.48801418
BTCUSDT,1701993600000,0.00010000,43296.00000000
BTCUSDT,1702022400000,0.00023288,43184.90000000
BTCUSDT,1702051200000,0.00020242,43778.50000000
BTCUSDT,1702080000000,0.00011504,44209.60000000
BTCUSDT,1702108800000,0.00030159,44220.60000000
BTCUSDT,1702137600000,0.00017192,44085.17238370
BTCUSDT,1702166400000,0.00020724,43734.30000000
BTCUSDT,1702195200000,0.00020383,43995.90000000
BTCUSDT,1702224000000,0.00023923,43940.82247727
BTCUSDT,1702252800000,0.00014730,43810.00000000
BTCUSDT,1702281600000,0.00010000,42134.13747163
BTCUSDT,1702310400000,0.00010000,41824.60000000
BTCUSDT,1702339200000,0.00010000,41271.00000000
BTCUSDT,1702368000000,0.00010000,41930.00000000
BTCUSDT,1702396800000,0.00010000,41373.74558712
BTCUSDT,1702425600000,0.00011909,41505.95203546
BTCUSDT,1702454400000,0.00010162,41141.22059929
BTCUSDT,1702483200001,0.00012601,41953.70580496
BTCUSDT,1702512000000,0.00010000,42874.90000000
BTCUSDT,1702540800000,0.00010000,42909.64841135
BTCUSDT,1702569600000,0.00010000,42458.70000000
BTCUSDT,1702598400000,0.00010000,43030.02054255
BTCUSDT,1702627200000,0.00010000,42721.73764894
BTCUSDT,1702656000000,0.00010000,41930.40000000
BTCUSDT,1702684800000,0.00010000,41963.01760993
BTCUSDT,1702713600000,0.00010000,42242.59387667
BTCUSDT,1702742400001,0.00010000,42608.84540426
BTCUSDT,1702771200000,0.00010000,42287.40000000
BTCUSDT,1702800000000,0.00010000,41894.50000000
BTCUSDT,1702828800000,0.00010000,41828.40000000
BTCUSDT,1702857600000,0.00013355,41390.59169858
BTCUSDT,1702886400001,0.00010000,41153.28794086
BTCUSDT,1702915200000,0.00015611,41284.67062411
BTCUSDT,1702944000000,0.00010000,42672.42150355
BTCUSDT,1702972800000,0.00010000,43060.98013830
BTCUSDT,1703001600000,0.00010000,42512.90000000
BTCUSDT,1703030400000,0.00010506,42296.25497656
BTCUSDT,1703059200000,0.00010000,42950.00000000
BTCUSDT,1703088000000,0.00023637,44072.24884043
BTCUSDT,1703116800000,0.00027143,43698.37531584
BTCUSDT,1703145600000,0.00029216,43794.80000000
BTCUSDT,1703174400000,0.00028948,43850.89671986
BTCUSDT,1703203200000,0.00030806,43896.30000000
BTCUSDT,1703232000000,0.00029610,43614.10000000
BTCUSDT,1703260800000,0.00018011,43697.08803191
BTCUSDT,1703289600000,0.00016285,43998.57061702
BTCUSDT,1703318400001,0.00010000,43579.46053070
BTCUSDT,1703347200000,0.00015066,43779.60935461
BTCUSDT,1703376000000,0.00010000,43725.20000000
BTCUSDT,1703404800000,0.00020790,43678.01027288
BTCUSDT,1703433600000,0.00019729,43707.00000000
BTCUSDT,1703462400000,0.00010000,43008.30000000
BTCUSDT,1703491200000,0.00010000,43232.18695035
BTCUSDT,1703520000000,0.00037908,43658.66589362
BTCUSDT,1703548800000,0.00043391,43607.90541195
BTCUSDT,1703577600000,0.00023757,42798.63478030
BTCUSDT,1703606400000,0.00029559,42420.47853901
BTCUSDT,1703635200000,0.00027621,42538.50000000
BTCUSDT,1703664000000,0.00037942,42495.90000000
BTCUSDT,1703692800000,0.00032304,43007.90000000
BTCUSDT,1703721600000,0.00013021,43453.33700000
BTCUSDT,1703750400000,0.00037879,43085.57530142
BTCUSDT,1703779200000,0.00050152,42485.17897872
BTCUSDT,1703808000001,0.00055170,42600.00000000
BTCUSDT,1703836800000,0.00049912,42309.51908156
BTCUSDT,1703865600000,0.00047082,42298.78047872
BTCUSDT,1703894400001,0.00033033,42095.10000000
BTCUSDT,1703923200000,0.00043580,41979.90116312
BTCUSDT,1703952000000,0.00037842,42410.40000000
BTCUSDT,1703980800000,0.00027855,42173.49474823
BTCUSDT,1704009600001,0.00034573,42564.00000000
BTCUSDT,1704038400000,0.00033597,42489.70000000
BTCUSDT,1704067200000,0.00037409,42313.90000000
BTCUSDT,1704096000000,0.00027213,42525.11019858
BTCUSDT,1704124800000,0.00033601,42811.29637234
BTCUSDT,1704153600000,0.00065846,44230.20000000
BTCUSDT,1704182400000,0.00035179,45494.65069858
BTCUSDT,1704211200000,0.00053730,45212.27632624
BTCUSDT,1704240000000,0.00021159,44975.18398936
BTCUSDT,1704268800000,0.00017123,45030.40000000
BTCUSDT,1704297600000,0.00010000,42995.80000000
BTCUSDT,1704326400000,0.00010000,42849.50000000
BTCUSDT,1704355200000,0.00010000,42774.30000000
BTCUSDT,1704384000000,0.00010000,44048.47574468
BTCUSDT,1704412800001,0.00010000,44147.00000000
BTCUSDT,1704441600000,0.00010000,43772.86349645
BTCUSDT,1704470400000,0.00010000,43495.10000000
BTCUSDT,1704499200000,0.00010000,44143.29000000
BTCUSDT,1704528000000,0.00010000,43651.65376950
BTCUSDT,1704556800000,0.00010000,43863.60000000
BTCUSDT,1704585600000,0.00010000,43968.00030496
BTCUSDT,1704614400001,0.00010000,44071.99074823
BTCUSDT,1704643200001,0.00010000,44037.12014539
BTCUSDT,1704672000000,0.00010000,43909.50000000
BTCUSDT,1704700800000,0.00010000,43970.00000000
BTCUSDT,1704729600000,0.00010000,44964.26529433
BTCUSDT,1704758400001,0.00010000,46972.60000000
BTCUSDT,1704787200000,0.00010000,46838.74650709
BTCUSDT,1704816000000,0.00010000,46872.40000000
BTCUSDT,1704844800000,0.00010000,46114.00000000
BTCUSDT,1704873600000,0.00010000,45766.40000000
BTCUSDT,1704902400000,0.00010000,45570.58561702
BTCUSDT,1704931200000,0.00010000,46657.58933688
BTCUSDT,1704960000000,0.00010000,46096.00527305
BTCUSDT,1704988800000,0.00010000,46789.70540426
BTCUSDT,1705017600001,0.00010000,46341.69723404
BTCUSDT,1705046400000,0.00010000,46008.31871986
BTCUSDT,1705075200000,0.00010000,44492.64061702
BTCUSDT,1705104000000,0.00010000,42789.00000000
BTCUSDT,1705132800000,0.00010000,43102.10000000
BTCUSDT,1705161600001,0.00010000,43159.76276596
BTCUSDT,1705190400000,0.00010000,42847.30638298
BTCUSDT,1705219200000,0.00010000,43011.58925532
BTCUSDT,1705248000001,0.00010000,42908.40000000
BTCUSDT,1705276800000,0.00010000,41739.60000000
BTCUSDT,1705305600000,0.00010000,42716.86510638
BTCUSDT,1705334400000,0.00010000,42278.82404255
BTCUSDT,1705363200000,0.00010000,42519.39276596
BTCUSDT,1705392000000,0.00010000,42785.20319149
BTCUSDT,1705420800001,0.00010000,43252.80000000
BTCUSDT,1705449600000,0.00010000,43140.21576950
BTCUSDT,1705478400000,0.00010000,42657.36403546
BTCUSDT,1705507200000,0.00010000,42480.14668590
BTCUSDT,1705536000001,0.00010000,42781.95793262
BTCUSDT,1705564800000,0.00010000,42915.94085106
BTCUSDT,1705593600000,0.00010000,42618.30000000
BTCUSDT,1705622400000,0.00010000,41312.34723404
BTCUSDT,1705651200000,0.00010000,41282.00000000
BTCUSDT,1705680000002,0.00010000,40897.10000000
BTCUSDT,1705708800000,0.00010000,41662.10000000
BTCUSDT,1705737600003,0.00010000,41650.68431818
BTCUSDT,1705766400000,0.00010000,41568.28595745
BTCUSDT,1705795200000,0.00010000,41693.91453546
BTCUSDT,1705824000000,0.00010000,41648.18463415
BTCUSDT,1705852800000,0.00010000,41652.70000000
BTCUSDT,1705881600000,0.00010000,41578.57680851
BTCUSDT,1705910400000,0.00010000,41041.20808511
BTCUSDT,1705939200000,0.00010000,40767.10361702
BTCUSDT,1705968000000,0.00010000,39566.15381552
BTCUSDT,1705996800000,0.00010000,39777.14965957
BTCUSDT,1706025600000,0.00010000,39204.77723404
BTCUSDT,1706054400000,0.00010000,39891.92865530
BTCUSDT,1706083200000,0.00010000,39973.35340426
BTCUSDT,1706112000000,0.00010000,40048.44006491
BTCUSDT,1706140800000,0.00010000,40078.80000000
BTCUSDT,1706169600001,0.00010000,40122.98766288
BTCUSDT,1706198400000,0.00010000,39799.30407092
BTCUSDT,1706227200001,0.00010000,39953.30000000
BTCUSDT,1706256000000,0.00010000,39957.97820833
BTCUSDT,1706284800000,0.00010000,41408.24000758
BTCUSDT,1706313600000,0.00008966,41806.40000000
BTCUSDT,1706342400000,0.00010000,41699.00000000
BTCUSDT,1706371200000,0.00008300,41797.40000000
BTCUSDT,1706400000000,0.00010000,42102.20000000
BTCUSDT,1706428800000,0.00004725,42370.00000000
BTCUSDT,1706457600000,0.00010000,42244.50000000
BTCUSDT,1706486400000,0.00010000,42021.30000000
BTCUSDT,1706515200001,0.00009142,42040.00000000
BTCUSDT,1706544000000,0.00010000,42626.51582979
BTCUSDT,1706572800000,0.00010000,43287.70000000
BTCUSDT,1706601600000,0.00009492,43346.60000000
BTCUSDT,1706630400001,0.00005149,43355.40000000
BTCUSDT,1706659200000,0.00002154,42925.49865957
BTCUSDT,1706688000000,0.00010000,43040.12039716
BTCUSDT,1706716800000,0.00010000,43348.20000000
BTCUSDT,1706745600000,0.00010000,42563.08635461
BTCUSDT,1706774400000,0.00010000,42182.20000000
BTCUSDT,1706803200002,0.00010000,42500.13148936
BTCUSDT,1706832000000,0.00010000,43072.60000000
BTCUSDT,1706860800000,0.00010000,43085.75394326
BTCUSDT,1706889600000,0.00010000,43224.06110638
BTCUSDT,1706918400000,0.00007627,43182.00000000
BTCUSDT,1706947200000,0.00009042,43037.00000000
BTCUSDT,1706976000001,0.00008028,43098.79023050
BTCUSDT,1707004800000,0.00008307,42993.33852128
BTCUSDT,1707033600004,0.00008846,42824.48293972
BTCUSDT,1707062400000,0.00010000,42926.70000000
BTCUSDT,1707091200000,0.00010000,42570.40000000
BTCUSDT,1707120000000,0.00010000,43059.00000000
BTCUSDT,1707148800000,0.00010000,42629.60000000
BTCUSDT,1707177600000,0.00010000,42693.59276950
BTCUSDT,1707206400001,0.00006723,42875.22371986
BTCUSDT,1707235200000,0.00010000,43232.25541135
BTCUSDT,1707264000000,0.00007527,43079.10000000
BTCUSDT,1707292800000,0.00005373,42904.80000000
BTCUSDT,1707321600000,0.00008306,43052.50000000
BTCUSDT,1707350400000,0.00010000,44326.22497872
BTCUSDT,1707379200000,0.00006535,44499.74975887
BTCUSDT,1707408000000,0.00002590,45411.12230496
BTCUSDT,1707436800000,0.00003160,45269.20000000
BTCUSDT,1707465600000,0.00010000,46189.13810284
BTCUSDT,1707494400001,0.00009801,47136.90000000
BTCUSDT,1707523200001,0.00008041,47116.64691288
BTCUSDT,1707552000000,0.00010000,47132.38896970
BTCUSDT,1707580800000,0.00010000,47334.57771120
BTCUSDT,1707609600000,0.00010000,47734.61973485
BTCUSDT,1707638400001,0.00010000,48169.53924621
BTCUSDT,1707667200000,0.00010000,48145.85068561
BTCUSDT,1707696000000,0.00010000,48298.07332955
BTCUSDT,1707724800000,0.00010000,48206.78867803
BTCUSDT,1707753600000,0.00010000,49919.40000000
BTCUSDT,1707782400000,0.00010000,49935.64595076
BTCUSDT,1707811200000,0.00010000,50016.04285106
BTCUSDT,1707840000000,0.00010000,48753.20000000
BTCUSDT,1707868800000,0.00010000,49697.29248227
BTCUSDT,1707897600000,0.00010000,49841.90018794
BTCUSDT,1707926400000,0.00012283,51610.33415603
BTCUSDT,1707955200000,0.00010000,51816.90327305
BTCUSDT,1707984000000,0.00010000,51802.40000000
BTCUSDT,1708012800000,0.00010000,51961.58883688
BTCUSDT,1708041600000,0.00010000,51899.10000000
BTCUSDT,1708070400000,0.00010000,51779.57268794
BTCUSDT,1708099200000,0.00010000,51909.30000000
BTCUSDT,1708128000000,0.00010000,52145.88278014
BTCUSDT,1708156800000,0.00010000,51934.00000000
BTCUSDT,1708185600000,0.00016041,51013.40000000
BTCUSDT,1708214400000,0.00017240,51675.01974242
BTCUSDT,1708243200000,0.00015305,51697.70652273
BTCUSDT,1708272000000,0.00017095,51809.00000000
BTCUSDT,1708300800000,0.00023064,52163.39962677
BTCUSDT,1708329600000,0.00019594,52423.90000000
BTCUSDT,1708358400000,0.00013327,52158.90000000
BTCUSDT,1708387200000,0.00010461,51813.08142803
BTCUSDT,1708416000000,0.00010912,51868.89496454
BTCUSDT,1708444800000,0.00020259,51703.73815248
BTCUSDT,1708473600000,0.00010000,52297.40000000
BTCUSDT,1708502400000,0.00011242,51595.13521986
BTCUSDT,1708531200000,0.00010000,51183.70000000
BTCUSDT,1708560000001,0.00010000,51877.90000000
BTCUSDT,1708588800001,0.00013480,51856.75509429
BTCUSDT,1708617600000,0.00012557,51630.00000000
BTCUSDT,1708646400000,0.00010000,51315.77902837
BTCUSDT,1708675200000,0.00010000,50947.90000721
BTCUSDT,1708704000000,0.00012991,50934.48172469
BTCUSDT,1708732800000,0.00010000,50759.00207801
BTCUSDT,1708761600001,0.00010000,51094.97830142
BTCUSDT,1708790400000,0.00010000,51124.60000000
BTCUSDT,1708819200001,0.00011438,51601.57573485
BTCUSDT,1708848000000,0.00015012,51747.27246212
BTCUSDT,1708876800000,0.00015062,51547.90000000
BTCUSDT,1708905600000,0.00026761,51758.94718182
BTCUSDT,1708934400000,0.00021567,51326.60957197
BTCUSDT,1708963200000,0.00027227,52868.43844318
BTCUSDT,1708992000000,0.00032262,54511.60000000
BTCUSDT,1709020800000,0.00073521,56100.10000000
BTCUSDT,1709049600000,0.00022965,56772.28422340
BTCUSDT,1709078400000,0.00026729,57074.35007447
BTCUSDT,1709107200000,0.00023682,58285.92319504
BTCUSDT,1709136000000,0.00053538,60999.30823050
BTCUSDT,1709164800000,0.00069091,62477.48158640
BTCUSDT,1709193600000,0.00076337,62755.48857737
BTCUSDT,1709222400000,0.00057031,62809.10000000
BTCUSDT,1709251200000,0.00053322,61203.40000000
BTCUSDT,1709280000000,0.00064824,61474.21160638
BTCUSDT,1709308800000,0.00046010,61335.40000000
BTCUSDT,1709337600000,0.00033426,62426.84994681
BTCUSDT,1709366400001,0.00057174,62071.90000000
BTCUSDT,1709395200000,0.00056396,61834.60000000
BTCUSDT,1709424000000,0.00046267,62039.90000000
BTCUSDT,1709452800000,0.00042989,61641.10000000
BTCUSDT,1709481600000,0.00044598,62210.70000000
BTCUSDT,1709510400000,0.00055071,63178.60000000
BTCUSDT,1709539200000,0.00046833,64120.50000000
BTCUSDT,1709568000000,0.00063620,66504.19310494
BTCUSDT,1709596800000,0.00048960,68296.40000000
BTCUSDT,1709625600000,0.00082969,66223.70000000
BTCUSDT,1709654400000,0.00088148,66840.70000000
BTCUSDT,1709683200000,0.00036280,63737.46570213
BTCUSDT,1709712000001,0.00033876,66733.45835461
BTCUSDT,1709740800000,0.00049354,66534.41841489
BTCUSDT,1709769600000,0.00030311,66118.62122727
BTCUSDT,1709798400000,0.00040984,66447.80000000
BTCUSDT,1709827200000,0.00054217,67317.10000000
BTCUSDT,1709856000000,0.00034819,66869.90000000
BTCUSDT,1709884800000,0.00043497,67302.03139394
BTCUSDT,1709913600000,0.00062913,67699.70000000
BTCUSDT,1709942400000,0.00019134,68174.99267730
BTCUSDT,1709971200001,0.00031281,68336.40000000
BTCUSDT,1710000000000,0.00026407,68340.09113121
BTCUSDT,1710028800000,0.00031010,68360.10000000
BTCUSDT,1710057600000,0.00063451,69424.70837234
BTCUSDT,1710086400000,0.00054479,69254.70000000
BTCUSDT,1710115200000,0.00035489,69000.00000000
BTCUSDT,1710144000000,0.00078428,71203.54634442
BTCUSDT,1710172800000,0.00066396,72056.40000000
BTCUSDT,1710201600000,0.00044470,72153.90000000
BTCUSDT,1710230400000,0.00045300,72175.50000000
BTCUSDT,1710259200000,0.00047935,71771.34852113
BTCUSDT,1710288000000,0.00033224,71506.80000000
BTCUSDT,1710316800001,0.00064420,72962.13824516
BTCUSDT,1710345600000,0.00045402,72670.20000000
BTCUSDT,1710374400001,0.00024393,73120.70119365
BTCUSDT,1710403200000,0.00038753,73280.70000000
BTCUSDT,1710432000000,0.00038258,70904.40000000
BTCUSDT,1710460800000,0.00038515,71453.22446454
BTCUSDT,1710489600000,0.00014328,68487.40000000
BTCUSDT,1710518400000,0.00015306,68191.10550016
BTCUSDT,1710547200000,0.00010000,69517.88923404
BTCUSDT,1710576000000,0.00023202,69477.38707245
BTCUSDT,1710604800000,0.00020813,68423.44776418
BTCUSDT,1710633600000,0.00013089,65350.90000000
BTCUSDT,1710662400000,0.00017773,65688.60000000
BTCUSDT,1710691200000,0.00024827,68006.97658156
BTCUSDT,1710720000000,0.00020181,68448.00000000
BTCUSDT,1710748800000,0.00030597,68259.58774823
BTCUSDT,1710777600001,0.00027195,67509.10000000
BTCUSDT,1710806400000,0.00026923,67648.11833623
BTCUSDT,1710835200000,0.00029065,64738.78331206
BTCUSDT,1710864000001,0.00024018,64080.74999621
BTCUSDT,1710892800000,0.00015847,61974.00000000
BTCUSDT,1710921600004,0.00018388,62996.50000000
BTCUSDT,1710950400000,0.00010000,63641.40592860
BTCUSDT,1710979200000,0.00010403,67863.70000000
BTCUSDT,1711008000000,0.00019304,67030.14523864
BTCUSDT,1711036800000,0.00019510,66589.30761364
BTCUSDT,1711065600000,0.00016271,65538.70000000
BTCUSDT,1711094400000,0.00010000,66217.13622340
BTCUSDT,1711123200000,0.00011993,63904.42918440
BTCUSDT,1711152000000,0.00010000,63813.37344681
BTCUSDT,1711180800000,0.00010000,64606.50000000
BTCUSDT,1711209600000,0.00010806,65141.71509220
BTCUSDT,1711238400000,0.00010351,64020.30000000
BTCUSDT,1711267200000,0.00014616,64622.20133333
BTCUSDT,1711296000000,0.00015884,65710.93932745
BTCUSDT,1711324800000,0.00025549,67255.74783333
BTCUSDT,1711353600001,0.00016324,66866.60000000
BTCUSDT,1711382400000,0.00028815,69837.28693262
BTCUSDT,1711411200000,0.00021963,69920.50000000
BTCUSDT,1711440000000,0.00018348,70516.73747518
BTCUSDT,1711468800000,0.00026764,70307.10000000
BTCUSDT,1711497600000,0.00028757,70039.82099291
BTCUSDT,1711526400001,0.00029551,69776.11503546
BTCUSDT,1711555200000,0.00043631,68921.69195390
BTCUSDT,1711584000000,0.00024195,69532.60000000
BTCUSDT,1711612800000,0.00029899,70449.15108511
BTCUSDT,1711641600000,0.00029430,71320.02090780
BTCUSDT,1711670400000,0.00018250,70833.58536170
BTCUSDT,1711699200000,0.00025456,69853.35957447
BTCUSDT,1711728000000,0.00030170,69219.28912057
BTCUSDT,1711756800000,0.00019624,69898.73039007
BTCUSDT,1711785600000,0.00032267,69902.00000000
BTCUSDT,1711814400000,0.00034360,70057.72494050
BTCUSDT,1711843200000,0.00032351,69636.36575177
BTCUSDT,1711872000000,0.00039889,70353.76273404
BTCUSDT,1711900800001,0.00040301,70446.10000000
BTCUSDT,1711929600000,0.00070161,71363.00000000
BTCUSDT,1711958400000,0.00033491,69636.12130851
BTCUSDT,1711987200000,0.00027469,68284.83075177
BTCUSDT,1712016000007,0.00010926,69700.00000000
BTCUSDT,1712044800015,0.00010000,66501.27906028
BTCUSDT,1712073600000,0.00016456,64922.16995035
BTCUSDT,1712102400000,0.00010000,65488.95697163
BTCUSDT,1712131200000,0.00010000,66172.55866471
BTCUSDT,1712160000000,0.00010000,65867.40000000
BTCUSDT,1712188800000,0.00010000,65971.50290071
BTCUSDT,1712217600000,0.00010000,66097.48730496
BTCUSDT,1712246400000,0.00010000,67631.70000000
BTCUSDT,1712275200000,0.00010000,68489.80000000
BTCUSDT,1712304000000,0.00010000,66931.37729274
BTCUSDT,1712332800000,0.00010000,68207.38882979
BTCUSDT,1712361600000,0.00010000,67823.48319149
BTCUSDT,1712390400000,0.00010000,67985.20000000
BTCUSDT,1712419200000,0.00010000,68094.00000000
BTCUSDT,1712448000000,0.00010000,68892.19809220
BTCUSDT,1712476800000,0.00010000,69367.40000000
BTCUSDT,1712505600000,0.00010000,69560.34690071
BTCUSDT,1712534400001,0.00010000,69362.70000000
BTCUSDT,1712563200000,0.00010000,70726.91580142
BTCUSDT,1712592000006,0.00035189,71815.70000000
BTCUSDT,1712620800000,0.00020915,71675.67700000
BTCUSDT,1712649600001,0.00020603,70434.57300709
BTCUSDT,1712678400001,0.00019061,69302.80935461
BTCUSDT,1712707200000,0.00011929,69189.20000000
BTCUSDT,1712736000001,0.00012457,69375.34143262
BTCUSDT,1712764800000,0.00010000,68687.90000000
BTCUSDT,1712793600000,0.00013979,70674.32305943
BTCUSDT,1712822400000,0.00020153,70780.71202837
BTCUSDT,1712851200000,0.00019763,70045.90000000
BTCUSDT,1712880000000,0.00011258,70048.05615603
BTCUSDT,1712908800001,0.00025630,70825.90000000
BTCUSDT,1712937600000,0.00012214,69375.10000000
BTCUSDT,1712966400000,0.00010000,67148.90000000
BTCUSDT,1712995200000,0.00010000,67466.10000000
BTCUSDT,1713024000001,0.00010000,67683.10000000
BTCUSDT,1713052800000,0.00010000,63925.03126241
BTCUSDT,1713081600000,0.00010000,64455.64639007
BTCUSDT,1713110400000,0.00010000,64164.20358156
BTCUSDT,1713139200000,0.00010000,65624.38156028
BTCUSDT,1713168000001,0.00001759,66235.58104965
BTCUSDT,1713196800000,0.00010000,64545.80000000
BTCUSDT,1713225600001,0.00005953,63392.80000000
BTCUSDT,1713254400000,0.00009525,63487.90000000
BTCUSDT,1713283200000,0.00003513,61753.05706383
BTCUSDT,1713312000000,0.00006375,63775.62900000
BTCUSDT,1713340800000,0.00003574,63257.26621277
BTCUSDT,1713369600000,0.00006534,60280.74173759
BTCUSDT,1713398400000,0.00006937,61254.50000000
BTCUSDT,1713427200000,0.00005982,61154.70000000
BTCUSDT,1713456000000,-0.00003334,63474.00000000
BTCUSDT,1713484800001,-0.00003120,63445.00000000
BTCUSDT,1713513600000,0.00006641,64517.90000000
BTCUSDT,1713542400000,0.00005880,64425.67251773
BTCUSDT,1713571200000,0.00010000,63787.40000000
BTCUSDT,1713600000000,-0.00000766,63937.90000000
BTCUSDT,1713628800000,0.00004204,64779.48886525
BTCUSDT,1713657600000,0.00003186,64905.14994326
BTCUSDT,1713686400000,-0.00002093,65110.09575935
BTCUSDT,1713715200000,0.00008271,65016.22880142
BTCUSDT,1713744000000,0.00004409,64912.60000000
BTCUSDT,1713772800000,0.00002497,65943.87257447
BTCUSDT,1713801600000,0.00000898,65964.30000000
BTCUSDT,1713830400000,-0.00001236,66788.36807801
BTCUSDT,1713859200000,0.00005240,66080.00000000
BTCUSDT,1713888000001,-0.00001083,66380.60000000
BTCUSDT,1713916800000,0.00001413,66386.30000000
BTCUSDT,1713945600000,0.00005302,66593.33268794
BTCUSDT,1713974400000,0.00007047,64598.80000000
BTCUSDT,1714003200000,0.00007020,64255.45886525
BTCUSDT,1714032000000,0.00004069,63991.24963830
BTCUSDT,1714060800010,0.00001140,64103.02705674
BTCUSDT,1714089600001,0.00001709,64478.70000000
BTCUSDT,1714118400000,0.00000685,64238.35636879
BTCUSDT,1714147200000,0.00005562,63481.30000000
BTCUSDT,1714176000000,0.00010000,63748.80000000
BTCUSDT,1714204800001,0.00007470,62944.20000000
BTCUSDT,1714233600000,0.00002834,62930.38454610
BTCUSDT,1714262400000,0.00001006,63426.63009929
BTCUSDT,1714291200000,-0.00002081,63883.10000000
BTCUSDT,1714320000000,0.00002782,63508.60000000
BTCUSDT,1714348800000,0.00002472,63088.40000000
BTCUSDT,1714377600000,0.00005544,62367.26310638
BTCUSDT,1714406400000,0.00006828,63012.00000000
BTCUSDT,1714435200000,0.00009740,63832.20000000
BTCUSDT,1714464000000,0.00009154,63123.70000000
BTCUSDT,1714492800000,0.00010000,60771.32493617
BTCUSDT,1714521600000,0.00010000,60651.10000000
BTCUSDT,1714550400000,0.00008946,57476.70000000
BTCUSDT,1714579200000,0.00009902,56865.26551064
BTCUSDT,1714608000000,0.00006634,58312.12589362
BTCUSDT,1714636800000,0.00006169,57646.04275887
BTCUSDT,1714665600002,-0.00000123,59229.39228369
BTCUSDT,1714694400000,-0.00001549,59037.02063121
BTCUSDT,1714723200000,-0.00003764,59158.10000000
BTCUSDT,1714752000000,0.00008091,61662.10000000
BTCUSDT,1714780800000,0.00002703,62853.70000000
BTCUSDT,1714809600000,0.00007455,62933.77334752
BTCUSDT,1714838400000,0.00006265,63590.00000000
BTCUSDT,1714867200000,0.00006906,63864.20000000
BTCUSDT,1714896000000,0.00000647,63702.80847518
BTCUSDT,1714924800000,0.00003893,64398.10000000
BTCUSDT,1714953600000,0.00000602,63988.00000000
BTCUSDT,1714982400000,-0.00001031,64510.20934752
BTCUSDT,1715011200000,0.00007746,63607.85171631
BTCUSDT,1715040000000,0.00006064,63142.80000000
BTCUSDT,1715068800000,0.00001581,63649.00000000
BTCUSDT,1715097600000,0.00009028,63715.90033333
BTCUSDT,1715126400000,0.00004891,62295.90000000
BTCUSDT,1715155200000,0.00005553,62186.70000000
BTCUSDT,1715184000000,0.00009292,62251.90000000
BTCUSDT,1715212800000,0.00005648,61162.48592199
BTCUSDT,1715241600000,0.00003315,61227.65535461
BTCUSDT,1715270400000,0.00007253,62124.75106383
BTCUSDT,1715299200000,0.00001026,63050.10000000
BTCUSDT,1715328000000,0.00005934,63053.80000000
BTCUSDT,1715356800000,0.00007653,60902.45242553
BTCUSDT,1715385600000,0.00008881,60778.10000000
BTCUSDT,1715414400000,0.00003771,60989.66753191
BTCUSDT,1715443200000,0.00005067,61148.13121277
BTCUSDT,1715472000000,0.00002604,60809.20000000
BTCUSDT,1715500800000,0.00002830,60804.40000000
BTCUSDT,1715529600000,0.00010000,61395.90000000
BTCUSDT,1715558400001,0.00010000,61455.70000000
BTCUSDT,1715587200001,0.00008469,62307.64358156
BTCUSDT,1715616000000,0.00009151,62977.10000000
BTCUSDT,1715644800000,0.00009866,62917.60000000
BTCUSDT,1715673600000,0.00010000,62003.15186525
BTCUSDT,1715702400000,0.00004392,61749.90000000
BTCUSDT,1715731200000,0.00010000,61551.95992663
BTCUSDT,1715760000000,-0.00000385,62161.81007092
BTCUSDT,1715788800000,0.00002373,64699.90000000
BTCUSDT,1715817600004,0.00002103,66176.31760993
BTCUSDT,1715846400000,0.00005148,66106.70102128
BTCUSDT,1715875200000,0.00003543,65800.00000000
BTCUSDT,1715904000000,0.00004647,65217.80000000
BTCUSDT,1715932800000,0.00000815,66352.72417461
BTCUSDT,1715961600000,-0.00000298,67165.60000000
BTCUSDT,1715990400000,0.00000628,66981.43681585
BTCUSDT,1716019200000,0.00008012,66856.73875177
BTCUSDT,1716048000000,-0.00000792,66782.78803546
BTCUSDT,1716076800000,0.00003339,66889.61222695
BTCUSDT,1716105600000,0.00005210,67299.09055319
BTCUSDT,1716134400000,0.00004779,66863.00000000
BTCUSDT,1716163200000,0.00005607,66239.40000000
BTCUSDT,1716192000000,0.00002479,66793.11759574
BTCUSDT,1716220800003,0.00002552,67388.60888652
BTCUSDT,1716249600000,0.00010000,71464.47075887
BTCUSDT,1716278400001,0.00010517,70922.67915603
BTCUSDT,1716307200000,0.00010000,69865.29020567
BTCUSDT,1716336000000,0.00010000,70161.66021986
BTCUSDT,1716364800000,0.00015759,69757.98929787
BTCUSDT,1716393600000,0.00010000,70485.70000000
BTCUSDT,1716422400000,0.00010000,69216.74829078
BTCUSDT,1716451200000,0.00010000,69769.14902128
BTCUSDT,1716480000000,0.00010000,68101.47424823
BTCUSDT,1716508800000,0.00010000,67999.90000000
BTCUSDT,1716537600000,0.00010000,67186.21074468
BTCUSDT,1716566400000,0.00010000,68340.20000000
BTCUSDT,1716595200000,0.00010000,68575.85285816
BTCUSDT,1716624000000,0.00010000,68775.00000000
BTCUSDT,1716652800000,0.00010000,68945.95530496
BTCUSDT,1716681600000,0.00010000,69310.33024113
BTCUSDT,1716710400000,0.00010000,69359.20000000
BTCUSDT,1716739200000,0.00010000,68863.88640426
BTCUSDT,1716768000000,0.00010000,68524.30000000
BTCUSDT,1716796800000,0.00010000,68661.10000000
BTCUSDT,1716825600000,0.00010000,70420.53890071
BTCUSDT,1716854400000,0.00010000,69461.60000000
BTCUSDT,1716883200000,0.00010000,67712.00000000
BTCUSDT,1716912000000,0.00010000,68397.00000000
BTCUSDT,1716940800001,0.00010000,68437.69424823
BTCUSDT,1716969600000,0.00010000,67984.30000000
BTCUSDT,1716998400000,0.00012558,67420.50000000
BTCUSDT,1717027200000,0.00010000,67686.70000000
BTCUSDT,1717056000000,0.00010000,67624.98587234
BTCUSDT,1717084800000,0.00010000,68559.01355319
BTCUSDT,1717113600000,0.00014599,68397.31618440
BTCUSDT,1717142400000,0.00012268,68221.71889362
BTCUSDT,1717171200000,0.00010000,67252.70000000
BTCUSDT,1717200000000,0.00010000,67570.93117730
BTCUSDT,1717228800000,0.00010000,67672.36980851
BTCUSDT,1717257600001,0.00010250,67722.94709929
BTCUSDT,1717286400000,0.00010000,67799.30000000
BTCUSDT,1717315200000,0.00010000,67743.00000000
BTCUSDT,1717344000000,0.00010000,68189.90000000
BTCUSDT,1717372800000,0.00010000,67806.00000000
BTCUSDT,1717401600000,0.00014135,68949.97496454
BTCUSDT,1717430400000,0.00010000,69637.74636879
BTCUSDT,1717459200000,0.00012008,68851.30000000
BTCUSDT,1717488000000,0.00010000,69048.97910492
BTCUSDT,1717516800000,0.00010000,70485.89790071
BTCUSDT,1717545600000,0.00010000,70580.10000000
BTCUSDT,1717574400000,0.00016387,71237.17573050
BTCUSDT,1717603200000,0.00013226,71625.20000000
BTCUSDT,1717632000000,0.00010000,71133.30000000
BTCUSDT,1717660800008,0.00010438,71073.71043287
BTCUSDT,1717689600000,0.00011770,71332.40630496
BTCUSDT,1717718400000,0.00010000,70830.00000000
BTCUSDT,1717747200000,0.00010000,71147.90000000
BTCUSDT,1717776000000,0.00010166,71150.00000000
BTCUSDT,1717804800000,0.00010000,69377.00000000
BTCUSDT,1717833600000,0.00010000,69612.10561702
BTCUSDT,1717862400000,0.00010000,69462.10000000
BTCUSDT,1717891200000,0.00010000,69346.50000000
BTCUSDT,1717920000000,0.00010000,69331.90000000
BTCUSDT,1717948800001,0.00010000,69530.20000000
BTCUSDT,1717977600000,0.00010000,69667.10000000
BTCUSDT,1718006400000,0.00010000,69325.20000000
BTCUSDT,1718035200001,0.00010000,70074.60734043
BTCUSDT,1718064000001,0.00010000,69558.70000000
BTCUSDT,1718092800000,0.00010000,67582.10000000
BTCUSDT,1718121600000,0.00010000,66260.45943972
BTCUSDT,1718150400000,0.00010000,67316.36897872
BTCUSDT,1718179200000,0.00010000,67453.49152482
BTCUSDT,1718208000000,0.00010000,69735.43100000
BTCUSDT,1718236800000,0.00010000,68269.15138298
BTCUSDT,1718265600001,0.00010000,67724.69510638
BTCUSDT,1718294400000,0.00010000,66469.37042553
BTCUSDT,1718323200000,0.00010000,66782.29009220
BTCUSDT,1718352000000,0.00010000,66907.91765957
BTCUSDT,1718380800000,0.00010000,66387.61166667
BTCUSDT,1718409600000,0.00010000,66039.70000000
BTCUSDT,1718438400000,0.00010000,66076.87574468
BTCUSDT,1718467200000,0.00010000,66311.90000000
BTCUSDT,1718496000001,0.00010000,66213.73051773
BTCUSDT,1718524800000,0.00010000,66249.40000000
BTCUSDT,1718553600000,0.00010000,66693.21286525
BTCUSDT,1718582400000,0.00010000,66658.12655319
BTCUSDT,1718611200000,0.00010000,66147.30000000
BTCUSDT,1718640000000,0.00010000,65341.90000000
BTCUSDT,1718668800000,0.00010000,66472.00000000
BTCUSDT,1718697600000,0.00008236,65646.30000000
BTCUSDT,1718726400000,0.00010000,64676.43110638
BTCUSDT,1718755200001,0.00010000,65150.00000000
BTCUSDT,1718784000001,0.00004127,65295.00000000
BTCUSDT,1718812800000,0.00002967,64895.42413059
BTCUSDT,1718841600000,0.00003934,64946.30757887
BTCUSDT,1718870400000,0.00005953,65831.30000000
BTCUSDT,1718899200000,0.00006879,64801.04885816
BTCUSDT,1718928000000,0.00003344,64853.90000000
BTCUSDT,1718956800000,0.00007328,64180.80000000
BTCUSDT,1718985600000,0.00010000,63712.00000000
BTCUSDT,1719014400000,0.00010000,64124.00000000
BTCUSDT,1719043200000,0.00004146,64490.10000000
BTCUSDT,1719072000000,0.00010000,64283.46988652
BTCUSDT,1719100800000,0.00010000,64242.51785816
BTCUSDT,1719129600000,0.00002307,64390.00000000
BTCUSDT,1719158400000,0.00004676,64071.80000000
BTCUSDT,1719187200002,0.00009534,63195.00000000
BTCUSDT,1719216000000,0.00010000,62433.70000000
BTCUSDT,1719244800000,0.00007488,60823.20000000
BTCUSDT,1719273600000,0.00007447,60273.50000000
BTCUSDT,1719302400000,0.00005949,60660.00000000
BTCUSDT,1719331200000,0.00007752,61776.00000000
BTCUSDT,1719360000002,0.00010000,61780.09841844
BTCUSDT,1719388800000,0.00010000,61705.30000000
BTCUSDT,1719417600000,0.00010000,61440.20000000
BTCUSDT,1719446400000,0.00010000,60860.38514894
BTCUSDT,1719475200001,0.00010000,60787.35553191
BTCUSDT,1719504000000,0.00010000,61570.50000000
BTCUSDT,1719532800000,0.00010000,61682.00000000
BTCUSDT,1719561600000,0.00010000,61331.02739716
BTCUSDT,1719590400000,0.00010000,61048.94459574
BTCUSDT,1719619200001,0.00010000,60430.21393617
BTCUSDT,1719648000000,0.00010000,61049.49890071
BTCUSDT,1719676800000,0.00010000,61108.14415603
BTCUSDT,1719705600000,0.00010000,60982.40000000
BTCUSDT,1719734400000,0.00010000,61529.93914894
BTCUSDT,1719763200000,0.00010000,61714.61340426
BTCUSDT,1719792000000,0.00010000,62766.17652482
BTCUSDT,1719820800000,0.00010000,63263.85829787
BTCUSDT,1719849600001,0.00010000,63120.00000000
BTCUSDT,1719878400000,0.00010000,62892.46180142
BTCUSDT,1719907200000,0.00010000,62620.94928369
BTCUSDT,1719936000000,0.00010000,61944.23702128
BTCUSDT,1719964800000,0.00010000,62123.60000000
BTCUSDT,1719993600001,0.00010000,60874.01737589
BTCUSDT,1720022400000,0.00010000,60178.96865957
BTCUSDT,1720051200000,0.00010000,60207.90000000
BTCUSDT,1720080000000,0.00010000,58214.00000000
BTCUSDT,1720108800000,0.00010000,58124.90000000
BTCUSDT,1720137600000,0.00010000,57045.15234043
BTCUSDT,1720166400000,0.00010000,54397.50000000
BTCUSDT,1720195200000,0.00001762,56623.90000000
BTCUSDT,1720224000000,0.00005729,56609.00000000
BTCUSDT,1720252800000,0.00007512,56580.08132624
BTCUSDT,1720281600000,0.00003250,57289.27111519
BTCUSDT,1720310400001,0.00008164,58216.10000000
BTCUSDT,1720339200000,0.00010000,57346.86809929
BTCUSDT,1720368000000,0.00010000,56806.20000000
BTCUSDT,1720396800000,0.00007905,55831.00000000
BTCUSDT,1720425600000,0.00008222,55825.20000000
BTCUSDT,1720454400000,0.00010000,55736.19858865
BTCUSDT,1720483200000,0.00010000,56698.83177305
BTCUSDT,1720512000001,0.00000861,57102.60000000
BTCUSDT,1720540800000,0.00010000,57453.43046809
BTCUSDT,1720569600000,0.00010000,58026.14114894
BTCUSDT,1720598400000,0.00009225,58951.04627293
BTCUSDT,1720627200000,0.00005485,57662.34192199
BTCUSDT,1720656000002,0.00010000,57707.00000000
BTCUSDT,1720684800002,0.00010000,58164.76708511
BTCUSDT,1720713600004,0.00010000,57382.80000000
BTCUSDT,1720742400000,0.00006378,57315.50000000
BTCUSDT,1720771200000,0.00003026,57079.05523404
BTCUSDT,1720800000000,0.00004037,58188.90000000
BTCUSDT,1720828800000,0.00008319,57870.00000000
BTCUSDT,1720857600000,0.00006865,58141.96051064
BTCUSDT,1720886400000,0.00010000,58808.50000000
BTCUSDT,1720915200000,0.00008737,59174.73812179
BTCUSDT,1720944000000,0.00003710,60031.33100709
BTCUSDT,1720972800000,0.00008342,60057.37801174
BTCUSDT,1721001600000,0.00004590,60766.10000000
BTCUSDT,1721030400000,0.00003202,62821.11483688
BTCUSDT,1721059200000,-0.00000514,62992.91414894
BTCUSDT,1721088000000,-0.00005062,64698.64956738
BTCUSDT,1721116800000,0.00008814,62881.80000000
BTCUSDT,1721145600000,0.00002717,64838.40000000
BTCUSDT,1721174400000,-0.00003419,65003.03756738
BTCUSDT,1721203200001,0.00001775,65236.46422695
BTCUSDT,1721232000000,0.00002143,64695.80000000
BTCUSDT,1721260800000,0.00000689,64057.30000000
BTCUSDT,1721289600000,0.00001546,64643.70000000
BTCUSDT,1721318400000,0.00003127,63509.56961702
BTCUSDT,1721347200000,0.00004029,63959.90000000
BTCUSDT,1721376000000,0.00004855,63673.90000000
BTCUSDT,1721404800000,0.00004606,65799.90000000
BTCUSDT,1721433600001,-0.00003077,66630.29244681
BTCUSDT,1721462400000,0.00001944,66526.30000000
BTCUSDT,1721491200000,0.00001622,66796.90000000
BTCUSDT,1721520000000,-0.00005313,67097.72309220
BTCUSDT,1721548800000,0.00002194,66669.90000000
BTCUSDT,1721577600000,0.00000646,67132.78455319
BTCUSDT,1721606400000,0.00009136,68138.00000000
BTCUSDT,1721635200000,0.00005953,67210.40000000
BTCUSDT,1721664000000,0.00002769,67044.40000000
BTCUSDT,1721692800000,0.00004709,67506.49399291
BTCUSDT,1721721600000,0.00004310,66548.50000000
BTCUSDT,1721750400000,0.00004642,66569.95526950
BTCUSDT,1721779200000,0.00010000,65916.81524113
BTCUSDT,1721808000000,0.00010000,66049.92706383
BTCUSDT,1721836800000,0.00010000,66152.14151773
BTCUSDT,1721865600000,0.00010000,65361.80198582
BTCUSDT,1721894400000,0.00010000,64115.10000000
BTCUSDT,1721923200000,0.00010000,64773.30000000
BTCUSDT,1721952000000,0.00010000,65773.94198582
BTCUSDT,1721980800000,0.00010000,66873.70000000
BTCUSDT,1722009600000,0.00003340,67528.00000000
BTCUSDT,1722038400000,0.00006547,67882.60000000
BTCUSDT,1722067200000,0.00008022,68018.10331915
BTCUSDT,1722096000000,0.00009109,68821.90000000
BTCUSDT,1722124800000,0.00008180,67873.80000000
BTCUSDT,1722153600000,0.00009177,67521.26054610
BTCUSDT,1722182400001,0.00002804,67624.30000000
BTCUSDT,1722211200001,0.00008361,68217.60072340
BTCUSDT,1722240000000,0.00005623,69510.60000000
BTCUSDT,1722268800001,0.00010000,68069.42346099
BTCUSDT,1722297600000,0.00003396,66757.24782979
BTCUSDT,1722326400001,0.00003562,66914.00000000
BTCUSDT,1722355200000,0.00007691,66198.00000000
BTCUSDT,1722384000000,0.00003063,66159.40000000
BTCUSDT,1722412800000,0.00007178,66196.40000000
BTCUSDT,1722441600000,0.00003826,66354.40000000
BTCUSDT,1722470400000,0.00008208,64603.59964539
BTCUSDT,1722499200000,0.00010000,64307.13363121
BTCUSDT,1722528000000,0.00010000,62888.50000000
BTCUSDT,1722556800000,0.00010000,65328.90000000
BTCUSDT,1722585600001,0.00010000,64160.17275887
BTCUSDT,1722614400000,0.00010000,63400.10768182
BTCUSDT,1722643200000,0.00010000,61483.70000000
BTCUSDT,1722672000000,0.00009788,61636.00000000
BTCUSDT,1722700800001,0.00004247,60859.15415152
BTCUSDT,1722729600000,0.00010000,60684.50000000
BTCUSDT,1722758400000,0.00005343,60349.10000000
BTCUSDT,1722787200000,0.00010000,59053.40000000
BTCUSDT,1722816000000,0.00010000,58139.09001515
BTCUSDT,1722844800000,0.00004429,52660.00000000
BTCUSDT,1722873600000,0.00005967,54294.50000000
BTCUSDT,1722902400000,0.00003566,53971.90000000
BTCUSDT,1722931200000,-0.00002845,55979.00000000
BTCUSDT,1722960000000,0.00004485,56380.14818939
BTCUSDT,1722988800000,-0.00000730,56008.69646212
BTCUSDT,1723017600001,-0.00006859,56898.70000000
BTCUSDT,1723046400000,0.00003241,56071.41872727
BTCUSDT,1723075200001,0.00002637,55102.90000000
BTCUSDT,1723104000000,0.00003086,57165.60000000
BTCUSDT,1723132800000,0.00001147,59389.00000000
BTCUSDT,1723161600000,0.00004994,61663.62178788
BTCUSDT,1723190400000,0.00002184,60844.10000000
BTCUSDT,1723219200000,0.00004846,59787.29595455
BTCUSDT,1723248000000,-0.00003942,60808.70000000
BTCUSDT,1723276800000,-0.00001379,60811.14373041
BTCUSDT,1723305600000,-0.00001949,60480.60000000
BTCUSDT,1723334400000,0.00004049,60895.44640282
BTCUSDT,1723363200000,-0.00001839,61223.30000000
BTCUSDT,1723392000001,0.00001185,60099.90000000
BTCUSDT,1723420800000,0.00001113,58693.20000000
BTCUSDT,1723449600000,0.00008783,58648.02703788
BTCUSDT,1723478400000,-0.00002238,60168.80000000
BTCUSDT,1723507200000,0.00006140,59323.60000000
BTCUSDT,1723536000000,0.00000521,59209.36612879
BTCUSDT,1723564800000,-0.00003902,59442.45730303
BTCUSDT,1723593600000,0.00001152,60555.47966301
BTCUSDT,1723622400000,-0.00001330,60887.30000000
BTCUSDT,1723651200000,-0.00007811,59394.60000000
BTCUSDT,1723680000000,-0.00008488,58650.36321970
BTCUSDT,1723708800000,0.00006339,58031.90000000
BTCUSDT,1723737600000,-0.00006181,59650.62388636
BTCUSDT,1723766400000,-0.00011235,57515.28405303
BTCUSDT,1723795200000,-0.00007387,58423.30000000
BTCUSDT,1723824000000,-0.00000557,58045.46367376
BTCUSDT,1723852800000,0.00001912,58854.90000000
BTCUSDT,1723881600000,0.00004177,59225.59061702
BTCUSDT,1723910400000,-0.00000152,59357.70000000
BTCUSDT,1723939200000,0.00003966,59468.40000000
BTCUSDT,1723968000000,-0.00001323,59545.70132624
BTCUSDT,1723996800000,-0.00003149,59828.80000000
BTCUSDT,1724025600000,-0.00003616,58390.10000000
BTCUSDT,1724054400000,-0.00006750,58475.40000000
BTCUSDT,1724083200002,-0.00001957,58509.48917021
BTCUSDT,1724112000000,-0.00002656,59400.10000000
BTCUSDT,1724140800000,0.00001349,60896.58465248
BTCUSDT,1724169600001,0.00001419,58792.37545390
BTCUSDT,1724198400001,-0.00006756,58985.38036170
BTCUSDT,1724227200000,-0.00000591,59691.00000000
BTCUSDT,1724256000001,0.00000396,59485.90000000
BTCUSDT,1724284800000,-0.00002229,61120.00000000
BTCUSDT,1724313600000,0.00001338,60952.89699291
BTCUSDT,1724342400008,-0.00007261,60380.30032624
BTCUSDT,1724371200000,-0.00003329,60349.90000000
BTCUSDT,1724400000000,0.00002391,61045.00000000
BTCUSDT,1724428800000,-0.00004317,61506.00000000
BTCUSDT,1724457600000,-0.00000772,64019.90000000
BTCUSDT,1724486400005,-0.00000723,64275.98188652
BTCUSDT,1724515200000,0.00006395,63943.40000000
BTCUSDT,1724544000000,-0.00004806,64121.80289362
BTCUSDT,1724572800000,-0.00001531,63838.28217730
BTCUSDT,1724601600000,0.00003108,64099.90000000
BTCUSDT,1724630400000,0.00002439,64199.94505674
BTCUSDT,1724659200001,0.00003448,63603.30000000
BTCUSDT,1724688000000,0.00003789,63497.83796772
BTCUSDT,1724716800001,0.00002795,62814.12365957
BTCUSDT,1724745600000,0.00001751,62881.10000000
BTCUSDT,1724774400000,0.00007753,61679.03746099
BTCUSDT,1724803200000,-0.00006803,59384.40000000
BTCUSDT,1724832000000,0.00002433,58578.22751773
BTCUSDT,1724860800001,0.00001143,58971.68549645
BTCUSDT,1724889600000,-0.00000976,59009.80000000
BTCUSDT,1724918400001,-0.00001644,59548.90000000
BTCUSDT,1724947200000,0.00000559,60751.00000000
BTCUSDT,1724976000000,0.00000936,59327.53246099
BTCUSDT,1725004800000,0.00003578,59250.58815603
BTCUSDT,1725033600000,0.00002927,58062.70000000
BTCUSDT,1725062400000,-0.00001749,59096.30000000
BTCUSDT,1725091200000,0.00003578,59064.62867843
BTCUSDT,1725120000000,0.00003800,58984.31889362
BTCUSDT,1725148800000,0.00004113,58946.20000000
BTCUSDT,1725177600001,-0.00003432,58444.10000000
BTCUSDT,1725206400000,-0.00000382,58184.10000000
BTCUSDT,1725235200001,-0.00003386,57282.92417730
BTCUSDT,1725264000001,0.00000248,57523.30000000
BTCUSDT,1725292800000,-0.00000363,58508.00000000
BTCUSDT,1725321600000,0.00006245,59112.20000000
BTCUSDT,1725350400001,0.00005123,59081.16408511
BTCUSDT,1725379200000,0.00004598,57707.54824823
BTCUSDT,1725408000000,0.00002209,57459.26375177
BTCUSDT,1725436800000,0.00001050,56717.40000000
BTCUSDT,1725465600000,-0.00001470,58106.16636170
BTCUSDT,1725494400000,0.00009016,57944.70000000
BTCUSDT,1725523200000,0.00002025,57133.18525532
BTCUSDT,1725552000005,0.00002490,55956.39174468
BTCUSDT,1725580800000,0.00002280,56152.37044681
BTCUSDT,1725609600001,-0.00000001,55768.60000000
BTCUSDT,1725638400000,0.00001428,54026.02394326
BTCUSDT,1725667200000,-0.00000557,53930.71899291
BTCUSDT,1725696000000,-0.00007634,54264.40569504
BTCUSDT,1725724800000,-0.00007236,54749.71812057
BTCUSDT,1725753600000,0.00003745,54134.90000000
BTCUSDT,1725782400000,-0.00005999,54411.50000000
BTCUSDT,1725811200000,-0.00005245,53664.80000000
BTCUSDT,1725840000000,-0.00007585,54843.61724113
BTCUSDT,1725868800000,-0.00007108,54949.93416312
BTCUSDT,1725897600001,-0.00003875,55360.30000000
BTCUSDT,1725926400000,-0.00006028,57013.68687234
BTCUSDT,1725955200000,-0.00002930,57184.48985106
BTCUSDT,1725984000000,-0.00001126,56563.08885816
BTCUSDT,1726012800000,-0.00008953,57609.10000000
BTCUSDT,1726041600000,-0.00002247,56675.10000000
BTCUSDT,1726070400000,-0.00005212,56681.42923404
BTCUSDT,1726099200000,-0.00001951,57307.10000000
BTCUSDT,1726128000000,-0.00000546,58106.41579433
BTCUSDT,1726156800000,-0.00002950,57475.10176596
BTCUSDT,1726185600000,-0.00000069,58097.00000000
BTCUSDT,1726214400001,-0.00000869,58079.80000000
BTCUSDT,1726243200001,-0.00002443,59630.00000000
BTCUSDT,1726272000000,-0.00008699,60456.10000000
BTCUSDT,1726300800000,0.00000859,60110.40000000
BTCUSDT,1726329600001,0.00002326,59845.55360993
BTCUSDT,1726358400000,-0.00000491,59964.00000000
BTCUSDT,1726387200000,0.00000001,60167.31814380
BTCUSDT,1726416000000,0.00000402,60304.70000000
BTCUSDT,1726444800000,0.00002402,59100.61031206
BTCUSDT,1726473600001,0.00003564,58874.99142553
BTCUSDT,1726502400000,0.00006762,57861.15358865
BTCUSDT,1726531200001,0.00008529,58186.90000000
BTCUSDT,1726560000000,0.00001911,58668.20000000
BTCUSDT,1726588800000,0.00005327,61111.00000000
BTCUSDT,1726617600000,0.00001344,60281.00000000
BTCUSDT,1726646400000,0.00001678,60402.69697726
BTCUSDT,1726675200004,0.00004648,59407.05478014
BTCUSDT,1726704000000,0.00003512,61728.59070213
BTCUSDT,1726732800000,0.00002949,62054.80000000
BTCUSDT,1726761600001,0.00004072,63127.98222695
BTCUSDT,1726790400000,0.00008065,62929.30000000
BTCUSDT,1726819200001,-0.00000503,63494.40000000
BTCUSDT,1726848000000,0.00005543,63115.60000000
BTCUSDT,1726876800001,0.00004638,63181.22999291
BTCUSDT,1726905600000,0.00010000,63062.62952171
BTCUSDT,1726934400000,0.00008234,63146.60000000
BTCUSDT,1726963200000,0.00006285,63320.70000000
BTCUSDT,1726992000000,0.00009254,62909.30000000
BTCUSDT,1727020800000,0.00005537,62628.23061702
BTCUSDT,1727049600000,0.00006546,63558.50000000
BTCUSDT,1727078400000,0.00001364,63519.90000000
BTCUSDT,1727107200000,0.00005304,63589.80000000
BTCUSDT,1727136000000,0.00002324,63303.39994326
BTCUSDT,1727164800000,0.00002895,63531.97252482
BTCUSDT,1727193600001,-0.00000182,63128.90000000
BTCUSDT,1727222400000,0.00001223,64243.20000000
BTCUSDT,1727251200003,0.00001141,63815.43419858
BTCUSDT,1727280000000,0.00001336,63470.00000000
BTCUSDT,1727308800005,0.00001650,63121.20731206
BTCUSDT,1727337600000,0.00006246,63823.40000000
BTCUSDT,1727366400000,0.00010000,65195.98735461
BTCUSDT,1727395200000,0.00010000,65144.38297872
BTCUSDT,1727424000000,0.00006722,65443.46173050
BTCUSDT,1727452800000,0.00002275,65974.85614184
BTCUSDT,1727481600000,0.00005455,65749.60000000
BTCUSDT,1727510400001,0.00008300,65794.28179433
BTCUSDT,1727539200000,0.00001414,65595.27422695
BTCUSDT,1727568000001,0.00000725,65826.65036170
BTCUSDT,1727596800000,0.00003128,65444.82504255
BTCUSDT,1727625600000,0.00007253,65720.00000000
BTCUSDT,1727654400000,0.00003077,65571.63404255
BTCUSDT,1727683200001,0.00007939,64539.00000000
BTCUSDT,1727712000000,0.00010000,63535.70000000
BTCUSDT,1727740800000,0.00010000,63313.79948227
BTCUSDT,1727769600000,0.00010000,64017.00000000
BTCUSDT,1727798400001,0.00010000,62631.58188652
BTCUSDT,1727827200000,0.00006632,60789.16184397
BTCUSDT,1727856000000,0.00008409,61703.76278014
BTCUSDT,1727884800000,0.00008191,61851.64026950
BTCUSDT,1727913600000,0.00004381,60622.60000000
BTCUSDT,1727942400000,0.00003746,60908.25041844
BTCUSDT,1727971200000,0.00004990,60606.40000000
BTCUSDT,1728000000000,0.00007097,60727.20000000
BTCUSDT,1728028800000,0.00002119,61405.54564539
BTCUSDT,1728057600001,0.00000243,61839.90000000
BTCUSDT,1728086400000,-0.00001596,62056.30000000
BTCUSDT,1728115200000,0.00001088,62049.40834043
BTCUSDT,1728144000000,0.00000861,62137.44147431
BTCUSDT,1728172800000,0.00000572,62030.78465150
BTCUSDT,1728201600001,0.00003288,61921.90959612
BTCUSDT,1728230400000,0.00004180,62692.35314894
BTCUSDT,1728259200000,0.00004573,62791.83731206
BTCUSDT,1728288000000,-0.00000952,63510.00000000
BTCUSDT,1728316800001,0.00002177,63633.19230496
BTCUSDT,1728345600000,-0.00001678,62199.75722695
BTCUSDT,1728374400000,0.00007094,62291.40000000
BTCUSDT,1728403200000,0.00008100,62259.90000000
BTCUSDT,1728432000000,0.00010000,62133.03330496
BTCUSDT,1728460800000,0.00005138,62243.96385816
BTCUSDT,1728489600000,0.00007939,62285.30000000
BTCUSDT,1728518400000,0.00002090,60607.48575935
BTCUSDT,1728547200000,0.00001532,60874.85382979
BTCUSDT,1728576000000,0.00010000,60768.62359574
BTCUSDT,1728604800000,0.00002231,60293.80800440
BTCUSDT,1728633600000,-0.00001874,60648.44046099
BTCUSDT,1728662400001,0.00000120,62225.57043262
BTCUSDT,1728691200000,0.00004558,62509.00000000
BTCUSDT,1728720000001,0.00007664,62734.47038298
BTCUSDT,1728748800000,-0.00001489,63124.80000000
BTCUSDT,1728777600000,0.00000693,63175.90000000
BTCUSDT,1728806400000,0.00001638,62818.90000000
BTCUSDT,1728835200000,0.00003938,62195.20000000
BTCUSDT,1728864000000,0.00005429,62841.10753191
BTCUSDT,1728892800000,0.00010000,64603.73577305
BTCUSDT,1728921600000,0.00010000,65853.81444681
BTCUSDT,1728950400000,0.00010000,66064.90000000
BTCUSDT,1728979200000,0.00010000,65638.30000000
BTCUSDT,1729008000000,0.00010000,65994.70000000
BTCUSDT,1729036800000,0.00008325,67048.63902128
BTCUSDT,1729065600001,0.00008500,66948.90000000
BTCUSDT,1729094400000,0.00010000,67726.00000000
BTCUSDT,1729123200000,0.00010000,67594.01401418
BTCUSDT,1729152000000,0.00010000,67281.31711348
BTCUSDT,1729180800001,0.00010000,67561.80000000
BTCUSDT,1729209600010,0.00010000,67406.17999291
BTCUSDT,1729238400001,0.00010000,67956.37085840
BTCUSDT,1729267200000,0.00010000,68710.00000000
BTCUSDT,1729296000000,0.00010000,68407.90000000
BTCUSDT,1729324800000,0.00010000,68328.80000000
BTCUSDT,1729353600000,0.00010000,68210.10911959
BTCUSDT,1729382400000,0.00010000,68357.10000000
BTCUSDT,1729411200000,0.00010000,68350.38066857
BTCUSDT,1729440000000,0.00010000,68605.00000000
BTCUSDT,1729468800000,0.00010000,69021.90495965
BTCUSDT,1729497600000,0.00010000,68513.88736170
BTCUSDT,1729526400000,0.00010000,67349.29462411
BTCUSDT,1729555200000,0.00010000,67368.70000000
BTCUSDT,1729584000000,0.00010000,67387.30000000
BTCUSDT,1729612800000,0.00010000,67271.54104965
BTCUSDT,1729641600000,0.00010000,67410.62232624
BTCUSDT,1729670400000,0.00010000,66838.00000000
BTCUSDT,1729699200000,0.00010000,66207.10773050
BTCUSDT,1729728000000,0.00010000,66649.66592908
BTCUSDT,1729756800000,0.00010000,67104.50000000
BTCUSDT,1729785600000,0.00010000,67672.84020567
BTCUSDT,1729814400000,0.00010000,68175.57805674
BTCUSDT,1729843200000,0.00010000,67503.60000000
BTCUSDT,1729872000000,0.00010000,67667.15595745
BTCUSDT,1729900800000,0.00004755,66679.84317682
BTCUSDT,1729929600001,0.00007569,66982.64575316
BTCUSDT,1729958400000,0.00010000,66864.20000000
BTCUSDT,1729987200000,0.00010000,67071.90000000
BTCUSDT,1730016000000,0.00009724,67174.80000000
BTCUSDT,1730044800000,0.00010000,67760.95565906
BTCUSDT,1730073600000,0.00009425,67997.20000000
BTCUSDT,1730102400001,0.00010000,68395.69875177
BTCUSDT,1730131200000,0.00008946,68463.40000000
BTCUSDT,1730160000000,0.00010000,69940.00000000
BTCUSDT,1730188800000,0.00010000,70992.07872340
BTCUSDT,1730217600004,0.00010000,72382.82027660
BTCUSDT,1730246400000,0.00010000,72738.79255319
BTCUSDT,1730275200000,0.00010000,72244.90000000
BTCUSDT,1730304000013,0.00010000,72060.36978723
BTCUSDT,1730332800000,0.00010000,72350.66829787
BTCUSDT,1730361600000,0.00010000,72417.80000000
BTCUSDT,1730390400000,0.00010000,70637.76350697
BTCUSDT,1730419200000,0.00010000,70318.15929787
BTCUSDT,1730448000000,0.00010000,69300.16876596
BTCUSDT,1730476800000,0.00010000,69380.64255319
BTCUSDT,1730505600000,0.00010000,69496.19465248
BTCUSDT,1730534400000,0.00010000,69813.99829787
BTCUSDT,1730563200000,0.00010000,69396.79744681
BTCUSDT,1730592000000,0.00010000,69366.60000000
BTCUSDT,1730620800000,0.00010000,68395.17851064
BTCUSDT,1730649600000,0.00010000,68096.02508511
BTCUSDT,1730678400000,0.00010000,68762.50000000
BTCUSDT,1730707200000,0.00010000,68602.86114394
BTCUSDT,1730736000000,0.00010000,68623.66917730
BTCUSDT,1730764800000,0.00010000,67836.62865957
BTCUSDT,1730793600003,0.00010000,68876.00000000
BTCUSDT,1730822400001,0.00010000,69604.99425532
BTCUSDT,1730851200000,0.00010000,69353.10000000
BTCUSDT,1730880000000,0.00010000,73423.50465248
BTCUSDT,1730908800000,0.00010000,74299.90773050
BTCUSDT,1730937600000,0.00010000,75575.32614894
BTCUSDT,1730966400000,0.00010000,74800.00000000
BTCUSDT,1730995200000,0.00010000,76075.60378723
BTCUSDT,1731024000000,0.00010000,75854.54638298
BTCUSDT,1731052800000,0.00010000,76170.90000000
BTCUSDT,1731081600000,0.00010000,76423.30000000
BTCUSDT,1731110400000,0.00010000,76485.96961235
BTCUSDT,1731139200000,0.00010000,76525.24098582
BTCUSDT,1731168000000,0.00010000,76305.60000000
BTCUSDT,1731196800000,0.00010000,76676.09297872
BTCUSDT,1731225600000,0.00025603,78858.20000000
BTCUSDT,1731254400000,0.00014113,79735.10000000
BTCUSDT,1731283200001,0.00036878,80409.90000000
BTCUSDT,1731312000000,0.00010000,81147.80000000
BTCUSDT,1731340800000,0.00010000,84108.24075887
BTCUSDT,1731369600002,0.00049133,88729.00000000
BTCUSDT,1731398400000,0.00043737,89095.40000000
BTCUSDT,1731427200000,0.00038754,86642.44216434
BTCUSDT,1731456000000,0.00010000,87964.81392908
BTCUSDT,1731484800010,0.00013101,87398.59256270
BTCUSDT,1731513600000,0.00021856,92602.70000000
BTCUSDT,1731542400001,0.00010000,90413.12446212
BTCUSDT,1731571200000,0.00010000,90818.90000000
BTCUSDT,1731600000000,0.00010000,87998.09286364
BTCUSDT,1731628800000,0.00010000,87376.26048485
BTCUSDT,1731657600000,0.00010000,87691.73393182
BTCUSDT,1731686400000,0.00010977,88485.40000000
BTCUSDT,1731715200001,0.00010000,91074.60000000
BTCUSDT,1731744000001,0.00010000,91172.07627273
BTCUSDT,1731772800000,0.00013231,90578.00000000
BTCUSDT,1731801600000,0.00015765,90607.94334091
BTCUSDT,1731830400000,0.00010000,90599.90000000
BTCUSDT,1731859200001,0.00010577,90309.70000000
BTCUSDT,1731888000000,0.00010000,89891.57867424
BTCUSDT,1731916800000,0.00036450,91793.76963166
BTCUSDT,1731945600000,0.00021318,92413.93032576
BTCUSDT,1731974400000,0.00021606,90502.14808333
BTCUSDT,1732003200000,0.00030216,91680.59587879
BTCUSDT,1732032000000,0.00017959,92442.80000000
BTCUSDT,1732060800003,0.00010000,92314.05812121
BTCUSDT,1732089600000,0.00010000,92855.88699242
BTCUSDT,1732118400000,0.00010000,94737.50000000
BTCUSDT,1732147200001,0.00010000,94279.51894697
BTCUSDT,1732176000000,0.00010000,96950.00000000
BTCUSDT,1732204800001,0.00010000,96677.04645768
BTCUSDT,1732233600000,0.00010000,98365.10186364
BTCUSDT,1732262400000,0.00010000,99242.81251773
BTCUSDT,1732291200001,0.00010000,98699.90000000
BTCUSDT,1732320000000,0.00010000,98918.67765957
BTCUSDT,1732348800000,0.00010000,98599.83297163
BTCUSDT,1732377600000,0.00010000,98426.00000000
BTCUSDT,1732406400001,0.00010000,97725.50000000
BTCUSDT,1732435200000,0.00016148,98483.95812057
BTCUSDT,1732464000000,0.00023228,95996.21422597
BTCUSDT,1732492800000,0.00021035,97960.50000000
BTCUSDT,1732521600000,0.00010000,98106.56588652
BTCUSDT,1732550400000,0.00025233,96029.20382270
BTCUSDT,1732579200000,0.00021902,93064.10000000
BTCUSDT,1732608000000,0.00017936,93837.30000000
BTCUSDT,1732636800000,0.00029599,92870.07960284
BTCUSDT,1732665600000,0.00031205,92013.70000000
BTCUSDT,1732694400000,0.00016795,93652.10000000
BTCUSDT,1732723200001,0.00010000,95605.80000000
BTCUSDT,1732752000000,0.00010000,95904.89554610
BTCUSDT,1732780800000,0.00014326,95360.15442553
BTCUSDT,1732809600000,0.00011859,95057.36946809
BTCUSDT,1732838400000,0.00020619,95693.94427733
BTCUSDT,1732867200000,0.00011747,95692.14071631
BTCUSDT,1732896000000,0.00021921,98075.20000000
BTCUSDT,1732924800000,0.00010000,97516.30000000
BTCUSDT,1732953600000,0.00015909,96843.30000000
BTCUSDT,1732982400000,0.00012063,96707.40000000
BTCUSDT,1733011200000,0.00015901,96462.19087234
BTCUSDT,1733040000000,0.00019581,96522.20604965
BTCUSDT,1733068800000,0.00010000,97081.50000000
BTCUSDT,1733097600001,0.00025726,97265.10000000
BTCUSDT,1733126400001,0.00024556,96046.45249645
BTCUSDT,1733155200000,0.00013387,97120.00000000
BTCUSDT,1733184000000,0.00012779,95889.10653191
BTCUSDT,1733212800000,0.00024926,95616.20000000
BTCUSDT,1733241600000,0.00011952,95746.09226241
BTCUSDT,1733270400000,0.00026634,95913.27097163
BTCUSDT,1733299200000,0.00026254,96652.10000000
BTCUSDT,1733328000000,0.00023234,95801.60480851
BTCUSDT,1733356800001,0.00027625,98689.14430496
BTCUSDT,1733385600000,0.00072446,102283.62766667
BTCUSDT,1733414400000,0.00047059,101350.10000000
BTCUSDT,1733443200000,0.00010000,97001.60000000
BTCUSDT,1733472000000,0.00014634,98207.61513475
BTCUSDT,1733500800000,0.00010000,99357.34402837
BTCUSDT,1733529600000,0.00031972,99802.50000000
BTCUSDT,1733558400000,0.00012374,99442.60000000
BTCUSDT,1733587200000,0.00014090,99811.50000000
BTCUSDT,1733616000000,0.00016985,99899.10000000
BTCUSDT,1733644800000,0.00016572,99741.60000000
BTCUSDT,1733673600000,0.00017580,99975.00000000
BTCUSDT,1733702400000,0.00030413,101193.94399291
BTCUSDT,1733731200000,0.00021032,99633.40225532
BTCUSDT,1733760000001,0.00011115,97835.11267376
BTCUSDT,1733788800007,0.00010000,97349.10000000
BTCUSDT,1733817600000,0.00010000,97217.70000000
BTCUSDT,1733846400000,0.00010000,95657.98175887
BTCUSDT,1733875200000,0.00010000,96602.30000000
BTCUSDT,1733904000000,0.00010000,97336.18173050
BTCUSDT,1733932800001,0.00010000,100361.01297872
BTCUSDT,1733961600001,0.00010000,101106.90000000
BTCUSDT,1733990400000,0.00010000,100486.46369504
BTCUSDT,1734019200001,0.00010000,101775.10000000
BTCUSDT,1734048000000,0.00010000,99982.30000000
BTCUSDT,1734076800000,0.00010000,100099.90000000
BTCUSDT,1734105600001,0.00010000,99840.10000000
BTCUSDT,1734134400000,0.00006750,101371.90000000
BTCUSDT,1734163200000,0.00010000,101787.00000000
BTCUSDT,1734192000000,0.00010000,101610.85002837
BTCUSDT,1734220800000,0.00010000,101391.60376371
BTCUSDT,1734249600000,0.00008194,101673.93346099
BTCUSDT,1734278400000,0.00010000,102674.84886525
BTCUSDT,1734307200000,0.00010000,104449.00000000
BTCUSDT,1734336000001,0.00010000,104960.31446809
BTCUSDT,1734364800000,0.00009181,106285.31279433
BTCUSDT,1734393600000,0.00007866,106023.30000000
BTCUSDT,1734422400000,0.00010000,106789.01585106
BTCUSDT,1734451200000,0.00010000,106438.49711348
BTCUSDT,1734480000000,0.00010000,106083.97803546
BTCUSDT,1734508800000,0.00009159,104203.79516312
BTCUSDT,1734537600000,0.00010000,104395.10000000
BTCUSDT,1734566400000,0.00010000,100180.74653901
BTCUSDT,1734595200000,0.00010000,101625.15913475
BTCUSDT,1734624000000,0.00010000,100657.71907801
BTCUSDT,1734652800000,0.00010000,97434.40000000
BTCUSDT,1734681600001,0.00010000,97822.91234043
BTCUSDT,1734710400014,0.00010000,96968.45573050
BTCUSDT,1734739200000,0.00010000,97764.50000000
BTCUSDT,1734768000000,0.00001206,98985.40130496
BTCUSDT,1734796800001,0.00010000,97486.50000000
BTCUSDT,1734825600000,0.00010000,97261.80000000
BTCUSDT,1734854400000,0.00010000,96182.08468085
BTCUSDT,1734883200000,0.00009629,95340.90000000
BTCUSDT,1734912000000,0.00010000,95155.89321986
BTCUSDT,1734940800000,0.00010000,95360.40000000
BTCUSDT,1734969600001,0.00008981,93217.60000000
BTCUSDT,1734998400000,0.00010000,94861.10000000
BTCUSDT,1735027200000,0.00010000,94199.90000000
BTCUSDT,1735056000001,0.00010000,98246.90943972
BTCUSDT,1735084800001,0.00010000,98633.62231915
BTCUSDT,1735113600000,0.00010000,98052.36726950
BTCUSDT,1735142400000,0.00010000,98485.70000000
BTCUSDT,1735171200000,0.00009827,99379.60000000
BTCUSDT,1735200000000,0.00007453,97682.41824113
BTCUSDT,1735228800000,0.00008585,96006.00000000
BTCUSDT,1735257600000,0.00010000,95754.23556738
BTCUSDT,1735286400000,0.00010000,95074.97113475
BTCUSDT,1735315200000,0.00010000,94529.41337589
BTCUSDT,1735344000001,0.00010000,94263.83920567
BTCUSDT,1735372800000,0.00007639,94339.82516312
BTCUSDT,1735401600000,0.00005173,94407.80000000
BTCUSDT,1735430400000,0.00008013,95262.82075887
BTCUSDT,1735459200000,0.00010000,95233.30000000
BTCUSDT,1735488000000,0.00010000,94468.77931206
BTCUSDT,1735516800000,-0.00000042,93699.90000000
BTCUSDT,1735545600001,0.00008791,93700.13509929
BTCUSDT,1735574400000,0.00010000,92087.24777305
BTCUSDT,1735603200000,0.00010000,92760.38528369
BTCUSDT,1735632000000,0.00010000,92819.50000000
BTCUSDT,1735660800000,0.00010000,95389.40000000
BTCUSDT,1735689600015,0.00010000,93549.66175177
BTCUSDT,1735718400000,0.00010000,93660.97108511
BTCUSDT,1735747200001,0.00010000,94413.60000000
BTCUSDT,1735776000000,0.00010000,94581.00000000
BTCUSDT,1735804800006,0.00010000,95815.30000000
BTCUSDT,1735833600000,0.00010000,96438.30000000
BTCUSDT,1735862400000,0.00010000,96967.50000000
BTCUSDT,1735891200000,0.00010000,96275.00000000
BTCUSDT,1735920000000,0.00005242,97481.09407092
BTCUSDT,1735948800000,0.00007699,98145.80000000
BTCUSDT,1735977600000,0.00010000,98244.20000000
BTCUSDT,1736006400000,0.00000798,97632.05677305
BTCUSDT,1736035200000,0.00010000,98173.20000000
BTCUSDT,1736064000000,0.00010000,98225.73287943
BTCUSDT,1736092800000,0.00008320,97981.80000000
BTCUSDT,1736121600000,0.00010000,98340.10000000
BTCUSDT,1736150400001,0.00010000,99280.00000000
BTCUSDT,1736179200000,0.00010000,102091.31002128
BTCUSDT,1736208000000,0.00010000,102189.30633333
BTCUSDT,1736236800000,0.00008903,101649.30000000
BTCUSDT,1736265600008,0.00008279,97916.61911959
BTCUSDT,1736294400001,0.00010000,96920.20000000
BTCUSDT,1736323200000,0.00010000,95628.40000000
BTCUSDT,1736352000000,0.00010000,95454.56275887
BTCUSDT,1736380800000,0.00010000,95036.11944681
BTCUSDT,1736409600000,0.00009834,93180.20612057
BTCUSDT,1736438400000,-0.00000544,94195.10000000
BTCUSDT,1736467200000,0.00003966,92515.04219149
BTCUSDT,1736496000000,-0.00001060,94460.50000000
BTCUSDT,1736524800000,0.00008078,93697.90000000
BTCUSDT,1736553600000,0.00005680,94680.94309929
BTCUSDT,1736582400000,0.00004055,94211.97412183
BTCUSDT,1736611200000,0.00002608,94365.80000000
BTCUSDT,1736640000000,0.00005009,94565.09560993
BTCUSDT,1736668800000,0.00003210,94291.30000000
BTCUSDT,1736697600000,0.00006647,95036.75903546
BTCUSDT,1736726400000,0.00005266,94499.90000000
BTCUSDT,1736755200000,0.00006989,93557.90000000
BTCUSDT,1736784000000,0.00000881,92108.14175000
BTCUSDT,1736812800000,0.00010000,94487.76413636
BTCUSDT,1736841600000,0.00010000,94824.19737879
BTCUSDT,1736870400000,0.00009496,96420.52184091
BTCUSDT,1736899200000,0.00004989,96515.00000000
BTCUSDT,1736928000000,0.00008795,97253.80000000
BTCUSDT,1736956800000,0.00005844,98943.30000000
BTCUSDT,1736985600000,0.00000728,100461.91109848
BTCUSDT,1737014400000,0.00007568,99762.50000000
BTCUSDT,1737043200000,0.00004598,99258.31843182
BTCUSDT,1737072000004,0.00004597,99937.40000000
BTCUSDT,1737100800000,0.00009386,101406.90000000
BTCUSDT,1737129600008,0.00003432,103946.30000000
BTCUSDT,1737158400000,0.00006707,104042.50000000
BTCUSDT,1737187200007,0.00010000,102781.74468182
BTCUSDT,1737216000000,0.00010000,104537.59208333
BTCUSDT,1737244800000,0.00010000,104535.24007576
BTCUSDT,1737273600000,0.00010000,105153.39980303
BTCUSDT,1737302400000,0.00010000,104957.60477273
BTCUSDT,1737331200000,0.00010000,101308.10000000
BTCUSDT,1737360000009,0.00010000,107128.89547022
BTCUSDT,1737388800000,0.00010000,104989.60000000
BTCUSDT,1737417600000,0.00010000,102253.89548485
BTCUSDT,1737446400000,0.00010000,101983.49471970
BTCUSDT,1737475200000,0.00010000,103929.10000000
BTCUSDT,1737504000000,0.00010000,106114.40000000
BTCUSDT,1737532800000,0.00010000,105063.80000000
BTCUSDT,1737561600000,0.00010000,104138.91605185
BTCUSDT,1737590400001,0.00008654,103665.00000000
BTCUSDT,1737619200000,0.00010000,102668.30000000
BTCUSDT,1737648000000,0.00008616,105209.90000000
BTCUSDT,1737676800000,0.00000334,103867.57431111
BTCUSDT,1737705600000,0.00007537,104999.90000000
BTCUSDT,1737734400000,0.00009540,105821.80000000
BTCUSDT,1737763200000,0.00005702,104811.52457037
BTCUSDT,1737792000000,0.00008495,104349.40000000
BTCUSDT,1737820800001,0.00007782,104856.23635556
BTCUSDT,1737849600000,0.00008363,104701.90000000
BTCUSDT,1737878400000,0.00010000,104963.80000000
BTCUSDT,1737907200000,0.00008443,104920.00000000
BTCUSDT,1737936000000,0.00009084,102590.39013333
BTCUSDT,1737964800000,0.00003712,98996.40000000
BTCUSDT,1737993600000,0.00000098,101075.16971111
BTCUSDT,1738022400000,0.00010000,102034.61963704
BTCUSDT,1738051200000,0.00003714,102748.81021481
BTCUSDT,1738080000000,0.00009848,102732.49048889
BTCUSDT,1738108800000,0.00010000,101296.47861481
BTCUSDT,1738137600000,0.00010000,102723.30000000
BTCUSDT,1738166400000,0.00009949,101942.29171111
BTCUSDT,1738195200000,0.00007590,103698.20000000
BTCUSDT,1738224000000,0.00010000,105085.20000000
BTCUSDT,1738252800000,0.00009499,105521.20000000
BTCUSDT,1738281600000,0.00001225,104677.00000000
BTCUSDT,1738310400000,0.00010000,104167.68758519
BTCUSDT,1738339200000,0.00010000,105417.40000000
BTCUSDT,1738368000000,0.00008098,102379.70000000
BTCUSDT,1738396800000,0.00005369,102127.00000000
BTCUSDT,1738425600000,0.00005968,102033.72678519
BTCUSDT,1738454400001,0.00005824,100603.60000000
BTCUSDT,1738483200000,0.00003380,99595.81932593
BTCUSDT,1738512000000,-0.00000861,99298.60000000
BTCUSDT,1738540800000,0.00010000,97665.05852593
BTCUSDT,1738569600000,0.00010000,95278.94922222
BTCUSDT,1738598400000,0.00004845,98799.90000000
BTCUSDT,1738627200000,0.00002612,101293.70000000
BTCUSDT,1738656000001,0.00006800,98428.05392593
BTCUSDT,1738684800000,0.00004138,99308.65560920
BTCUSDT,1738713600001,-0.00000461,97709.90000000
BTCUSDT,1738742400001,0.00004774,97816.06753333
BTCUSDT,1738771200000,0.00001610,98063.30000000
BTCUSDT,1738800000001,0.00002186,96558.04809630
BTCUSDT,1738828800001,-0.00000238,98164.90000000
BTCUSDT,1738857600000,0.00005903,97285.60000000
BTCUSDT,1738886400000,0.00007983,96515.00000000
BTCUSDT,1738915200000,0.00006989,96714.18992337
BTCUSDT,1738944000000,0.00005167,98249.70000000
BTCUSDT,1738972800000,-0.00004100,96456.01788889
BTCUSDT,1739001600000,0.00001137,96153.40000000
BTCUSDT,1739030400000,0.00000324,95798.35988889
BTCUSDT,1739059200000,0.00003873,96411.90000000
BTCUSDT,1739088000000,0.00009600,97019.90000000
BTCUSDT,1739116800000,0.00002839,96443.79991852
BTCUSDT,1739145600000,0.00001802,96425.48585185
BTCUSDT,1739174400000,0.00009176,97393.10000000
BTCUSDT,1739203200000,0.00007457,97187.70000000
BTCUSDT,1739232000000,0.00004218,97384.53994815
BTCUSDT,1739260800000,0.00007090,98230.70305185
BTCUSDT,1739289600000,-0.00002446,96963.30000000
BTCUSDT,1739318400000,0.00001298,95731.40000000
BTCUSDT,1739347200000,0.00004899,96032.10000000
BTCUSDT,1739376000001,0.00004960,95768.97002963
BTCUSDT,1739404800001,0.00010000,97828.71390370
BTCUSDT,1739433600000,0.00004117,96022.13023704
BTCUSDT,1739462400001,0.00000805,95950.00000000
BTCUSDT,1739491200000,0.00004100,96560.60000000
BTCUSDT,1739520000001,0.00005510,96894.37109630
BTCUSDT,1739548800000,0.00007093,96886.60000000
BTCUSDT,1739577600000,0.00000055,97449.10151111
BTCUSDT,1739606400000,0.00003297,97312.50000000
BTCUSDT,1739635200000,0.00003735,97594.40000000
BTCUSDT,1739664000000,0.00003390,97537.90000000
BTCUSDT,1739692800000,0.00000182,97207.40000000
BTCUSDT,1739721600000,0.00003799,96859.04847692
BTCUSDT,1739750400000,0.00006239,96073.53976296
BTCUSDT,1739779200000,0.00006397,96031.56637778
BTCUSDT,1739808000000,0.00002009,95610.58525185
BTCUSDT,1739836800000,0.00009488,95743.10000000
BTCUSDT,1739865600000,0.00010000,95416.39865926
BTCUSDT,1739894400000,0.00010000,95510.84027407
BTCUSDT,1739923200000,0.00007007,95621.90000000
BTCUSDT,1739952000000,0.00007779,95640.40000000
BTCUSDT,1739980800000,0.00008960,95895.50000000
BTCUSDT,1740009600000,0.00002420,96605.40166667
BTCUSDT,1740038400000,0.00003269,96825.70000000
BTCUSDT,1740067200000,0.00007346,96860.90000000
BTCUSDT,1740096000001,0.00000123,98252.90000000
BTCUSDT,1740124800000,0.00002286,98128.40000000
BTCUSDT,1740153600000,-0.00000097,98057.70000000
BTCUSDT,1740182400000,0.00010000,96131.40247407
BTCUSDT,1740211200000,0.00006466,96241.70000000
BTCUSDT,1740240000000,0.00002318,96552.60310370
BTCUSDT,1740268800000,0.00004112,96503.38967407
BTCUSDT,1740297600000,0.00003140,96455.97020000
BTCUSDT,1740326400000,0.00001478,95392.57762963
BTCUSDT,1740355200000,-0.00002970,96218.40000000
BTCUSDT,1740384000000,0.00006881,95838.02390370
BTCUSDT,1740412800000,0.00002050,94296.00000000
BTCUSDT,1740441600000,0.00010000,91524.67726667
BTCUSDT,1740470400000,0.00005245,89304.14428352
BTCUSDT,1740499200000,0.00001385,87188.93212261
BTCUSDT,1740528000000,0.00003521,88639.10000000
BTCUSDT,1740556800000,0.00006005,88688.89924444
BTCUSDT,1740585600000,0.00010000,87534.92208148
BTCUSDT,1740614400001,0.00009305,84203.99431111
BTCUSDT,1740643200000,-0.00000617,86227.86960741
BTCUSDT,1740672000000,0.00009433,85473.85978519
BTCUSDT,1740700800001,0.00009444,84667.50000000
BTCUSDT,1740729600000,0.00009521,79174.50011852
BTCUSDT,1740758400000,-0.00000373,83971.85852874
BTCUSDT,1740787200000,-0.00000014,84300.62248148
BTCUSDT,1740816000000,-0.00006108,84707.63182963
BTCUSDT,1740844800001,-0.00000858,84758.97667407
BTCUSDT,1740873600000,-0.00001094,86017.75225185
BTCUSDT,1740902400000,-0.00002783,86191.40000000
BTCUSDT,1740931200000,-0.00002869,87376.32577037
BTCUSDT,1740960000001,-0.00005518,94228.90026667
BTCUSDT,1740988800000,0.00000791,92325.20000000
BTCUSDT,1741017600000,0.00005272,90009.40000000
BTCUSDT,1741046400001,-0.00001526,86181.90000000
BTCUSDT,1741075200005,-0.00000270,83159.40000000
BTCUSDT,1741104000000,0.00001306,82949.73682963
BTCUSDT,1741132800000,0.00004113,87246.00000000
BTCUSDT,1741161600000,0.00002722,87579.60000000
BTCUSDT,1741190400000,0.00005028,88312.60000000
BTCUSDT,1741219200000,0.00003538,90567.40845926
BTCUSDT,1741248000001,0.00006413,91314.75866667
BTCUSDT,1741276800000,0.00006818,90770.91326667
BTCUSDT,1741305600000,-0.00000612,89887.90000000
BTCUSDT,1741334400001,-0.00001539,88311.88999259
BTCUSDT,1741363200000,0.00002028,88417.95212593
BTCUSDT,1741392000000,0.00005328,86753.80000000
BTCUSDT,1741420800001,0.00000373,86159.98070370
BTCUSDT,1741449600001,0.00001208,86360.00000000
BTCUSDT,1741478400001,-0.00002779,86184.80000000
BTCUSDT,1741507200000,0.00003218,85973.77313333
BTCUSDT,1741536000000,0.00010000,83040.22277037
BTCUSDT,1741564800000,0.00003952,80688.70000000
BTCUSDT,1741593600000,0.00001344,82282.17518519
BTCUSDT,1741622400000,0.00004037,79999.21651111
BTCUSDT,1741651200000,0.00004705,78567.80000000
BTCUSDT,1741680000000,0.00003260,80395.91420690
BTCUSDT,1741708800001,0.00008746,81190.70000000
BTCUSDT,1741737600000,0.00000576,82896.00000000
BTCUSDT,1741766400000,0.00005815,82405.10000000
BTCUSDT,1741795200001,0.00004013,81703.59471111
BTCUSDT,1741824000000,0.00000430,83640.60000000
BTCUSDT,1741852800000,0.00002069,83118.50000000
BTCUSDT,1741881600000,0.00003190,81016.00000000
BTCUSDT,1741910400000,0.00005386,81085.40000000
BTCUSDT,1741939200000,0.00005331,82130.62686590
BTCUSDT,1741968000000,0.00000357,84687.30085824
BTCUSDT,1741996800000,-0.00006035,83939.80000000
BTCUSDT,1742025600000,-0.00002389,83799.02800000
BTCUSDT,1742054400000,-0.00000321,84295.70000000
BTCUSDT,1742083200000,0.00000432,84302.90000000
BTCUSDT,1742112000000,0.00004236,84242.00000000
BTCUSDT,1742140800000,0.00001247,83280.00000000
BTCUSDT,1742169600000,0.00001065,82541.60000000
BTCUSDT,1742198400000,0.00008474,83524.17527094
BTCUSDT,1742227200000,0.00000859,83499.10000000
BTCUSDT,1742256000000,0.00000703,83966.75136398
BTCUSDT,1742284800000,0.00002059,83124.70000000
BTCUSDT,1742313600000,0.00003514,81570.50000000
BTCUSDT,1742342400000,0.00000200,82670.47688148
BTCUSDT,1742371200000,0.00005961,83135.80000000
BTCUSDT,1742400000000,0.00005024,84693.10000000
BTCUSDT,1742428800000,0.00001944,86809.80000000
BTCUSDT,1742457600000,0.00003790,85769.99517778
BTCUSDT,1742486400000,0.00001086,84656.40000000
BTCUSDT,1742515200000,0.00001615,84183.60000000
BTCUSDT,1742544000000,0.00005324,83892.55460741
BTCUSDT,1742572800000,0.00002518,83525.90000000
BTCUSDT,1742601600000,0.00002836,84050.30000000
BTCUSDT,1742630400004,-0.00001770,84235.40000000
BTCUSDT,1742659200000,0.00005092,84073.50000000
BTCUSDT,1742688000000,0.00002099,83804.90000000
BTCUSDT,1742716800000,-0.00000184,84232.38148148
BTCUSDT,1742745600000,0.00004020,85153.69642963
BTCUSDT,1742774400000,0.00002039,86052.86289630
BTCUSDT,1742803200000,0.00005512,86831.20146667
BTCUSDT,1742832000000,-0.00003422,88291.95428148
BTCUSDT,1742860800001,-0.00000247,87463.30000000
BTCUSDT,1742889600000,0.00001150,86404.40000000
BTCUSDT,1742918400000,-0.00003776,87727.92137778
BTCUSDT,1742947200000,-0.00002990,87369.90000000
BTCUSDT,1742976000000,0.00001659,88106.70000000
BTCUSDT,1743004800001,-0.00003082,86704.27858519
BTCUSDT,1743033600001,0.00003136,86873.80000000
BTCUSDT,1743062400001,0.00005512,87363.20000000
BTCUSDT,1743091200002,-0.00003760,86931.84454074
BTCUSDT,1743120000001,0.00001584,87191.20000000
BTCUSDT,1743148800001,-0.00000457,85181.54060741
BTCUSDT,1743177600000,0.00008118,84011.10000000
BTCUSDT,1743206400000,0.00005364,84380.70000000
BTCUSDT,1743235200000,0.00008214,83699.76590769
BTCUSDT,1743264000000,0.00002530,82371.60000000
BTCUSDT,1743292800000,0.00000341,82608.11504215
BTCUSDT,1743321600000,0.00000427,83037.50000000
BTCUSDT,1743350400000,0.00004588,82699.90000000
BTCUSDT,1743379200000,0.00002643,82345.30000000
BTCUSDT,1743408000000,0.00006020,81895.20000000
BTCUSDT,1743436800000,0.00001845,83373.40000000
BTCUSDT,1743465600000,0.00003961,82517.67674815
BTCUSDT,1743494400001,0.00002889,83415.20000000
BTCUSDT,1743523200000,0.00003573,85245.40000000
BTCUSDT,1743552000001,-0.00002112,85120.90000000
BTCUSDT,1743580800000,0.00003036,84393.10059259
BTCUSDT,1743609600000,0.00000733,86716.90000000
BTCUSDT,1743638400000,0.00005862,82485.00000000
BTCUSDT,1743667200000,0.00005038,83423.97282759
BTCUSDT,1743696000000,0.00006484,82009.80792337
BTCUSDT,1743724800000,0.00004283,83168.70000000
BTCUSDT,1743753600000,0.00004736,83968.10000000
BTCUSDT,1743782400000,0.00008038,82822.00000000
BTCUSDT,1743811200000,0.00008559,83861.30000000
BTCUSDT,1743840000000,0.00007437,83490.00000000
BTCUSDT,1743868800000,0.00000408,82582.45056296
BTCUSDT,1743897600000,0.00000221,83501.91631852
BTCUSDT,1743926400000,0.00005363,82990.90000000
BTCUSDT,1743955200002,-0.00000603,82503.61944061
BTCUSDT,1743984000000,0.00004946,78392.35042912
BTCUSDT,1744012800000,0.00006857,75088.25410370
BTCUSDT,1744041600000,0.00004998,78465.57328148
BTCUSDT,1744070400000,0.00004074,79140.10000000
BTCUSDT,1744099200000,0.00003575,79455.76043704
BTCUSDT,1744128000000,0.00003134,78462.82929630
BTCUSDT,1744156800000,0.00009568,76297.90000000
BTCUSDT,1744185600001,-0.00002252,77645.50000000
BTCUSDT,1744214400000,0.00006856,77224.48104444
BTCUSDT,1744243200000,0.00007705,82588.00000000
BTCUSDT,1744272000000,0.00000114,81561.50000000
BTCUSDT,1744300800000,0.00006775,78726.30000000
BTCUSDT,1744329600001,0.00002065,79576.11047407
BTCUSDT,1744358400000,-0.00004294,81213.70000000
BTCUSDT,1744387200000,0.00003290,82486.70000000
BTCUSDT,1744416000000,0.00003654,83385.70000000
BTCUSDT,1744444800001,0.00005640,83685.40000000
BTCUSDT,1744473600000,0.00005388,84974.20000000
BTCUSDT,1744502400000,0.00005057,85240.01637778
BTCUSDT,1744531200000,0.00008429,84383.61757037
BTCUSDT,1744560000000,0.00009642,83820.10000000
BTCUSDT,1744588800000,0.00008113,83715.61378519
BTCUSDT,1744617600000,0.00007127,84545.16948148
BTCUSDT,1744646400000,0.00002428,84063.10000000
BTCUSDT,1744675200000,-0.00002073,84553.90000000
BTCUSDT,1744704000000,0.00006606,85691.30000000
BTCUSDT,1744732800001,0.00001883,84874.59705926
BTCUSDT,1744761600000,0.00002428,83608.70000000
BTCUSDT,1744790400000,0.00006917,83336.36678161
BTCUSDT,1744819200000,0.00001978,84801.70000000
BTCUSDT,1744848000001,0.00001404,83994.18360000
BTCUSDT,1744876800000,0.00005679,84630.32499202
BTCUSDT,1744905600001,0.00003425,84495.50000000
BTCUSDT,1744934400000,0.00001788,84916.10982222
BTCUSDT,1744963200000,0.00007071,84622.90000000
BTCUSDT,1744992000000,0.00002995,84337.39696296
BTCUSDT,1745020800000,0.00002930,84429.71837548
BTCUSDT,1745049600000,0.00006024,85174.50000000
BTCUSDT,1745078400000,-0.00001953,85146.20000000
BTCUSDT,1745107200000,-0.00000298,85046.90000000
BTCUSDT,1745136000000,-0.00001078,84739.09365128
BTCUSDT,1745164800000,-0.00002258,84305.11534074
BTCUSDT,1745193600000,0.00005232,85142.30088148
BTCUSDT,1745222400005,0.00005403,87400.60000000
BTCUSDT,1745251200003,0.00001553,87998.12642222
BTCUSDT,1745280000008,0.00007749,87467.82270370
BTCUSDT,1745308800000,-0.00000744,88436.16399259
BTCUSDT,1745337600000,-0.00007045,90881.10000000
BTCUSDT,1745366400000,-0.00001389,93404.90000000
BTCUSDT,1745395200002,0.00001374,94110.36297318
BTCUSDT,1745424000000,0.00004587,93149.55929437
BTCUSDT,1745452800000,-0.00002671,93641.27053973
BTCUSDT,1745481600001,0.00005210,92167.24875325
BTCUSDT,1745510400001,-0.00002165,93148.88519481
BTCUSDT,1745539200007,-0.00001764,93931.60000000
BTCUSDT,1745568000002,0.00000170,93734.00000000
BTCUSDT,1745596800003,0.00000120,95000.28830833
BTCUSDT,1745625600002,-0.00010085,94591.80000000
BTCUSDT,1745654400000,-0.00002774,94523.02069167
BTCUSDT,1745683200002,0.00002855,94326.89167892
BTCUSDT,1745712000001,-0.00001500,94575.70000000
BTCUSDT,1745740800000,-0.00000660,94027.70000000
BTCUSDT,1745769600000,-0.00000421,93857.80000000
BTCUSDT,1745798400001,0.00000373,93697.00000000
BTCUSDT,1745827200003,0.00000246,94641.50000000
BTCUSDT,1745856000005,-0.00005821,93782.50000000
BTCUSDT,1745884800000,-0.00000773,94969.00000000
BTCUSDT,1745913600000,0.00000413,94877.90000000
BTCUSDT,1745942400010,0.00001305,94800.87365217
BTCUSDT,1745971200001,-0.00005181,94211.74500725
BTCUSDT,1746000000000,0.00002939,94577.60000000
BTCUSDT,1746028800003,-0.00003797,93961.60732609
BTCUSDT,1746057600000,0.00003519,94130.75027536
BTCUSDT,1746086400000,0.00005755,94983.01632609
BTCUSDT,1746115200001,-0.00008028,96794.89389805
BTCUSDT,1746144000000,-0.00012232,96433.84531159
BTCUSDT,1746172800000,-0.00009382,96302.10000000
BTCUSDT,1746201600003,-0.00008689,97277.00616667
BTCUSDT,1746230400000,-0.00005953,96831.65852586
BTCUSDT,1746259200000,0.00003198,96290.80000000
BTCUSDT,1746288000000,-0.00001483,96360.13496232
BTCUSDT,1746316800001,0.00000370,95819.52819239
BTCUSDT,1746345600001,0.00003229,95842.10000000
BTCUSDT,1746374400002,0.00003745,95421.10000000
BTCUSDT,1746403200000,-0.00002404,94240.51430435
BTCUSDT,1746432000000,0.00003636,94697.80169565
BTCUSDT,1746460800006,-0.00002247,93731.39948913
BTCUSDT,1746489600002,0.00001978,94696.80000000
BTCUSDT,1746518400005,0.00004440,94353.53756884
BTCUSDT,1746547200000,0.00000757,94511.80000000
BTCUSDT,1746576000002,0.00001218,96794.50000000
BTCUSDT,1746604800000,-0.00000025,96949.17783333
BTCUSDT,1746633600006,0.00001320,96888.90000000
BTCUSDT,1746662400000,0.00002318,96990.24909783
BTCUSDT,1746691200001,0.00004608,99215.08710145
BTCUSDT,1746720000002,0.00005728,100730.90000000
BTCUSDT,1746748800001,0.00010000,103241.74847826
BTCUSDT,1746777600006,0.00010000,103628.90270290
BTCUSDT,1746806400000,0.00004378,102852.40000000
BTCUSDT,1746835200001,0.00009657,102941.80000000
BTCUSDT,1746864000000,0.00010000,103721.70000000
BTCUSDT,1746892800001,0.00004257,103102.70000000
BTCUSDT,1746921600000,0.00010000,104789.00000000
BTCUSDT,1746950400001,0.00004150,103336.90000000
BTCUSDT,1746979200001,0.00010000,104089.06693841
BTCUSDT,1747008000004,0.00004454,104072.80000000
BTCUSDT,1747036800000,0.00010000,104426.20000000
BTCUSDT,1747065600000,0.00002301,102484.98667754
BTCUSDT,1747094400000,0.00006847,102739.98641667
BTCUSDT,1747123200008,0.00010000,102624.00000000
BTCUSDT,1747152000001,0.00007256,103642.21569565
BTCUSDT,1747180800007,0.00009921,104082.25016667
BTCUSDT,1747209600000,0.00007542,103662.20000000
BTCUSDT,1747238400002,0.00003175,103461.40000000
BTCUSDT,1747267200000,0.00002978,103458.20000000
BTCUSDT,1747296000003,0.00005336,101733.90000000
BTCUSDT,1747324800000,0.00001439,103212.64269928
BTCUSDT,1747353600001,0.00004504,103731.00000000
BTCUSDT,1747382400000,0.00007535,103646.60000000
BTCUSDT,1747411200000,0.00004768,104152.87767029
BTCUSDT,1747440000000,0.00002821,103420.88946739
BTCUSDT,1747468800001,0.00003340,103399.40000000
BTCUSDT,1747497600004,0.00000597,102900.00000000
BTCUSDT,1747526400000,0.00006742,103079.50000000
BTCUSDT,1747555200000,0.00005903,103891.40000000
BTCUSDT,1747584000000,0.00010000,105484.20000000
BTCUSDT,1747612800000,0.00005990,106415.65899638
BTCUSDT,1747641600006,0.00006040,103175.66738043
BTCUSDT,1747670400010,0.00002110,104740.40000000
BTCUSDT,1747699200000,0.00008378,105539.99272464
BTCUSDT,1747728000002,0.00007107,104998.20574797
BTCUSDT,1747756800000,0.00001266,105294.50000000
BTCUSDT,1747785600000,0.00008767,106800.40000000
BTCUSDT,1747814400001,0.00007147,106469.35994203
BTCUSDT,1747843200004,0.00005119,108936.70000000
BTCUSDT,1747872000001,0.00010000,109611.57980435
BTCUSDT,1747900800000,0.00010000,111005.80000000
BTCUSDT,1747929600002,0.00010000,111236.80000000
BTCUSDT,1747958400006,0.00009321,111663.50596536
BTCUSDT,1747987200000,0.00007261,110685.20000000
BTCUSDT,1748016000007,0.00008614,108889.20000000
BTCUSDT,1748044800010,0.00003524,107273.62679710
BTCUSDT,1748073600000,0.00004590,107554.85993116
BTCUSDT,1748102400003,0.00007837,108895.88856522
BTCUSDT,1748131200004,0.00009794,107698.90000000
BTCUSDT,1748160000000,0.00005113,107634.70000000
BTCUSDT,1748188800000,0.00003651,106928.00000000
BTCUSDT,1748217600000,0.00007331,108955.90000000
BTCUSDT,1748246400000,0.00010000,110050.00000000
BTCUSDT,1748275200002,0.00009782,109951.10000000
BTCUSDT,1748304000003,0.00007650,109403.70430072
BTCUSDT,1748332800001,0.00007266,109471.80000000
BTCUSDT,1748361600005,0.00002476,110091.30000000
BTCUSDT,1748390400002,0.00003260,108889.20000000
BTCUSDT,1748419200003,0.00002164,108764.90000000
BTCUSDT,1748448000002,0.00005368,107066.31867754
BTCUSDT,1748476800000,0.00003186,107723.10000000
BTCUSDT,1748505600006,0.00002812,107839.50000000
BTCUSDT,1748534400000,0.00008379,106972.60000000
BTCUSDT,1748563200003,0.00002622,105540.00000000
BTCUSDT,1748592000003,0.00003849,104997.40000000
BTCUSDT,1748620800000,0.00007392,105503.90000000
BTCUSDT,1748649600000,0.00008506,103950.00000000
BTCUSDT,1748678400000,0.00007552,103701.25933333
BTCUSDT,1748707200000,0.00004687,104499.67307246
BTCUSDT,1748736000001,-0.00000582,104544.70000000
BTCUSDT,1748764800002,0.00002335,104231.00000000
BTCUSDT,1748793600000,0.00004117,104664.00000000
BTCUSDT,1748822400001,-0.00000642,105589.61297464
BTCUSDT,1748851200000,0.00005593,105346.40000000
BTCUSDT,1748880000000,0.00004467,104396.90000000
BTCUSDT,1748908800000,0.00005005,105814.40000000
BTCUSDT,1748937600000,0.00006066,105134.30000000
BTCUSDT,1748966400001,0.00004456,106556.10000000
BTCUSDT,1748995200000,-0.00000011,105330.10000000
BTCUSDT,1749024000000,0.00002611,105260.46566250
BTCUSDT,1749052800000,0.00000962,105255.92777899
BTCUSDT,1749081600016,0.00000074,104646.03764130
BTCUSDT,1749110400000,0.00002871,104473.00000000
BTCUSDT,1749139200000,0.00005156,104485.40000000
BTCUSDT,1749168000002,-0.00003491,101458.70000000
BTCUSDT,1749196800000,-0.00003030,103096.80000000
BTCUSDT,1749225600006,-0.00002995,105037.54876812
BTCUSDT,1749254400000,-0.00002890,104240.10000000
BTCUSDT,1749283200000,-0.00003158,104813.72660507
BTCUSDT,1749312000002,0.00000294,105508.84818333
BTCUSDT,1749340800000,0.00004808,105509.63211957
BTCUSDT,1749369600000,0.00005613,105380.40000000
BTCUSDT,1749398400000,-0.00003602,105923.14248188
BTCUSDT,1749427200000,-0.00002164,105679.25375362
BTCUSDT,1749456000001,0.00004024,105517.90905797
BTCUSDT,1749484800001,0.00003057,107568.29532246
BTCUSDT,1749513600000,0.00006374,110227.90000000
BTCUSDT,1749542400001,0.00010000,109178.10000000
BTCUSDT,1749571200003,0.00008165,108970.17962319
BTCUSDT,1749600000000,0.00008779,110235.30000000
BTCUSDT,1749628800000,0.00008390,109397.00000000
BTCUSDT,1749657600010,0.00005039,109694.90000000
BTCUSDT,1749686400002,0.00001856,108610.75909727
BTCUSDT,1749715200003,0.00007247,107578.64501938
BTCUSDT,1749744000001,0.00001198,106960.70000000
BTCUSDT,1749772800000,-0.00001801,105621.56706522
BTCUSDT,1749801600001,-0.00000270,104831.40000000
BTCUSDT,1749830400004,0.00003857,105392.00000000
BTCUSDT,1749859200000,0.00001958,106031.87648551
BTCUSDT,1749888000000,0.00003858,105029.92107590
BTCUSDT,1749916800000,0.00001135,104785.31052899
BTCUSDT,1749945600005,-0.00003641,105359.80000000
BTCUSDT,1749974400009,0.00001439,105378.68969203
BTCUSDT,1750003200000,0.00007369,105526.00000000
BTCUSDT,1750032000000,0.00000936,105546.26398514
BTCUSDT,1750060800000,0.00005070,107023.80000000
BTCUSDT,1750089600003,0.00002793,107375.00000000
BTCUSDT,1750118400000,0.00001847,106750.10000000
BTCUSDT,1750147200006,0.00005776,106711.10000000
BTCUSDT,1750176000001,0.00002211,104203.95066304
BTCUSDT,1750204800001,-0.00001752,104508.00000000
BTCUSDT,1750233600001,0.00003695,104925.60000000
BTCUSDT,1750262400001,0.00006692,104751.91415217
BTCUSDT,1750291200005,0.00000845,104836.47953623
BTCUSDT,1750320000003,0.00000616,104593.47301449
BTCUSDT,1750348800000,0.00002396,104055.20000000
BTCUSDT,1750377600000,0.00003565,104612.28734221
BTCUSDT,1750406400002,0.00007862,105763.50000000
BTCUSDT,1750435200001,0.00002400,104168.50000000
BTCUSDT,1750464000002,0.00003977,103246.00000000
BTCUSDT,1750492800005,0.00001933,103405.77309257
BTCUSDT,1750521600000,0.00007440,103516.70000000
BTCUSDT,1750550400005,0.00002883,102072.00000000
BTCUSDT,1750579200000,0.00010000,102399.00000000
BTCUSDT,1750608000003,0.00004145,98855.01865881
BTCUSDT,1750636800000,-0.00001061,100917.08497464
BTCUSDT,1750665600004,-0.00002809,101874.40000000
BTCUSDT,1750694400013,0.00004889,101374.20000000
BTCUSDT,1750723200003,0.00001245,105293.94364855
BTCUSDT,1750752000000,0.00001218,104909.91579710
BTCUSDT,1750780800000,0.00000447,105182.21770290
BTCUSDT,1750809600005,-0.00003174,106035.00000000
BTCUSDT,1750838400000,0.00002747,106556.27685145
BTCUSDT,1750867200005,0.00000962,106984.14716304
BTCUSDT,1750896000000,0.00000141,107283.48498551
BTCUSDT,1750924800006,0.00003805,107768.60000000
BTCUSDT,1750953600007,0.00000682,107259.90000000
BTCUSDT,1750982400000,0.00001113,106913.80000000
BTCUSDT,1751011200000,0.00002663,106822.99177536
BTCUSDT,1751040000009,0.00002557,107261.20000000
BTCUSDT,1751068800001,-0.00001161,106996.90000000
BTCUSDT,1751097600002,0.00006053,107433.05392391
BTCUSDT,1751126400000,0.00004434,107407.60000000
BTCUSDT,1751155200004,0.00001250,107241.00000000
BTCUSDT,1751184000001,0.00005360,107355.60000000
BTCUSDT,1751212800001,0.00010000,107694.80147464
BTCUSDT,1751241600000,0.00001084,108310.31981522
BTCUSDT,1751270400005,0.00002959,107562.60000000
BTCUSDT,1751299200002,0.00004923,107538.70402174
BTCUSDT,1751328000007,0.00001053,107096.82611594
BTCUSDT,1751356800002,0.00004334,107122.80000000
BTCUSDT,1751385600000,0.00001109,105905.40000000
BTCUSDT,1751414400001,0.00001807,105638.00000000
BTCUSDT,1751443200000,0.00003403,107026.00000000
BTCUSDT,1751472000003,0.00004130,108695.30000000
BTCUSDT,1751500800006,0.00004871,108800.00000000
BTCUSDT,1751529600003,0.00003562,109235.04085870
BTCUSDT,1751558400003,0.00005028,109089.90000000
BTCUSDT,1751587200005,0.00005230,109545.20000000
BTCUSDT,1751616000003,0.00005009,108666.22027536
BTCUSDT,1751644800001,0.00001797,107534.70000000
BTCUSDT,1751673600004,0.00001066,107935.30000000
BTCUSDT,1751702400009,0.00003055,108001.93068165
BTCUSDT,1751731200006,0.00004005,108012.70000000
BTCUSDT,1751760000001,0.00001941,108153.40000000
BTCUSDT,1751788800002,0.00001665,107991.40000000
BTCUSDT,1751817600004,0.00001028,108856.80000000
BTCUSDT,1751846400000,0.00002360,109145.80000000
BTCUSDT,1751875200007,0.00003438,109016.30000000
BTCUSDT,1751904000000,0.00004271,108252.00000000
BTCUSDT,1751932800010,0.00001073,108208.86520652
BTCUSDT,1751961600003,0.00004563,108440.60000000
BTCUSDT,1751990400000,0.00003601,108216.90000000
BTCUSDT,1752019200002,0.00003093,108873.10000000
BTCUSDT,1752048000006,0.00003396,108674.80000000
BTCUSDT,1752076800001,0.00004253,109020.00000000
BTCUSDT,1752105600003,0.00010000,111199.80000000
BTCUSDT,1752134400000,0.00008523,111186.10000000
BTCUSDT,1752163200004,0.00001908,111349.50000000
BTCUSDT,1752192000004,0.00010000,115979.20000000
BTCUSDT,1752220800007,0.00010000,117522.80000000
BTCUSDT,1752249600001,0.00010000,116897.42130435
BTCUSDT,1752278400000,0.00010000,117501.26688406
BTCUSDT,1752307200001,0.00010000,117689.70000000
BTCUSDT,1752336000002,0.00010000,117075.50000000
BTCUSDT,1752364800006,0.00010000,117389.40000000
BTCUSDT,1752393600001,0.00010000,117957.51349275
BTCUSDT,1752422400003,0.00010000,118611.53782971
BTCUSDT,1752451200000,0.00008051,119041.56046377
BTCUSDT,1752480000000,0.00010000,122717.44717391
BTCUSDT,1752508800000,0.00010000,119867.57057971
BTCUSDT,1752537600002,0.00010000,119818.52750362
BTCUSDT,1752566400000,0.00010000,116780.52426812
BTCUSDT,1752595200000,0.00010000,116389.57304348
BTCUSDT,1752624000000,0.00010000,117738.50000000
BTCUSDT,1752652800000,0.00010000,118184.09413043
BTCUSDT,1752681600008,0.00010000,119054.30000000
BTCUSDT,1752710400003,0.00010000,118598.08606159
BTCUSDT,1752739200000,0.00010000,118289.10000000
BTCUSDT,1752768000000,0.00010000,118874.61847826
BTCUSDT,1752796800004,0.00010000,119176.60000000
BTCUSDT,1752825600000,0.00010000,119356.50000000
BTCUSDT,1752854400000,0.00010000,117851.82027174
BTCUSDT,1752883200009,0.00010000,117897.67534058
BTCUSDT,1752912000000,0.00010000,118135.00000000
BTCUSDT,1752940800002,0.00010000,118036.56383986
BTCUSDT,1752969600000,0.00010000,117814.40000000
BTCUSDT,1752998400000,0.00010000,117993.92586594
BTCUSDT,1753027200000,0.00010000,118669.40000000
BTCUSDT,1753056000001,0.00010000,117227.38173188
BTCUSDT,1753084800000,0.00010000,119352.10000000
BTCUSDT,1753113600001,0.00010000,118304.20000000
BTCUSDT,1753142400000,0.00010000,117331.09485145
BTCUSDT,1753171200010,0.00010000,117959.50000000
BTCUSDT,1753200000007,0.00010000,118899.80000000
BTCUSDT,1753228800000,0.00010000,119993.70000000
BTCUSDT,1753257600004,0.00010000,118327.36687681
BTCUSDT,1753286400002,0.00010000,118531.00000000
BTCUSDT,1753315200000,0.00010000,118713.50000000
BTCUSDT,1753344000001,0.00010000,118368.00000000
BTCUSDT,1753372800000,0.00010000,119074.10000000
BTCUSDT,1753401600000,0.00010000,118283.40000000
BTCUSDT,1753430400000,0.00010000,115314.35953986
BTCUSDT,1753459200000,0.00010000,115691.05080797
BTCUSDT,1753488000001,0.00010000,117588.55875092
BTCUSDT,1753516800005,0.00010000,117288.73869928
BTCUSDT,1753545600001,0.00010000,118112.87820652
BTCUSDT,1753574400001,0.00010000,117889.30000000
BTCUSDT,1753603200000,0.00010000,118087.08156884
BTCUSDT,1753632000008,0.00010000,118580.80000000
BTCUSDT,1753660800005,0.00010000,119419.44478261
BTCUSDT,1753689600000,0.00010000,118886.24443841
BTCUSDT,1753718400000,0.00010000,118158.66325758
BTCUSDT,1753747200001,0.00010000,118041.86715530
BTCUSDT,1753776000000,0.00010000,118856.30000000
BTCUSDT,1753804800000,0.00010000,117351.43826812
BTCUSDT,1753833600011,0.00010000,117904.12262319
BTCUSDT,1753862400000,0.00010000,118083.20000000
BTCUSDT,1753891200008,0.00010000,117949.90000000
BTCUSDT,1753920000000,0.00005694,117772.92036957
BTCUSDT,1753948800009,0.00010000,118624.00000000
BTCUSDT,1753977600000,0.00010000,118263.69556522
BTCUSDT,1754006400001,-0.00001408,115702.16776087
BTCUSDT,1754035200003,0.00001549,115035.53571377
BTCUSDT,1754064000000,0.00005681,115305.30000000
BTCUSDT,1754092800004,0.00004810,113244.70000000
BTCUSDT,1754121600000,0.00000894,113920.40738768
BTCUSDT,1754150400000,0.00004437,112798.50000000
BTCUSDT,1754179200000,0.00005633,112509.76593841
BTCUSDT,1754208000000,0.00004533,113647.10000000
BTCUSDT,1754236800003,0.00007504,113905.36980217
BTCUSDT,1754265600004,0.00004188,114150.84958333
BTCUSDT,1754294400000,0.00005719,114606.90000000
BTCUSDT,1754323200002,0.00003912,114774.55804710
BTCUSDT,1754352000000,0.00007101,115002.10000000
BTCUSDT,1754380800000,0.00008589,113924.70000000
BTCUSDT,1754409600000,0.00004784,112890.03634109
BTCUSDT,1754438400005,0.00005172,114077.36580435
BTCUSDT,1754467200000,0.00009275,114180.50319380
BTCUSDT,1754496000000,0.00008288,115389.84358140
BTCUSDT,1754524800003,0.00004843,114945.22391860
BTCUSDT,1754553600002,0.00007574,114751.20000000
BTCUSDT,1754582400002,0.00006275,116634.60000000
BTCUSDT,1754611200002,0.00002403,117419.90000000
BTCUSDT,1754640000004,0.00001729,116773.12222500
BTCUSDT,1754668800000,0.00007973,116170.72810417
BTCUSDT,1754697600005,0.00008835,116628.20000000
BTCUSDT,1754726400000,0.00009087,116703.20000000
BTCUSDT,1754755200007,0.00005151,116839.01276667
BTCUSDT,1754784000003,0.00009849,116422.00000000
BTCUSDT,1754812800005,0.00010000,117770.10000000
BTCUSDT,1754841600002,0.00010000,118773.19905000
BTCUSDT,1754870400000,0.00010000,119255.30000000
BTCUSDT,1754899200000,0.00010000,121533.48500000
BTCUSDT,1754928000000,0.00010000,120276.94746739
BTCUSDT,1754956800000,0.00010000,118642.12869203
BTCUSDT,1754985600001,0.00007988,118931.90000000
BTCUSDT,1755014400005,0.00008543,119887.90000000
BTCUSDT,1755043200000,0.00007123,120081.00000000
BTCUSDT,1755072000002,0.00010000,119546.71040942
BTCUSDT,1755100800006,0.00010000,120907.16175725
BTCUSDT,1755129600002,0.00010000,123324.00000000
BTCUSDT,1755158400003,0.00010000,121739.29889855
BTCUSDT,1755187200000,0.00010000,118206.50000000
BTCUSDT,1755216000000,0.00001939,118245.12016304
BTCUSDT,1755244800000,0.00007990,118908.40000000
BTCUSDT,1755273600000,0.00003722,117224.26810507
BTCUSDT,1755302400004,0.00008850,117282.05060833
BTCUSDT,1755331200000,0.00008268,117543.60000000
BTCUSDT,1755360000002,0.00009023,117626.90000000
BTCUSDT,1755388800000,0.00008206,117333.60187083
BTCUSDT,1755417600001,0.00004680,117949.90000000
BTCUSDT,1755446400007,0.00001862,118193.93730833
BTCUSDT,1755475200000,0.00002846,117358.84539167
BTCUSDT,1755504000001,-0.00000682,115153.20000000
BTCUSDT,1755532800002,0.00005296,116099.90000000
BTCUSDT,1755561600000,0.00007137,116183.60000000
BTCUSDT,1755590400001,0.00006262,114928.80000000
BTCUSDT,1755619200000,0.00003167,113730.00000000
BTCUSDT,1755648000000,0.00004543,112829.16656522
BTCUSDT,1755676800000,0.00001364,113436.70000000
BTCUSDT,1755705600000,0.00004936,113293.10000000
BTCUSDT,1755734400006,0.00001143,114221.25347464
BTCUSDT,1755763200000,0.00007757,113836.80000000
BTCUSDT,1755792000003,0.00007414,112748.90000000
BTCUSDT,1755820800010,0.00007296,112461.50000000
BTCUSDT,1755849600007,0.00010000,113040.10000000
BTCUSDT,1755878400001,0.00005867,116319.30000000
BTCUSDT,1755907200004,0.00010000,116897.50000000
BTCUSDT,1755936000006,0.00010000,115769.90000000
BTCUSDT,1755964800000,0.00009711,114778.21648188
BTCUSDT,1755993600001,0.00010000,115377.10000000
BTCUSDT,1756022400002,0.00010000,114854.80000000
BTCUSDT,1756051200001,0.00010000,114374.99972826
BTCUSDT,1756080000000,0.00010000,113446.30000000
BTCUSDT,1756108800002,0.00010000,111472.55518478
BTCUSDT,1756137600002,0.00008344,112139.10000000
BTCUSDT,1756166400000,0.00004522,110064.58160507
BTCUSDT,1756195200000,0.00003900,110246.49650362
BTCUSDT,1756224000000,0.00010000,109634.08811594
BTCUSDT,1756252800003,0.00001802,111709.90000000
BTCUSDT,1756281600000,0.00005503,110688.00000000
BTCUSDT,1756310400009,0.00003496,111965.10000000
BTCUSDT,1756339200000,0.00005297,111207.83953261
BTCUSDT,1756368000005,0.00009693,113079.30000000
BTCUSDT,1756396800004,0.00007512,112642.41909420
BTCUSDT,1756425600000,0.00004261,112509.45998913
BTCUSDT,1756454400000,0.00005856,109989.38102899
BTCUSDT,1756483200005,0.00000644,108340.72792754
BTCUSDT,1756512000000,0.00007523,108332.40000000
BTCUSDT,1756540800002,0.00007979,108466.70000000
BTCUSDT,1756569600003,0.00008042,108830.00000000
BTCUSDT,1756598400016,-0.00001232,108758.15376812
BTCUSDT,1756627200000,0.00004749,108658.20000000
BTCUSDT,1756656000001,0.00010000,108763.86765217
BTCUSDT,1756684800000,0.00004660,108208.30000000
BTCUSDT,1756713600000,0.00010000,109367.80000000
BTCUSDT,1756742400001,0.00004963,108737.90000000
BTCUSDT,1756771200000,0.00006946,109193.10473913
BTCUSDT,1756800000005,0.00008805,110190.10000000
BTCUSDT,1756828800007,0.00006356,110789.90000000
BTCUSDT,1756857600006,0.00000767,111189.75470652
BTCUSDT,1756886400002,0.00005127,111045.87517029
BTCUSDT,1756915200002,0.00002344,112171.59743478
BTCUSDT,1756944000002,0.00001808,111664.20931522
BTCUSDT,1756972800000,0.00004385,110417.30000000
BTCUSDT,1757001600000,0.00007941,109464.10000000
BTCUSDT,1757030400001,0.00007532,110679.50000000
BTCUSDT,1757059200006,0.00010000,112906.33317391
BTCUSDT,1757088000000,0.00007872,110672.10000000
BTCUSDT,1757116800000,0.00001297,110614.90000000
BTCUSDT,1757145600005,0.00005660,110779.90000000
BTCUSDT,1757174400000,0.00005110,110324.20000000
BTCUSDT,1757203200000,0.00001970,110135.30000000
BTCUSDT,1757232000000,0.00003611,110710.80000000
BTCUSDT,1757260800000,0.00006969,111280.66566667
BTCUSDT,1757289600007,0.00009404,111079.27970290
BTCUSDT,1757318400000,0.00006682,111236.40000000
BTCUSDT,1757347200000,0.00007311,112574.15101812
BTCUSDT,1757376000000,0.00003799,112015.09961957
BTCUSDT,1757404800000,0.00010000,112952.16761594
BTCUSDT,1757433600000,0.00010000,110830.10000000
BTCUSDT,1757462400000,0.00005805,111500.00000000
BTCUSDT,1757491200002,0.00005026,112503.82111957
BTCUSDT,1757520000000,0.00010000,113795.60000000
BTCUSDT,1757548800000,0.00005843,113899.89001087
BTCUSDT,1757577600000,0.00004283,114040.00000000
BTCUSDT,1757606400001,0.00003326,114133.27146739
BTCUSDT,1757635200002,0.00006137,115426.90000000
BTCUSDT,1757664000001,0.00003768,115049.00000000
BTCUSDT,1757692800005,0.00006891,115064.80000000
BTCUSDT,1757721600005,-0.00001554,115978.40000000
BTCUSDT,1757750400002,0.00002251,115719.33161349
BTCUSDT,1757779200000,0.00003137,115721.30000000
BTCUSDT,1757808000006,0.00008182,115865.61246739
BTCUSDT,1757836800000,0.00004780,115747.96161957
BTCUSDT,1757865600001,0.00003115,115191.27874724
BTCUSDT,1757894400006,0.00006207,115227.83664493
BTCUSDT,1757923200002,0.00008259,115769.60000000
BTCUSDT,1757952000001,0.00008189,114805.44046377
BTCUSDT,1757980800001,0.00000997,115300.60000000
BTCUSDT,1758009600000,0.00006991,115799.40000000
BTCUSDT,1758038400000,0.00006472,115878.00000000
BTCUSDT,1758067200001,0.00006972,116747.30000000
BTCUSDT,1758096000000,0.00008441,117120.50000000
BTCUSDT,1758124800003,0.00006303,115825.10000000
BTCUSDT,1758153600006,0.00004941,116402.50000000
BTCUSDT,1758182400002,0.00008928,117042.70206159
BTCUSDT,1758211200000,0.00004208,117530.20000000
BTCUSDT,1758240000000,-0.00000231,117017.51732609
BTCUSDT,1758268800005,0.00002109,116850.10000000
BTCUSDT,1758297600000,0.00005264,115827.00000000
BTCUSDT,1758326400000,0.00003757,115569.76332609
BTCUSDT,1758355200000,-0.00000027,115909.90000000
BTCUSDT,1758384000002,-0.00001006,115928.40000000
BTCUSDT,1758412800000,-0.00005322,115625.00000000
BTCUSDT,1758441600000,0.00002563,115773.32392029
BTCUSDT,1758470400000,0.00003742,115473.52326812
BTCUSDT,1758499200005,0.00006665,115183.90000000
BTCUSDT,1758528000003,0.00001743,112454.24433333
BTCUSDT,1758556800000,0.00004838,112768.70000000
BTCUSDT,1758585600000,0.00007062,112604.70000000
BTCUSDT,1758614400001,0.00007083,113048.10000000
BTCUSDT,1758643200000,0.00007478,112829.13869565
BTCUSDT,1758672000003,0.00005794,111947.10000000
BTCUSDT,1758700800001,0.00006267,112544.70000000
BTCUSDT,1758729600002,0.00004886,113300.00000000
BTCUSDT,1758758400000,-0.00000220,113254.73047826
BTCUSDT,1758787200001,0.00001730,111712.21934783
BTCUSDT,1758816000000,0.00009560,111546.00679710
BTCUSDT,1758844800000,0.00003143,108944.80184783
BTCUSDT,1758873600000,0.00004360,109257.30000000
BTCUSDT,1758902400008,0.00007716,108983.16757971
BTCUSDT,1758931200000,-0.00000010,109588.74702899
BTCUSDT,1758960000010,0.00003425,109354.90000000
BTCUSDT,1758988800003,0.00007821,109348.37457246
BTCUSDT,1759017600000,0.00003314,109577.33157971
BTCUSDT,1759046400000,0.00004976,109468.50000000
BTCUSDT,1759075200000,0.00005261,109989.90000000
BTCUSDT,1759104000000,0.00002312,112119.60000000
BTCUSDT,1759132800002,0.00001304,111814.80000000
BTCUSDT,1759161600001,0.00000032,113753.37049275
BTCUSDT,1759190400002,0.00002353,114261.57750000
BTCUSDT,1759219200005,0.00005893,113662.30000000
BTCUSDT,1759248000000,0.00002584,113055.50000000
BTCUSDT,1759276800000,0.00003355,113988.70000000
BTCUSDT,1759305600000,0.00003457,114488.84474513
BTCUSDT,1759334400000,0.00010000,117367.03486232
BTCUSDT,1759363200000,0.00007784,118553.60000000
BTCUSDT,1759392000013,0.00010000,118444.20000000
BTCUSDT,1759420800000,0.00009543,119876.19732609
BTCUSDT,1759449600006,0.00009926,120481.30000000
BTCUSDT,1759478400006,0.00010000,119620.00000000
BTCUSDT,1759507200000,0.00010000,122240.92339580
BTCUSDT,1759536000001,0.00010000,122182.60000000
BTCUSDT,1759564800000,0.00010000,122274.36980510
BTCUSDT,1759593600000,0.00008312,121740.07963043
BTCUSDT,1759622400000,0.00008648,122343.20000000
BTCUSDT,1759651200003,0.00010000,124692.50000000
BTCUSDT,1759680000009,0.00009566,122753.00000000
BTCUSDT,1759708800004,0.00007672,123426.70000000
BTCUSDT,1759737600002,0.00009708,123342.94168841
BTCUSDT,1759766400004,0.00005831,124946.20000000
BTCUSDT,1759795200000,0.00010000,124619.48490580
BTCUSDT,1759824000003,0.00008608,123629.13742754
BTCUSDT,1759852800000,0.00006194,121822.13839855
BTCUSDT,1759881600000,0.00002542,121286.50000000
BTCUSDT,1759910400006,0.00010000,121555.76018116
BTCUSDT,1759939200002,0.00005396,122140.58355072
BTCUSDT,1759968000001,0.00001344,123237.94232609
BTCUSDT,1759996800000,0.00005350,121847.80000000
BTCUSDT,1760025600000,0.00001455,121084.88746377
BTCUSDT,1760054400005,0.00000785,121582.79100450
BTCUSDT,1760083200002,0.00003879,120878.70000000
BTCUSDT,1760112000014,0.00001013,118962.10000000
BTCUSDT,1760140800000,0.00010000,112716.80000000
BTCUSDT,1760169600003,0.00010000,110331.91623913
BTCUSDT,1760198400000,0.00000467,111744.40000000
BTCUSDT,1760227200004,-0.00003055,110579.10000000
BTCUSDT,1760256000002,0.00002865,111468.10053623
BTCUSDT,1760284800000,-0.00010915,113123.87871739
BTCUSDT,1760313600003,-0.00003942,114894.40000000
BTCUSDT,1760342400002,0.00002519,115341.80000000
BTCUSDT,1760371200003,-0.00002305,114260.80000000
BTCUSDT,1760400000000,-0.00004041,115112.00000000
BTCUSDT,1760428800000,0.00000712,111677.04921014
BTCUSDT,1760457600000,-0.00004498,112817.34618841
BTCUSDT,1760486400006,-0.00005425,112984.75726812
BTCUSDT,1760515200002,0.00003973,112526.11848551
BTCUSDT,1760544000000,0.00000225,110757.40000000
BTCUSDT,1760572800000,-0.00002741,110701.13593478
BTCUSDT,1760601600003,-0.00002230,110526.82160145
BTCUSDT,1760630400002,-0.00003004,108493.60663043
BTCUSDT,1760659200001,-0.00000285,108132.22237681
BTCUSDT,1760688000005,-0.00000634,105578.30000000
BTCUSDT,1760716800003,-0.00000291,106764.91873188
BTCUSDT,1760745600000,-0.00004819,106378.67421014
BTCUSDT,1760774400002,-0.00006376,106642.86139855
BTCUSDT,1760803200001,-0.00003681,106896.91817391
BTCUSDT,1760832000001,-0.00001411,107117.50000000
BTCUSDT,1760860800001,0.00001512,106733.30000000
BTCUSDT,1760889600001,0.00002787,108434.79640580
BTCUSDT,1760918400004,-0.00002197,108590.70000000
BTCUSDT,1760947200001,-0.00000665,111144.51395652
BTCUSDT,1760976000000,-0.00000018,111079.20000000
BTCUSDT,1761004800009,-0.00005567,110469.90000000
BTCUSDT,1761033600000,0.00002222,108040.11896377
BTCUSDT,1761062400000,-0.00002506,113355.30000000
BTCUSDT,1761091200004,-0.00004212,108256.95482609
BTCUSDT,1761120000000,0.00002445,108285.03557721
BTCUSDT,1761148800000,0.00005702,108375.00509420
BTCUSDT,1761177600000,0.00008911,107532.00000000
BTCUSDT,1761206400001,0.00002673,109229.94089130
BTCUSDT,1761235200004,0.00003933,109849.00000000
BTCUSDT,1761264000000,0.00003391,110032.13344928
BTCUSDT,1761292800000,0.00001783,111014.12165942
BTCUSDT,1761321600009,0.00003224,110009.80000000
BTCUSDT,1761350400000,0.00005020,110965.34494203
BTCUSDT,1761379200001,0.00001484,111445.40000000
BTCUSDT,1761408000001,0.00005570,111341.17806667
BTCUSDT,1761436800001,0.00001903,111593.32939130
BTCUSDT,1761465600001,0.00000535,111672.90000000
BTCUSDT,1761494400000,0.00006904,113651.89706522
BTCUSDT,1761523200000,0.00010000,114505.72468116
BTCUSDT,1761552000005,0.00010000,115522.40000000
BTCUSDT,1761580800000,0.00007304,114914.50000000
BTCUSDT,1761609600000,0.00006059,114064.10000000
BTCUSDT,1761638400000,0.00007806,114132.87629710
BTCUSDT,1761667200004,0.00002992,114580.10000000
BTCUSDT,1761696000004,-0.00000032,112841.11893478
BTCUSDT,1761724800005,0.00003588,113512.00000000
BTCUSDT,1761753600000,0.00005003,111460.60000000
BTCUSDT,1761782400004,0.00001097,109985.95808696
BTCUSDT,1761811200008,0.00003449,111319.33959420
BTCUSDT,1761840000001,0.00003562,107670.50000000
BTCUSDT,1761868800000,0.00000213,108263.50000000
BTCUSDT,1761897600008,0.00010000,109400.00000000
BTCUSDT,1761926400007,0.00010000,110173.78203623
BTCUSDT,1761955200001,0.00010000,109557.30000000
BTCUSDT,1761984000000,0.00010000,110025.30000000
BTCUSDT,1762012800000,0.00009782,110261.90000000
BTCUSDT,1762041600007,0.00008200,110051.81800725
BTCUSDT,1762070400000,0.00008150,110846.38874638
BTCUSDT,1762099200001,0.00005635,110066.10000000
BTCUSDT,1762128000000,0.00006098,110497.99736957
BTCUSDT,1762156800010,0.00006853,107431.03320290
BTCUSDT,1762185600000,0.00005329,105718.80000000
BTCUSDT,1762214400002,0.00010000,106544.00000000
BTCUSDT,1762243200004,0.00005808,104446.13108696
BTCUSDT,1762272000000,0.00006339,103157.20000000
BTCUSDT,1762300800000,0.00007132,101437.30000000
BTCUSDT,1762329600000,0.00002831,101946.10000000
BTCUSDT,1762358400004,0.00002816,103667.80000000
BTCUSDT,1762387200001,0.00003985,103847.34145652
BTCUSDT,1762416000000,0.00007916,103144.43398551
BTCUSDT,1762444800001,0.00004494,101988.10000000
BTCUSDT,1762473600005,0.00004705,101305.60000000
BTCUSDT,1762502400003,0.00004227,101978.80000000
BTCUSDT,1762531200005,0.00008631,100758.10000000
BTCUSDT,1762560000011,0.00007776,103305.20000000
BTCUSDT,1762588800015,0.00003047,102314.60379710
BTCUSDT,1762617600001,0.00003740,101678.10000000
BTCUSDT,1762646400004,-0.00001640,102269.20000000
BTCUSDT,1762675200000,0.00004187,101898.20000000
BTCUSDT,1762704000005,0.00008948,103717.85895652
BTCUSDT,1762732800000,0.00008870,104670.70000000
BTCUSDT,1762761600000,0.00007355,106421.67538406
BTCUSDT,1762790400003,0.00004979,105018.03477536
BTCUSDT,1762819200007,0.00002818,105966.20000000
BTCUSDT,1762848000000,-0.00002775,104737.00000000
BTCUSDT,1762876800009,0.00005823,103421.01242754
BTCUSDT,1762905600000,0.00002462,103007.53711594
BTCUSDT,1762934400002,0.00000687,103070.02844928
BTCUSDT,1762963200000,0.00005786,102156.97811594
BTCUSDT,1762992000002,0.00001077,101605.90000000
BTCUSDT,1763020800000,0.00009352,103431.00000000
BTCUSDT,1763049600001,0.00007448,101343.98608696
BTCUSDT,1763078400000,0.00008569,99663.82278986
BTCUSDT,1763107200000,0.00009126,97102.43884783
BTCUSDT,1763136000001,0.00009078,96752.60000000
BTCUSDT,1763164800005,0.00008507,94544.90000000
BTCUSDT,1763193600000,0.00010000,96292.37823188
BTCUSDT,1763222400001,0.00005923,96222.20000000
BTCUSDT,1763251200001,0.00007745,95560.30000000
BTCUSDT,1763280000000,0.00010000,96065.30980435
BTCUSDT,1763308800000,0.00007060,94526.60000000
BTCUSDT,1763337600003,0.00010000,94234.43224638
BTCUSDT,1763366400003,0.00009568,95599.53695652
BTCUSDT,1763395200000,0.00007208,93917.48474513
BTCUSDT,1763424000002,0.00010000,92169.70000000
BTCUSDT,1763452800004,0.00010000,90463.52234058
BTCUSDT,1763481600000,0.00003725,92856.83807346
BTCUSDT,1763510400000,0.00007496,92916.90000000
BTCUSDT,1763539200000,0.00005012,91831.80035507
BTCUSDT,1763568000008,0.00003980,89905.19610145
BTCUSDT,1763596800000,0.00004259,91522.33241304
BTCUSDT,1763625600000,0.00010000,92268.56732609
BTCUSDT,1763654400000,0.00008999,89845.80000000
BTCUSDT,1763683200001,0.00004272,86603.55317391
BTCUSDT,1763712000000,0.00004524,84022.86960870
BTCUSDT,1763740800001,0.00002642,82896.50000000
BTCUSDT,1763769600004,0.00001373,85093.50000000
BTCUSDT,1763798400000,0.00006735,84537.30000000
BTCUSDT,1763827200000,0.00005057,84241.49595652
BTCUSDT,1763856000000,0.00003812,84691.12791304
BTCUSDT,1763884800008,0.00000153,85745.86332609
BTCUSDT,1763913600003,-0.00000893,87043.56694928
BTCUSDT,1763942400004,-0.00000006,86807.60000000
BTCUSDT,1763971200000,-0.00000134,87004.60000000
BTCUSDT,1764000000006,0.00005044,86571.90668116
BTCUSDT,1764028800000,-0.00005290,88247.84814093
BTCUSDT,1764057600009,0.00001996,87362.20000000
BTCUSDT,1764086400007,-0.00003019,86946.50000000
BTCUSDT,1764115200001,0.00004038,87324.10000000
BTCUSDT,1764144000001,0.00005388,87897.61326087
BTCUSDT,1764172800000,-0.00000419,86926.52760145
BTCUSDT,1764201600013,-0.00002599,90440.10000000
BTCUSDT,1764230400000,0.00002408,91362.62505797
BTCUSDT,1764259200004,0.00004624,90913.00000000
BTCUSDT,1764288000008,0.00001771,91292.57118441
BTCUSDT,1764316800000,0.00006007,90877.60000000
BTCUSDT,1764345600008,-0.00001703,92310.68880810
BTCUSDT,1764374400000,-0.00001982,90847.80000000
BTCUSDT,1764403200005,0.00001778,90523.50000000
BTCUSDT,1764432000001,0.00002635,91029.90000000
BTCUSDT,1764460800003,0.00006082,90765.00000000
BTCUSDT,1764489600000,0.00003556,90924.60000000
BTCUSDT,1764518400004,0.00003880,91411.40000000
BTCUSDT,1764547200000,0.00003593,90327.18313043
BTCUSDT,1764576000004,0.00003153,86498.90961019
BTCUSDT,1764604800000,0.00001491,84650.79218841
BTCUSDT,1764633600004,-0.00001009,86251.64706522
BTCUSDT,1764662400000,0.00002643,86967.63789167
BTCUSDT,1764691200000,0.00003999,90816.89870290
BTCUSDT,1764720000000,-0.00001732,91249.10000000
BTCUSDT,1764748800000,0.00004206,92970.00000000
BTCUSDT,1764777600005,-0.00000885,92333.85671014
BTCUSDT,1764806400012,-0.00000395,93381.85158696
BTCUSDT,1764835200000,0.00007435,93361.06881884
BTCUSDT,1764864000011,0.00003928,92945.25542029
BTCUSDT,1764892800000,0.00004837,92036.81684783
BTCUSDT,1764921600000,0.00004944,92219.30000000
BTCUSDT,1764950400010,0.00000391,90414.13929710
BTCUSDT,1764979200001,0.00003693,89288.87393478
BTCUSDT,1765008000001,0.00001919,89549.60000000
BTCUSDT,1765036800008,-0.00001822,89713.40000000
BTCUSDT,1765065600000,0.00004192,89190.20000000
BTCUSDT,1765094400004,0.00001666,89337.94880435
BTCUSDT,1765123200000,0.00005212,89509.46367391
BTCUSDT,1765152000000,-0.00000539,90347.07469565
BTCUSDT,1765180800000,0.00006545,91519.80000000
BTCUSDT,1765209600001,0.00003395,89921.35480435
BTCUSDT,1765238400001,0.00000852,90610.70000000
BTCUSDT,1765267200001,0.00006379,90437.50000000
BTCUSDT,1765296000007,0.00005443,92667.54021739
BTCUSDT,1765324800007,0.00002777,92638.30000000
BTCUSDT,1765353600002,0.00001996,92744.70000000
BTCUSDT,1765382400012,0.00003205,92029.50025362
BTCUSDT,1765411200001,0.00002590,91981.25991304
BTCUSDT,1765440000000,-0.00001577,90231.40000000
BTCUSDT,1765468800000,0.00006100,89838.70794203
BTCUSDT,1765497600005,0.00006914,92479.80000000
BTCUSDT,1765526400007,0.00004698,92392.37302174
BTCUSDT,1765555200002,0.00003383,89905.28170290
BTCUSDT,1765584000001,0.00000121,90229.70000000
BTCUSDT,1765612800006,0.00006020,90282.74673913
BTCUSDT,1765641600000,0.00006041,90055.40000000
BTCUSDT,1765670400000,0.00010000,90197.00000000
BTCUSDT,1765699200003,0.00002898,90205.00000000
BTCUSDT,1765728000005,0.00003773,88985.20000000
BTCUSDT,1765756800000,0.00000190,88108.10000000
BTCUSDT,1765785600000,-0.00000893,89703.00000000
BTCUSDT,1765814400000,0.00003081,86995.88862819
BTCUSDT,1765843200002,0.00007467,86389.99156522
BTCUSDT,1765872000000,0.00001350,85964.20000000
BTCUSDT,1765900800002,0.00004089,87940.40000000
BTCUSDT,1765929600004,0.00006221,87826.30000000
BTCUSDT,1765958400000,0.00008987,87010.40000000
BTCUSDT,1765987200000,0.00005917,87198.30000000
BTCUSDT,1766016000005,0.00006230,86206.73265942
BTCUSDT,1766044800007,-0.00000867,86787.50000000
BTCUSDT,1766073600001,0.00008355,88487.00000000
BTCUSDT,1766102400000,0.00005491,85473.71590580
BTCUSDT,1766131200001,0.00010000,87913.90000000
BTCUSDT,1766160000000,0.00010000,87936.18100450
BTCUSDT,1766188800005,0.00010000,88100.05310870
BTCUSDT,1766217600000,0.00001234,88239.90000000
BTCUSDT,1766246400002,0.00007171,88134.60000000
BTCUSDT,1766275200000,0.00009682,88320.80000000
BTCUSDT,1766304000009,0.00008873,88141.44790580
BTCUSDT,1766332800000,0.00003977,88024.70000000
BTCUSDT,1766361600000,0.00004389,88621.30000000
BTCUSDT,1766390400005,0.00004524,89132.42109420
BTCUSDT,1766419200009,0.00006654,89688.50000000
BTCUSDT,1766448000000,0.00002633,88579.90000000
BTCUSDT,1766476800000,0.00005231,87531.60234783
BTCUSDT,1766505600001,0.00001795,87407.18552899
BTCUSDT,1766534400001,0.00010000,87463.00000000
BTCUSDT,1766563200001,0.00008455,86866.40000000
BTCUSDT,1766592000000,0.00005927,87017.48463043
BTCUSDT,1766620800000,0.00005953,87627.30000000
BTCUSDT,1766649600001,0.00007953,87795.90000000
BTCUSDT,1766678400005,0.00008322,88327.20000000
BTCUSDT,1766707200004,0.00004378,87185.69548551
BTCUSDT,1766736000001,0.00005427,88433.00000000
BTCUSDT,1766764800007,0.00010000,87100.00000000
BTCUSDT,1766793600000,0.00001809,87330.06670840
BTCUSDT,1766822400000,0.00002788,87490.90000000
BTCUSDT,1766851200011,0.00005850,87510.20000000
BTCUSDT,1766880000008,-0.00000036,87831.96938406
BTCUSDT,1766908800000,0.00007955,87697.84224167
BTCUSDT,1766937600000,0.00009464,87797.60000000
BTCUSDT,1766966400016,0.00010000,87920.50000000
BTCUSDT,1766995200001,0.00010000,89583.00000000
BTCUSDT,1767024000000,0.00004826,87643.76313043
BTCUSDT,1767052800005,0.00010000,87209.04473188
BTCUSDT,1767081600001,0.00004613,87457.50000000
BTCUSDT,1767110400003,0.00008345,88966.80000000
BTCUSDT,1767139200004,0.00002922,88455.30000000
BTCUSDT,1767168000001,0.00001453,88569.00000000
BTCUSDT,1767196800001,0.00003750,87909.00000000
BTCUSDT,1767225600008,0.00010000,87608.30000000
BTCUSDT,1767254400002,0.00010000,87603.80894203
BTCUSDT,1767283200001,0.00001711,87986.80000000
BTCUSDT,1767312000006,0.00005608,88799.90000000
BTCUSDT,1767340800007,0.00004219,88829.20000000
BTCUSDT,1767369600000,0.00004813,89373.00000000
BTCUSDT,1767398400001,0.00003110,89951.89852174
BTCUSDT,1767427200000,0.00001055,89535.90000000
BTCUSDT,1767456000000,0.00006938,89931.80000000
BTCUSDT,1767484800000,0.00009488,90595.85826667
BTCUSDT,1767513600000,0.00005813,91481.74876087
BTCUSDT,1767542400001,0.00004436,91295.09684783
BTCUSDT,1767571200000,0.00008893,91512.43532609
BTCUSDT,1767600000000,0.00005230,92492.27911544
BTCUSDT,1767628800000,0.00007723,93914.99367316
BTCUSDT,1767657600010,-0.00001376,93822.40000000
BTCUSDT,1767686400000,0.00002816,93208.62138406
BTCUSDT,1767715200000,0.00002691,93608.20000000
BTCUSDT,1767744000001,0.00006582,93708.00000000
BTCUSDT,1767772800001,0.00010000,92848.10000000
BTCUSDT,1767801600001,0.00002885,91303.20000000
BTCUSDT,1767830400001,0.00008693,91328.10000000
BTCUSDT,1767859200000,0.00010000,90509.90000000
BTCUSDT,1767888000000,0.00006436,90763.72410870
BTCUSDT,1767916800003,-0.00002813,91059.80000000
BTCUSDT,1767945600000,0.00007258,90712.20000000
BTCUSDT,1767974400001,0.00000218,91137.70000000
BTCUSDT,1768003200000,0.00005643,90604.03880833
BTCUSDT,1768032000002,0.00007657,90627.10000000
BTCUSDT,1768060800001,0.00006235,90622.70000000
BTCUSDT,1768089600003,0.00008744,90469.70000000
BTCUSDT,1768118400006,0.00004670,90664.86374094
BTCUSDT,1768147200000,0.00001667,90834.10000000
BTCUSDT,1768176000005,0.00001813,90976.60000000
BTCUSDT,1768204800000,0.00002902,91369.30000000
BTCUSDT,1768233600000,0.00004650,91625.10000000
BTCUSDT,1768262400007,0.00002245,91254.18296377
BTCUSDT,1768291200009,0.00009838,91920.87575362
BTCUSDT,1768320000002,0.00003445,93407.90000000
BTCUSDT,1768348800000,0.00000129,95375.20000000
BTCUSDT,1768377600001,0.00002497,95170.48131159
BTCUSDT,1768406400004,0.00004076,96691.90000000
BTCUSDT,1768435200000,-0.00000367,96908.00000000
BTCUSDT,1768464000004,0.00001749,96606.62814493
BTCUSDT,1768492800002,0.00001526,96750.47456522
BTCUSDT,1768521600000,0.00007340,95567.40000000
BTCUSDT,1768550400000,0.00007337,95608.30000000
BTCUSDT,1768579200001,0.00002495,94537.50000000
BTCUSDT,1768608000000,-0.00000178,95503.70000000
BTCUSDT,1768636800000,0.00003007,95061.58289855
BTCUSDT,1768665600002,0.00002976,95529.00000000
BTCUSDT,1768694400001,0.00003503,95108.62485833
BTCUSDT,1768723200000,0.00009616,94989.90000000
BTCUSDT,1768752000000,0.00006571,95072.97801667
BTCUSDT,1768780800007,0.00003473,93614.00000000
BTCUSDT,1768809600007,0.00001943,92788.73004348
BTCUSDT,1768838400007,0.00002494,93017.11165217
BTCUSDT,1768867200005,0.00009819,92590.59439855
BTCUSDT,1768896000001,0.00006626,91136.10000000
BTCUSDT,1768924800009,0.00005652,90652.79605072
BTCUSDT,1768953600001,0.00010000,88390.60000000
BTCUSDT,1768982400011,0.00006055,89180.30531159
BTCUSDT,1769011200011,0.00002410,90237.20000000
BTCUSDT,1769040000010,0.00006355,89419.48837681
BTCUSDT,1769068800003,0.00005110,89772.50000000
BTCUSDT,1769097600005,0.00009419,88978.66202899
BTCUSDT,1769126400005,0.00005090,89518.50000000
BTCUSDT,1769155200000,0.00003390,89509.13183333
BTCUSDT,1769184000011,0.00006968,89713.00000000
BTCUSDT,1769212800011,0.00001531,89558.70000000
BTCUSDT,1769241600002,0.00008909,89583.14050000
BTCUSDT,1769270400001,0.00003901,89237.32462519
BTCUSDT,1769299200002,0.00001336,89181.09492029
BTCUSDT,1769328000011,0.00008051,88630.90404348
BTCUSDT,1769356800005,0.00004917,88406.00000000
BTCUSDT,1769385600000,0.00004067,86629.00000000
BTCUSDT,1769414400003,0.00002847,87969.00000000
BTCUSDT,1769443200000,0.00005606,87609.50000000
BTCUSDT,1769472000002,0.00004267,88301.36701449
BTCUSDT,1769500800000,0.00006028,88290.49133841
BTCUSDT,1769529600000,0.00007503,88009.15772864
BTCUSDT,1769558400000,0.00006237,89203.89821739
BTCUSDT,1769587200000,0.00006174,89106.90000000
BTCUSDT,1769616000000,0.00003830,89446.72848576
BTCUSDT,1769644800000,0.00007210,89262.92891304
BTCUSDT,1769673600009,0.00005856,88310.90000000
BTCUSDT,1769702400000,0.00004023,84898.27826087
BTCUSDT,1769731200008,0.00004478,84617.11086232
BTCUSDT,1769760000000,0.00001714,82778.82526087
BTCUSDT,1769788800001,0.00000310,82853.51839855
BTCUSDT,1769817600000,0.00009693,84213.96525362
BTCUSDT,1769846400001,0.00003548,83514.40000000
BTCUSDT,1769875200009,0.00006585,81275.68205797
BTCUSDT,1769904000001,-0.00003267,78701.59597101
BTCUSDT,1769932800004,0.00003421,78320.90000000
BTCUSDT,1769961600000,0.00001722,77563.80000000
BTCUSDT,1769990400000,0.00000068,76931.60000000
BTCUSDT,1770019200014,-0.00003043,76609.90000000
BTCUSDT,1770048000000,-0.00005713,78800.60000000
BTCUSDT,1770076800000,-0.00002203,78698.62801349
BTCUSDT,1770105600007,0.00002245,78745.60000000
BTCUSDT,1770134400000,-0.00000465,78099.52176087
BTCUSDT,1770163200002,0.00000119,75732.40000000
BTCUSDT,1770192000007,0.00003551,76478.90000000
BTCUSDT,1770220800000,0.00004618,74101.90000000
BTCUSDT,1770249600011,0.00009173,73153.90000000
BTCUSDT,1770278400000,0.00000298,70710.74360570
BTCUSDT,1770307200007,-0.00004957,67455.49563043
BTCUSDT,1770336000000,-0.00001597,62887.14150000
BTCUSDT,1770364800001,-0.00013688,64791.40000000
BTCUSDT,1770393600000,-0.00013478,68574.00000000
BTCUSDT,1770422400003,-0.00015178,70544.40000000
BTCUSDT,1770451200000,-0.00008326,68067.00000000
BTCUSDT,1770480000010,-0.00002907,69122.10000000
BTCUSDT,1770508800003,-0.00003403,69254.20000000
BTCUSDT,1770537600000,-0.00003546,69667.50000000
BTCUSDT,1770566400000,-0.00004864,71152.60000000
BTCUSDT,1770595200002,-0.00003075,70304.73338406
BTCUSDT,1770624000001,0.00001846,70393.40000000
BTCUSDT,1770652800007,-0.00004284,69538.50000000
BTCUSDT,1770681600000,-0.00008798,70110.60000000
BTCUSDT,1770710400007,-0.00004829,68882.10000000
BTCUSDT,1770739200000,-0.00008816,69252.90000000
BTCUSDT,1770768000000,0.00001400,68805.30000000
BTCUSDT,1770796800006,-0.00008417,67000.00000000
BTCUSDT,1770825600000,-0.00001169,66489.40000000
BTCUSDT,1770854400000,-0.00001381,67072.20000000
BTCUSDT,1770883200001,0.00003499,67200.19716739
BTCUSDT,1770912000001,-0.00001728,67103.70000000
BTCUSDT,1770940800007,0.00005834,66243.20000000
BTCUSDT,1770969600003,0.00000716,66184.59749275
BTCUSDT,1770998400005,-0.00001274,68652.40000000
BTCUSDT,1771027200002,0.00001291,68853.38406522
BTCUSDT,1771056000004,0.00003174,69182.52364493
BTCUSDT,1771084800002,-0.00003094,69754.10000000
BTCUSDT,1771113600000,-0.00001068,69795.40000000
BTCUSDT,1771142400002,0.00004664,70784.00000000
BTCUSDT,1771171200000,-0.00002371,69068.10000000
BTCUSDT,1771200000001,0.00002659,68798.30000000
BTCUSDT,1771228800003,-0.00003277,68554.37742754
BTCUSDT,1771257600000,-0.00004112,67505.50000000
BTCUSDT,1771286400008,0.00005883,68862.55130435
BTCUSDT,1771315200001,0.00002672,68353.40000000
BTCUSDT,1771344000002,0.00005077,67363.50000000
BTCUSDT,1771372800000,0.00003215,67475.90000000
BTCUSDT,1771401600000,-0.00000141,68078.40000000
BTCUSDT,1771430400011,0.00003604,67672.63710870
BTCUSDT,1771459200013,-0.00004014,66430.40573913
BTCUSDT,1771488000000,0.00002686,67182.87271014
BTCUSDT,1771516800003,-0.00003052,66367.72373188
BTCUSDT,1771545600000,0.00005365,66974.00000000
BTCUSDT,1771574400000,0.00001302,67794.70000000
BTCUSDT,1771603200000,-0.00000671,67551.95540580
BTCUSDT,1771632000004,0.00004456,67988.82876812
BTCUSDT,1771660800000,0.00002485,67821.00000000
BTCUSDT,1771689600005,0.00003235,68583.28794603
BTCUSDT,1771718400001,0.00000730,67958.92213768
BTCUSDT,1771747200004,0.00000042,67974.33214493
BTCUSDT,1771776000000,0.00004972,67660.00000000
BTCUSDT,1771804800001,0.00006946,67613.60000000
BTCUSDT,1771833600000,-0.00009317,65915.80000000
BTCUSDT,1771862400000,0.00002251,65638.07392029
BTCUSDT,1771891200007,0.00005706,64630.15072464
BTCUSDT,1771920000000,-0.00001193,63164.80000000
BTCUSDT,1771948800001,-0.00000182,63936.83454348
BTCUSDT,1771977600001,0.00002375,64031.30000000
BTCUSDT,1772006400007,0.00000033,65002.83121739
BTCUSDT,1772035200000,-0.00000968,67376.31104348
BTCUSDT,1772064000000,-0.00001998,67953.96802174
BTCUSDT,1772092800006,-0.00001128,67799.90000000
BTCUSDT,1772121600002,0.00004007,67353.40000000
BTCUSDT,1772150400007,-0.00000991,67448.50202899
BTCUSDT,1772179200000,-0.00008123,67650.26318841
BTCUSDT,1772208000001,-0.00000656,66073.37640930
BTCUSDT,1772236800000,0.00004041,65839.41943778
BTCUSDT,1772265600000,-0.00003727,63790.80000000
BTCUSDT,1772294400004,-0.00004305,64801.17139855
BTCUSDT,1772323200005,-0.00000688,66952.93531159
BTCUSDT,1772352000000,0.00004563,67113.90000000
BTCUSDT,1772380800002,0.00002948,66802.60000000
BTCUSDT,1772409600001,-0.00000299,65749.90000000
BTCUSDT,1772438400007,-0.00001956,65981.30000000
BTCUSDT,1772467200000,-0.00001083,69089.10000000
BTCUSDT,1772496000000,-0.00000186,68801.80000000
BTCUSDT,1772524800000,0.00001437,68138.30000000
BTCUSDT,1772553600007,0.00001481,67723.07507496
BTCUSDT,1772582400001,-0.00005390,68299.92479710
BTCUSDT,1772611200005,0.00002520,69469.27951449
BTCUSDT,1772640000000,0.00004683,73345.00000000
BTCUSDT,1772668800000,0.00003567,72641.30000000
BTCUSDT,1772697600000,0.00004965,72021.33210145
BTCUSDT,1772726400004,0.00000174,71608.50000000
BTCUSDT,1772755200001,0.00001689,70860.02442029
BTCUSDT,1772784000001,-0.00003061,71026.80000000
BTCUSDT,1772812800004,-0.00002176,68469.42278261
BTCUSDT,1772841600001,0.00000619,68094.46161594
BTCUSDT,1772870400012,0.00003525,67809.40000000
BTCUSDT,1772899200001,-0.00004217,67844.90000000
BTCUSDT,1772928000001,-0.00004496,67232.20000000
BTCUSDT,1772956800000,-0.00001115,67287.74237681
BTCUSDT,1772985600002,-0.00002868,67176.51471014
BTCUSDT,1773014400000,-0.00005770,65935.34171664
BTCUSDT,1773043200004,-0.00004579,67505.08897101
BTCUSDT,1773072000003,-0.00003431,68842.62088406
BTCUSDT,1773100800012,-0.00002394,68398.94584783
BTCUSDT,1773129600002,0.00001230,70374.60000000
BTCUSDT,1773158400001,0.00001738,71303.55932609
BTCUSDT,1773187200000,-0.00011052,69906.39643478
BTCUSDT,1773216000007,-0.00005252,69622.20000000
BTCUSDT,1773244800010,-0.00005824,70186.90000000
BTCUSDT,1773273600000,-0.00007802,70150.00000000
BTCUSDT,1773302400000,-0.00005392,69793.59004348
BTCUSDT,1773331200000,-0.00007381,70285.70086232
BTCUSDT,1773360000006,-0.00002789,70487.01187681
BTCUSDT,1773388800001,0.00004263,71585.20000000
BTCUSDT,1773417600000,-0.00000638,71801.52278986
BTCUSDT,1773446400001,-0.00000379,70895.60000000
BTCUSDT,1773475200000,-0.00003988,70565.70000000
BTCUSDT,1773504000007,-0.00004851,70556.44462101
BTCUSDT,1773532800000,-0.00001883,71174.40000000
BTCUSDT,1773561600000,-0.00006461,71421.70264618
BTCUSDT,1773590400000,0.00002659,71444.50000000
BTCUSDT,1773619200000,0.00002513,72778.90000000
BTCUSDT,1773648000010,0.00007139,73427.80000000
BTCUSDT,1773676800000,0.00002015,73241.19793478
BTCUSDT,1773705600000,0.00000241,74854.37298551
BTCUSDT,1773734400002,-0.00002505,74212.70000000
BTCUSDT,1773763200011,-0.00001260,73882.60358696
BTCUSDT,1773792000002,-0.00006569,73872.40000000
BTCUSDT,1773820800002,-0.00004813,73840.08823913
BTCUSDT,1773849600005,0.00002418,71438.64453523
BTCUSDT,1773878400000,-0.00000974,71208.72342754
BTCUSDT,1773907200003,-0.00003012,70147.53643478
BTCUSDT,1773936000003,0.00001205,69372.70000000
BTCUSDT,1773964800002,0.00000625,69895.06080435
BTCUSDT,1773993600000,0.00000753,70811.90000000
BTCUSDT,1774022400000,-0.00000223,69838.04147826
BTCUSDT,1774051200000,-0.00001493,70475.05032609
BTCUSDT,1774080000000,-0.00000738,70681.53331884
BTCUSDT,1774108800014,0.00001093,70599.10000000
BTCUSDT,1774137600012,0.00000806,68881.72855072
BTCUSDT,1774166400007,-0.00004425,68884.40000000
BTCUSDT,1774195200002,-0.00006837,68819.80918841
BTCUSDT,1774224000000,-0.00002079,67834.34094203
BTCUSDT,1774252800003,-0.00002863,68290.80000000
BTCUSDT,1774281600002,0.00000160,70112.20000000
BTCUSDT,1774310400000,0.00004229,70868.68562319
BTCUSDT,1774339200000,0.00003675,71264.00000000
BTCUSDT,1774368000003,0.00003056,69842.40000000
BTCUSDT,1774396800000,0.00002310,70525.82657246
BTCUSDT,1774425600000,0.00001074,70899.90000000
BTCUSDT,1774454400013,0.00004721,70803.40069565
BTCUSDT,1774483200001,0.00002448,71297.60000000
BTCUSDT,1774512000001,0.00001379,70053.80000000
BTCUSDT,1774540800000,-0.00002103,69060.70000000
BTCUSDT,1774569600006,0.00002925,68788.10000000
BTCUSDT,1774598400000,-0.00006298,68496.90000000
BTCUSDT,1774627200000,-0.00005841,66091.90000000
BTCUSDT,1774656000005,-0.00008088,66364.20000000
BTCUSDT,1774684800005,-0.00007604,66523.62176812
BTCUSDT,1774713600000,-0.00000173,66998.71209420
BTCUSDT,1774742400003,-0.00003680,66337.79104948
BTCUSDT,1774771200001,-0.00000012,66633.22935507
BTCUSDT,1774800000000,0.00002677,66500.00000000
BTCUSDT,1774828800000,0.00000300,65973.40000000
BTCUSDT,1774857600005,0.00000492,67596.69581884
BTCUSDT,1774886400000,0.00000758,67595.59310345
BTCUSDT,1774915200000,0.00000116,66764.40000000
BTCUSDT,1774944000000,-0.00001921,67343.90000000
BTCUSDT,1774972800000,-0.00002763,66700.00000000
BTCUSDT,1775001600000,-0.00003449,68243.29673913
BTCUSDT,1775030400000,-0.00000461,68668.60000000
BTCUSDT,1775059200000,0.00000577,68876.81806522
BTCUSDT,1775088000003,0.00003521,68086.50000000
BTCUSDT,1775116800001,0.00000845,66888.20861594
BTCUSDT,1775145600001,-0.00007398,66819.54021739
BTCUSDT,1775174400000,-0.00000831,66869.74346667
BTCUSDT,1775203200008,-0.00000599,67008.70000000
BTCUSDT,1775232000008,0.00000351,66809.33805072
BTCUSDT,1775260800000,0.00003761,66930.00000000
BTCUSDT,1775289600003,0.00004115,66983.97256934
BTCUSDT,1775318400000,0.00001651,67357.30000000
BTCUSDT,1775347200008,0.00002407,67271.00000000
BTCUSDT,1775376000000,0.00003812,66787.40000000
BTCUSDT,1775404800001,0.00001889,67278.50018741
BTCUSDT,1775433600004,0.00007073,68997.40000000
BTCUSDT,1775462400001,0.00005544,69087.63507246
BTCUSDT,1775491200003,0.00000423,69925.85927536
BTCUSDT,1775520000000,-0.00000315,68822.20000000
BTCUSDT,1775548800000,0.00003703,68594.77686657
BTCUSDT,1775577600000,0.00007393,68141.01094203
BTCUSDT,1775606400000,0.00006020,71907.34283333
BTCUSDT,1775635200000,0.00001563,71612.10000000
BTCUSDT,1775664000006,0.00004048,71275.77918841
BTCUSDT,1775692800000,-0.00000147,71038.10000000
BTCUSDT,1775721600010,0.00005239,70945.00000000
BTCUSDT,1775750400001,-0.00001986,72108.00000000
BTCUSDT,1775779200000,0.00000411,71755.54984058
BTCUSDT,1775808000005,0.00002458,71461.20000000
BTCUSDT,1775836800000,-0.00002187,72415.70000000
BTCUSDT,1775865600000,-0.00007225,72917.40000000
BTCUSDT,1775894400000,-0.00006083,72707.70000000
BTCUSDT,1775923200003,-0.00006755,72818.86697826
BTCUSDT,1775952000000,-0.00008108,73013.40000000
BTCUSDT,1775980800000,-0.00003690,71628.10000000
BTCUSDT,1776009600000,-0.00000335,70856.20000000
BTCUSDT,1776038400011,-0.00000234,70709.40000000
BTCUSDT,1776067200006,-0.00000183,70780.10000000
BTCUSDT,1776096000000,-0.00005409,71823.70000000
BTCUSDT,1776124800005,-0.00005854,74386.50000000
BTCUSDT,1776153600003,0.00002732,74513.40000000
BTCUSDT,1776182400001,-0.00005234,75274.90000000
BTCUSDT,1776211200000,-0.00009313,74106.90000000
BTCUSDT,1776240000000,-0.00005085,73705.20000000
BTCUSDT,1776268800000,-0.00007151,73811.00873913
BTCUSDT,1776297600013,-0.00003418,74776.20000000
BTCUSDT,1776326400000,-0.00002841,74667.70000000
BTCUSDT,1776355200000,-0.00002225,74659.57926087
BTCUSDT,1776384000001,0.00003297,75115.14794928
BTCUSDT,1776412800011,0.00002781,75047.40000000
BTCUSDT,1776441600001,-0.00010789,77734.40000000
BTCUSDT,1776470400001,-0.00008098,77044.79824638
BTCUSDT,1776499200006,-0.00007082,76952.46500725
BTCUSDT,1776528000000,-0.00004586,76124.80000000
BTCUSDT,1776556800002,-0.00008395,75653.80000000
BTCUSDT,1776585600010,-0.00007219,75205.60000000
BTCUSDT,1776614400001,-0.00012276,75807.70000000
BTCUSDT,1776643200000,-0.00004615,73752.30151667
BTCUSDT,1776672000000,-0.00004778,74795.50000000
BTCUSDT,1776700800001,-0.00002745,75678.04248876
BTCUSDT,1776729600000,-0.00007937,75791.40000000
BTCUSDT,1776758400004,-0.00005824,76050.10000000
BTCUSDT,1776787200004,-0.00004242,75799.90000000
BTCUSDT,1776816000004,-0.00002237,76289.54071739
BTCUSDT,1776844800000,0.00003560,77979.70000000
BTCUSDT,1776873600000,-0.00000749,79234.20000000
BTCUSDT,1776902400000,-0.00007870,78139.70000000
BTCUSDT,1776931200000,-0.00003553,78009.00000000
BTCUSDT,1776960000004,-0.00006696,78331.27050975
BTCUSDT,1776988800006,-0.00003829,78214.80000000
BTCUSDT,1777017600000,-0.00007865,77620.50000000
BTCUSDT,1777046400000,-0.00003152,78007.30000000
BTCUSDT,1777075200000,-0.00001077,77395.90000000
BTCUSDT,1777104000002,-0.00006235,77459.90000000
BTCUSDT,1777132800002,-0.00005699,77295.96852174
BTCUSDT,1777161600003,0.00000241,77585.00000000
BTCUSDT,1777190400007,0.00000153,78064.44689855
BTCUSDT,1777219200004,0.00000195,78008.58376812
BTCUSDT,1777248000004,0.00000249,78617.40000000
BTCUSDT,1777276800000,-0.00008659,77556.92439855
BTCUSDT,1777305600002,-0.00005678,76762.28381159
BTCUSDT,1777334400001,-0.00003951,77333.17570290
BTCUSDT,1777363200000,-0.00003204,76828.30000000
BTCUSDT,1777392000004,0.00005242,76026.63367210
BTCUSDT,1777420800006,0.00001305,76298.10000000
BTCUSDT,1777449600011,-0.00002840,77007.65595652
BTCUSDT,1777478400003,0.00003571,75880.57366567
BTCUSDT,1777507200002,-0.00004220,75749.80000000
BTCUSDT,1777536000000,-0.00001837,76130.00000000
BTCUSDT,1777564800000,-0.00002904,76429.20000000
BTCUSDT,1777593600000,-0.00003746,76305.50000000
BTCUSDT,1777622400005,-0.00001810,77101.09816667
BTCUSDT,1777651200000,-0.00003143,78424.72796268
BTCUSDT,1777680000006,-0.00000822,78192.00000000
BTCUSDT,1777708800000,-0.00005103,78181.60000000
BTCUSDT,1777737600010,-0.00002540,78452.73851449
BTCUSDT,1777766400005,0.00002290,78654.45395802
BTCUSDT,1777795200003,-0.00001398,78316.50000000
BTCUSDT,1777824000000,0.00000703,78627.03676124
BTCUSDT,1777852800000,0.00004304,78528.90000000
BTCUSDT,1777881600000,-0.00000158,79663.30000000
BTCUSDT,1777910400003,-0.00003160,79981.20000000
BTCUSDT,1777939200000,-0.00000383,79826.10000000
BTCUSDT,1777968000011,-0.00004626,80823.36977536
BTCUSDT,1777996800000,-0.00008240,81488.70000000
BTCUSDT,1778025600010,-0.00009153,80861.90000000
BTCUSDT,1778054400000,-0.00006150,81333.30000000
BTCUSDT,1778083200002,-0.00003756,81656.94279710
BTCUSDT,1778112000000,-0.00005856,81396.64037069
BTCUSDT,1778140800000,-0.00004568,81484.05472464
BTCUSDT,1778169600004,-0.00003014,79860.00000000
BTCUSDT,1778198400003,-0.00007406,79969.40000000
BTCUSDT,1778227200002,0.00002415,79644.46728986
BTCUSDT,1778256000003,-0.00001542,80114.80000000
BTCUSDT,1778284800000,0.00001841,80155.20000000
BTCUSDT,1778313600001,-0.00003792,80182.43582759
BTCUSDT,1778342400002,0.00003645,80488.40000000
BTCUSDT,1778371200003,0.00000090,80633.91052174
BTCUSDT,1778400000000,0.00004626,80697.26316667
BTCUSDT,1778428800000,0.00005764,81383.17274363
BTCUSDT,1778457600000,0.00005798,82177.70000000
BTCUSDT,1778486400000,0.00002592,80708.80000000
BTCUSDT,1778515200000,0.00004555,81405.16000000
BTCUSDT,1778544000002,-0.00000115,81699.60136232
BTCUSDT,1778572800008,0.00003877,80813.66760870
BTCUSDT,1778601600000,0.00005822,80308.46289855
BTCUSDT,1778630400010,0.00005367,80461.08936667
BTCUSDT,1778659200003,0.00005437,80984.68281109
BTCUSDT,1778688000001,0.00001749,78794.60000000
BTCUSDT,1778716800005,0.00003928,79288.30000000
BTCUSDT,1778745600000,0.00002928,79699.90000000
BTCUSDT,1778774400000,0.00004094,81252.74053223
BTCUSDT,1778803200000,-0.00004239,81048.89125937
BTCUSDT,1778832000016,-0.00001893,80783.27976812
BTCUSDT,1778860800012,0.00001548,79118.00000000
BTCUSDT,1778889600005,0.00003938,79074.00000000
BTCUSDT,1778918400000,-0.00000210,78335.57299275
BTCUSDT,1778947200005,0.00004955,78194.10000000
BTCUSDT,1778976000000,0.00004037,78109.17541229
BTCUSDT,1779004800010,0.00001176,78138.66375362
BTCUSDT,1779033600009,0.00000048,78007.00000000
BTCUSDT,1779062400007,-0.00001131,77433.50000000
BTCUSDT,1779091200002,0.00005778,77039.50000000
BTCUSDT,1779120000007,0.00007178,76393.50000000
BTCUSDT,1779148800001,0.00005164,76963.20000000
BTCUSDT,1779177600001,0.00004809,77200.30000000
BTCUSDT,1779206400009,0.00005563,76487.90000000
BTCUSDT,1779235200001,0.00003254,76799.90000000
BTCUSDT,1779264000006,0.00007983,77250.47589205
BTCUSDT,1779292800000,0.00006858,77423.06879310
BTCUSDT,1779321600001,0.00001925,77510.37686957
BTCUSDT,1779350400000,0.00004003,77849.80779710
BTCUSDT,1779379200000,0.00006130,77231.30769565
BTCUSDT,1779408000000,0.00003564,77586.20000000
BTCUSDT,1779436800004,-0.00000820,77366.90000000
BTCUSDT,1779465600001,0.00002891,76757.66071014
BTCUSDT,1779494400009,0.00001783,75507.40000000
BTCUSDT,1779523200001,0.00001025,74573.20000000
BTCUSDT,1779552000003,0.00007441,75490.25308696
BTCUSDT,1779580800011,0.00009044,76716.21350000
BTCUSDT,1779609600008,0.00006290,76771.40000000
BTCUSDT,1779638400000,0.00006265,76343.80000000
BTCUSDT,1779667200001,0.00006549,77023.70000000
BTCUSDT,1779696000001,0.00003527,77376.90000000
BTCUSDT,1779724800001,0.00001426,77587.30000000
BTCUSDT,1779753600000,0.00008058,77281.70516492
BTCUSDT,1779782400003,0.00003852,76689.53406667
BTCUSDT,1779811200000,0.00005776,76484.29476812
BTCUSDT,1779840000000,0.00010000,75901.40326957
BTCUSDT,1779868800004,0.00008948,75940.84006522
BTCUSDT,1779897600009,0.00009914,75300.00000000
BTCUSDT,1779926400001,0.00010000,74418.00000000
BTCUSDT,1779955200000,0.00005011,73467.37135507
BTCUSDT,1779984000001,0.00010000,72906.82058696
BTCUSDT,1780012800000,0.00010000,73591.40000000
BTCUSDT,1780041600001,0.00005391,73488.10000000
BTCUSDT,1780070400008,0.00006702,73779.04363768
BTCUSDT,1780099200000,0.00003464,73428.20000000
BTCUSDT,1780128000001,0.00004732,73516.24445833
BTCUSDT,1780156800000,0.00006214,73892.79565217
BTCUSDT,1780185600000,0.00004432,73856.90000000
BTCUSDT,1780214400000,0.00005663,73833.30000000
BTCUSDT,1780243200004,0.00005988,73613.40000000
BTCUSDT,1780272000001,0.00005703,73653.56663043
BTCUSDT,1780300800001,0.00004438,72779.00564493
BTCUSDT,1780329600000,0.00010000,71103.48761594
BTCUSDT,1780358400000,0.00010000,71391.50000000
BTCUSDT,1780387200000,0.00005990,70082.59501449
BTCUSDT,1780416000000,0.00008345,67276.04778261
BTCUSDT,1780444800013,0.00007165,66731.44419565
BTCUSDT,1780473600000,0.00005229,67191.49618116
BTCUSDT,1780502400001,0.00010000,66044.30010870
BTCUSDT,1780531200009,0.00002705,64117.60000000
BTCUSDT,1780560000000,0.00001519,63569.71469565
BTCUSDT,1780588800003,-0.00001077,63866.27556222
BTCUSDT,1780617600000,0.00001315,63855.88516492
BTCUSDT,1780646400004,-0.00001431,63081.00000000
BTCUSDT,1780675200009,-0.00000863,60416.49210870
BTCUSDT,1780704000000,-0.00001234,61029.56998551
BTCUSDT,1780732800000,0.00002675,60975.10000000
BTCUSDT,1780761600000,-0.00000511,60754.10000000
BTCUSDT,1780790400001,-0.00002828,60851.77008696
BTCUSDT,1780819200000,0.00000407,62368.05861594
BTCUSDT,1780848000000,0.00002742,62071.60000000
BTCUSDT,1780876800000,0.00003533,63302.74223188
BTCUSDT,1780905600005,0.00003454,63259.90000000
BTCUSDT,1780934400004,0.00000122,63745.30000000
BTCUSDT,1780963200000,-0.00001565,63058.00000000
BTCUSDT,1780992000000,0.00003041,63170.80000000
BTCUSDT,1781020800001,0.00000606,61113.79051449
BTCUSDT,1781049600001,0.00000365,61695.29221739
BTCUSDT,1781078400011,-0.00003385,61655.56078986
BTCUSDT,1781107200009,0.00002542,62604.70000000
BTCUSDT,1781136000000,-0.00000811,61485.41680435
BTCUSDT,1781164800004,0.00002525,62694.44563768
BTCUSDT,1781193600000,0.00002736,62721.20000000
BTCUSDT,1781222400000,-0.00001303,63598.00000000
BTCUSDT,1781251200000,0.00002446,63066.40000000
BTCUSDT,1781280000000,0.00000840,63557.10000000
BTCUSDT,1781308800000,0.00005357,63546.90000000
BTCUSDT,1781337600007,0.00000060,63823.90000000
BTCUSDT,1781366400002,0.00000938,64265.10000000
BTCUSDT,1781395200005,-0.00004510,64418.20000000
BTCUSDT,1781424000009,-0.00004657,64392.71210645
BTCUSDT,1781452800000,-0.00003265,63995.20000000
BTCUSDT,1781481600013,0.00002808,65709.80000000
BTCUSDT,1781510400013,0.00000621,65642.40000000
BTCUSDT,1781539200004,-0.00006079,67247.20644203
BTCUSDT,1781568000000,-0.00000428,66286.20815942
BTCUSDT,1781596800000,-0.00001110,66341.80000000
BTCUSDT,1781625600001,0.00000246,65841.90000000
BTCUSDT,1781654400012,0.00001957,65645.03212144
BTCUSDT,1781683200000,-0.00006685,65507.05555797
BTCUSDT,1781712000000,-0.00002582,65714.69323913
BTCUSDT,1781740800002,0.00002636,64476.94080435
BTCUSDT,1781769600000,0.00001896,64472.45533333
BTCUSDT,1781798400001,0.00000872,62339.40000000
BTCUSDT,1781827200005,0.00006039,62924.10000000
BTCUSDT,1781856000001,0.00001984,62593.69056522
BTCUSDT,1781884800001,0.00002823,63193.00000000
BTCUSDT,1781913600001,0.00005814,63512.60000000
BTCUSDT,1781942400000,0.00002633,63624.90000000
BTCUSDT,1781971200001,0.00003985,64129.20000000
BTCUSDT,1782000000000,0.00000778,64275.97479710
BTCUSDT,1782028800000,0.00003034,64171.31875000
BTCUSDT,1782057600000,0.00004189,64200.30000000
BTCUSDT,1782086400000,0.00006572,63287.10000000
BTCUSDT,1782115200000,0.00001514,64188.00000000
BTCUSDT,1782144000002,0.00004813,64808.00000000
BTCUSDT,1782172800003,0.00004041,63990.41186957
BTCUSDT,1782201600005,0.00001655,62849.20000000
BTCUSDT,1782230400002,-0.00001889,62457.30000000
BTCUSDT,1782259200005,0.00002154,62696.80000000
BTCUSDT,1782288000005,0.00002134,62630.10000000
BTCUSDT,1782316800003,0.00000027,60256.30000000
BTCUSDT,1782345600000,-0.00001423,61051.20000000
BTCUSDT,1782374400000,-0.00001803,61886.70000000
BTCUSDT,1782403200000,0.00001580,59532.80000000
BTCUSDT,1782432000010,0.00005298,59769.90000000
BTCUSDT,1782460800002,0.00005904,60501.93606522
BTCUSDT,1782489600000,0.00007308,60300.50000000
BTCUSDT,1782518400000,0.00005255,60072.00000000
BTCUSDT,1782547200000,0.00004284,60521.80000000
BTCUSDT,1782576000009,0.00003742,60817.30000000
BTCUSDT,1782604800000,0.00004258,60000.40000000
BTCUSDT,1782633600013,0.00001355,60192.50000000
BTCUSDT,1782662400000,0.00004430,59854.54542754
BTCUSDT,1782691200006,0.00003112,59550.30000000
BTCUSDT,1782720000013,0.00007444,60001.22944928
BTCUSDT,1782748800004,0.00008658,59800.20000000
BTCUSDT,1782777600000,0.00006175,60229.35621014
BTCUSDT,1782806400000,0.00008349,59498.43484058
BTCUSDT,1782835200005,0.00003327,58356.63620290
BTCUSDT,1782864000000,0.00005532,58605.50000000
BTCUSDT,1782892800000,0.00001853,58744.40000000
BTCUSDT,1782921600000,0.00007073,60120.69034783
BTCUSDT,1782950400000,0.00008001,59999.60000000
BTCUSDT,1782979200000,0.00005238,60126.10000000
BTCUSDT,1783008000000,0.00005261,61583.70000000
BTCUSDT,1783036800000,0.00010000,61540.74072464
BTCUSDT,1783065600007,0.00010000,61733.60000000
BTCUSDT,1783094400000,0.00003740,61895.70140580
BTCUSDT,1783123200000,0.00010000,62570.25216667
BTCUSDT,1783152000000,0.00010000,62549.30000000
BTCUSDT,1783180800007,0.00009480,62914.35025362
BTCUSDT,1783209600003,0.00009533,63114.80000000
BTCUSDT,1783238400001,0.00008873,62997.87521014
BTCUSDT,1783267200000,0.00008608,62712.00000000
BTCUSDT,1783296000000,0.00007700,63625.51176812
BTCUSDT,1783324800000,0.00006120,63064.50000000
BTCUSDT,1783353600000,0.00010000,63523.10000000
BTCUSDT,1783382400000,0.00010000,64023.50000000
BTCUSDT,1783411200000,0.00005792,63062.70000000
BTCUSDT,1783440000000,0.00006825,63909.90000000
BTCUSDT,1783468800000,0.00004846,63331.20000000
BTCUSDT,1783497600000,0.00000724,62857.18618116
BTCUSDT,1783526400000,0.00007171,61683.73416792
BTCUSDT,1783555200000,0.00006160,62257.50000000
BTCUSDT,1783584000001,0.00006615,62973.70000000
BTCUSDT,1783612800001,0.00004912,62837.77481884
BTCUSDT,1783641600000,0.00009058,63197.36055797
BTCUSDT,1783670400005,0.00007247,63956.10000000
BTCUSDT,1783699200005,0.00009508,64023.10000000
BTCUSDT,1783728000000,0.00010000,64129.40000000
BTCUSDT,1783756800000,0.00000942,64132.60000000
BTCUSDT,1783785600000,0.00004156,64142.50822464
BTCUSDT,1783814400000,0.00004651,63787.76113043
BTCUSDT,1783843200003,0.00006315,63856.50000000
BTCUSDT,1783872000000,0.00007578,64150.28418841
BTCUSDT,1783900800000,0.00001521,63750.00000000
BTCUSDT,1783929600001,0.00004856,62952.80000000
BTCUSDT,1783958400004,0.00010000,62603.79932609
BTCUSDT,1783987200000,0.00008256,62307.00000000
BTCUSDT,1784016000002,0.00003489,62529.70000000
BTCUSDT,1784044800001,0.00005590,64727.50000000
BTCUSDT,1784073600005,0.00010000,65017.64591304
BTCUSDT,1784102400002,0.00010000,64530.40087681
BTCUSDT,1784131200000,0.00004457,65392.88324638
BTCUSDT,1784160000000,0.00002426,64722.22011994
BTCUSDT,1784188800003,0.00007584,64204.49819340
BTCUSDT,1784217600002,0.00006102,64677.70000000
BTCUSDT,1784246400000,0.00007639,63803.90949275
BTCUSDT,1784275200010,0.00001520,62792.80000000
BTCUSDT,1784304000004,0.00006045,63432.50000000
BTCUSDT,1784332800000,0.00003074,63910.00000000
BTCUSDT,1784361600000,0.00006955,63987.03769565
BTCUSDT,1784390400001,0.00003326,64090.00000000
BTCUSDT,1784419200003,0.00000406,64806.70000000
BTCUSDT,1784448000000,0.00006905,64692.20000000
BTCUSDT,1784476800001,0.00005235,64552.28368841
BTCUSDT,1784505600000,0.00004890,64694.80000000
BTCUSDT,1784534400001,0.00005278,64250.00000000
BTCUSDT,1784563200004,0.00006518,65573.71997826
BTCUSDT,1784592000001,0.00005400,65227.17129710
BTCUSDT,1784620800000,0.00008926,66168.77917391
BTCUSDT,1784649600002,0.00001894,66648.50000000
BTCUSDT,1784678400000,0.00003928,66522.40000000
BTCUSDT,1784707200000,0.00005448,65813.40000000
BTCUSDT,1784736000001,0.00001443,66016.32605797
BTCUSDT,1784764800000,-0.00000343,66084.47942754
BTCUSDT,1784793600000,0.00000271,65405.48600725
BTCUSDT,1784822400000,0.00008458,64940.40000000
BTCUSDT,1784851200000,0.00007598,65069.66000000
BTCUSDT,1784880000000,0.00005149,65470.00000000
BTCUSDT,1784908800008,0.00005879,64068.70000000
BTCUSDT,1784937600002,0.00006074,64116.50000000
BTCUSDT,1784966400000,0.00005425,63973.15203623
BTCUSDT,1784995200000,0.00000729,64150.04885307
BTCUSDT,1785024000000,0.00003878,64343.23160870
BTCUSDT,1785052800002,0.00005884,64342.45993478
BTCUSDT,1785081600000,0.00005819,64733.60000000
BTCUSDT,1785110400010,0.00006147,65375.10000000
BTCUSDT,1785139200000,0.00006452,65196.20985507
BTCUSDT,1785168000001,0.00005040,64519.25484058
BTCUSDT,1785196800000,0.00004208,63721.92718141
BTCUSDT,1785225600000,0.00000125,63476.80000000
BTCUSDT,1785254400000,0.00006689,63903.52981159
BTCUSDT,1785283200000,0.00010000,63903.60000000
BTCUSDT,1785312000002,0.00010000,64534.35597101
BTCUSDT,1785340800000,0.00003665,63950.19280435
BTCUSDT,1785369600000,0.00008462,63959.00000000
BTCUSDT,1785398400000,0.00007278,63984.18229710
BTCUSDT,1785427200000,0.00009029,64698.14499275
BTCUSDT,1785456000003,0.00010000,64750.50672464
BTCUSDT,1785484800000,0.00009405,63912.47940580
BTCUSDT,1785513600000,0.00005664,62696.71869565
BTCUSDT,1785542400001,0.00004123,62859.90000000
BTCUSDT,1785571200000,0.00003163,63019.60000000
BTCUSDT,1785600000000,0.00003545,62976.40000000
BTCUSDT,1785628800000,0.00004530,62792.30000000
BTCUSDT,1785657600000,0.00008943,63468.10000000
BTCUSDT,1785686400000,0.00007707,63081.60000000
BTCUSDT,1785715200000,0.00010000,63549.90000000
BTCUSDT,1785744000000,0.00006364,62591.00000000
BTCUSDT,1785772800000,0.00002474,63664.89705072
BTCUSDT,1785801600004,0.00003081,63497.20000000
BTCUSDT,1785830400002,0.00006248,63666.40000000
BTCUSDT,1785859200000,0.00007684,64093.54490580
BTCUSDT,1785888000003,0.00001674,64075.50000000
BTCUSDT,1785916800004,0.00001015,64141.00000000
BTCUSDT,1785945600000,0.00002676,64353.50000000
BTCUSDT,1785974400002,0.00006595,64633.90000000
