symbol,fundingTime,fundingRate,markPrice
ETHUSDT,1672531200000,0.00010000,
ETHUSDT,1672560000008,0.00010000,
ETHUSDT,1672588800000,0.00010000,
ETHUSDT,1672617600000,0.00010000,
ETHUSDT,1672646400008,0.00008878,
ETHUSDT,1672675200015,0.00007464,
ETHUSDT,1672704000003,0.00000890,
ETHUSDT,1672732800018,0.00005228,
ETHUSDT,1672761600000,0.00002948,
ETHUSDT,1672790400000,0.00007609,
ETHUSDT,1672819200016,0.00010000,
ETHUSDT,1672848000011,0.00010000,
ETHUSDT,1672876800009,0.00010000,
ETHUSDT,1672905600011,0.00010000,
ETHUSDT,1672934400000,0.00010000,
ETHUSDT,1672963200005,0.00010000,
ETHUSDT,1672992000001,0.00010000,
ETHUSDT,1673020800000,0.00010000,
ETHUSDT,1673049600006,0.00005444,
ETHUSDT,1673078400017,0.00004199,
ETHUSDT,1673107200000,0.00007190,
ETHUSDT,1673136000015,0.00002131,
ETHUSDT,1673164800000,0.00008826,
ETHUSDT,1673193600010,0.00008657,
ETHUSDT,1673222400003,0.00004312,
ETHUSDT,1673251200000,0.00007617,
ETHUSDT,1673280000006,0.00010000,
ETHUSDT,1673308800003,0.00010000,
ETHUSDT,1673337600021,0.00010000,
ETHUSDT,1673366400000,0.00010000,
ETHUSDT,1673395200011,0.00010000,
ETHUSDT,1673424000006,0.00010000,
ETHUSDT,1673452800004,0.00002778,
ETHUSDT,1673481600000,0.00010000,
ETHUSDT,1673510400000,0.00010000,
ETHUSDT,1673539200000,0.00010000,
ETHUSDT,1673568000004,0.00010000,
ETHUSDT,1673596800000,0.00010000,
ETHUSDT,1673625600018,0.00010000,
ETHUSDT,1673654400000,0.00010000,
ETHUSDT,1673683200001,0.00061643,
ETHUSDT,1673712000000,0.00045951,
ETHUSDT,1673740800010,0.00012412,
ETHUSDT,1673769600002,0.00030426,
ETHUSDT,1673798400000,0.00018878,
ETHUSDT,1673827200010,0.00014183,
ETHUSDT,1673856000007,0.00010000,
ETHUSDT,1673884800000,0.00010000,
ETHUSDT,1673913600004,0.00010000,
ETHUSDT,1673942400005,0.00010000,
ETHUSDT,1673971200001,0.00010000,
ETHUSDT,1674000000008,0.00010000,
ETHUSDT,1674028800009,0.00010000,
ETHUSDT,1674057600017,0.00010000,
ETHUSDT,1674086400000,0.00010000,
ETHUSDT,1674115200015,0.00010000,
ETHUSDT,1674144000012,0.00010000,
ETHUSDT,1674172800000,0.00010000,
ETHUSDT,1674201600000,0.00010000,
ETHUSDT,1674230400000,0.00010000,
ETHUSDT,1674259200013,0.00010000,
ETHUSDT,1674288000001,0.00010000,
ETHUSDT,1674316800016,0.00010000,
ETHUSDT,1674345600000,0.00010000,
ETHUSDT,1674374400000,0.00010000,
ETHUSDT,1674403200023,0.00010000,
ETHUSDT,1674432000014,0.00010356,
ETHUSDT,1674460800014,0.00010000,
ETHUSDT,1674489600016,0.00010000,
ETHUSDT,1674518400008,0.00010000,
ETHUSDT,1674547200008,0.00010000,
ETHUSDT,1674576000000,0.00010000,
ETHUSDT,1674604800012,0.00010000,
ETHUSDT,1674633600000,0.00010000,
ETHUSDT,1674662400010,0.00010000,
ETHUSDT,1674691200010,0.00010000,
ETHUSDT,1674720000003,0.00010000,
ETHUSDT,1674748800020,0.00010000,
ETHUSDT,1674777600008,0.00010000,
ETHUSDT,1674806400000,0.00010000,
ETHUSDT,1674835200000,0.00010000,
ETHUSDT,1674864000009,0.00010000,
ETHUSDT,1674892800018,0.00010000,
ETHUSDT,1674921600005,0.00010000,
ETHUSDT,1674950400011,0.00010000,
ETHUSDT,1674979200000,0.00010000,
ETHUSDT,1675008000008,0.00010000,
ETHUSDT,1675036800001,0.00010000,
ETHUSDT,1675065600000,0.00010000,
ETHUSDT,1675094400000,0.00010000,
ETHUSDT,1675123200005,0.00010000,
ETHUSDT,1675152000000,0.00010000,
ETHUSDT,1675180800007,0.00010000,
ETHUSDT,1675209600013,0.00010000,
ETHUSDT,1675238400000,0.00010000,
ETHUSDT,1675267200012,0.00010000,
ETHUSDT,1675296000004,0.00010000,
ETHUSDT,1675324800023,0.00010000,
ETHUSDT,1675353600003,0.00010000,
ETHUSDT,1675382400010,0.00010000,
ETHUSDT,1675411200000,0.00010000,
ETHUSDT,1675440000000,0.00010000,
ETHUSDT,1675468800010,0.00010000,
ETHUSDT,1675497600000,0.00010000,
ETHUSDT,1675526400000,0.00010000,
ETHUSDT,1675555200016,0.00010000,
ETHUSDT,1675584000009,0.00010000,
ETHUSDT,1675612800018,0.00010000,
ETHUSDT,1675641600001,0.00010000,
ETHUSDT,1675670400000,0.00010000,
ETHUSDT,1675699200012,0.00010000,
ETHUSDT,1675728000004,0.00010000,
ETHUSDT,1675756800011,0.00010000,
ETHUSDT,1675785600018,0.00010000,
ETHUSDT,1675814400009,0.00010000,
ETHUSDT,1675843200010,0.00010000,
ETHUSDT,1675872000000,0.00010000,
ETHUSDT,1675900800014,0.00010000,
ETHUSDT,1675929600006,0.00010000,
ETHUSDT,1675958400001,0.00010000,
ETHUSDT,1675987200012,0.00010000,
ETHUSDT,1676016000005,0.00006828,
ETHUSDT,1676044800020,0.00010000,
ETHUSDT,1676073600007,0.00006470,
ETHUSDT,1676102400002,0.00003345,
ETHUSDT,1676131200021,-0.00002491,
ETHUSDT,1676160000004,0.00008869,
ETHUSDT,1676188800000,0.00003225,
ETHUSDT,1676217600002,0.00004579,
ETHUSDT,1676246400006,0.00002555,
ETHUSDT,1676275200008,0.00005994,
ETHUSDT,1676304000002,0.00010000,
ETHUSDT,1676332800013,-0.00000454,
ETHUSDT,1676361600014,0.00004405,
ETHUSDT,1676390400016,0.00005311,
ETHUSDT,1676419200011,0.00002910,
ETHUSDT,1676448000000,0.00002810,
ETHUSDT,1676476800005,0.00005715,
ETHUSDT,1676505600019,0.00010000,
ETHUSDT,1676534400000,0.00010000,
ETHUSDT,1676563200001,0.00014101,
ETHUSDT,1676592000003,0.00010000,
ETHUSDT,1676620800016,0.00010000,
ETHUSDT,1676649600000,0.00010000,
ETHUSDT,1676678400011,0.00010000,
ETHUSDT,1676707200000,0.00010000,
ETHUSDT,1676736000007,0.00010000,
ETHUSDT,1676764800019,0.00010000,
ETHUSDT,1676793600005,0.00010000,
ETHUSDT,1676822400003,0.00010000,
ETHUSDT,1676851200006,0.00010000,
ETHUSDT,1676880000008,0.00010000,
ETHUSDT,1676908800006,0.00010000,
ETHUSDT,1676937600001,0.00010000,
ETHUSDT,1676966400004,0.00010000,
ETHUSDT,1676995200011,0.00010000,
ETHUSDT,1677024000009,0.00010000,
ETHUSDT,1677052800010,0.00010000,
ETHUSDT,1677081600000,0.00010000,
ETHUSDT,1677110400006,0.00007072,
ETHUSDT,1677139200005,0.00009829,
ETHUSDT,1677168000002,0.00004374,
ETHUSDT,1677196800015,0.00003804,
ETHUSDT,1677225600011,0.00006414,
ETHUSDT,1677254400014,0.00008380,
ETHUSDT,1677283200015,0.00007921,
ETHUSDT,1677312000015,0.00009641,
ETHUSDT,1677340800015,0.00005498,
ETHUSDT,1677369600007,0.00001266,
ETHUSDT,1677398400012,0.00004684,
ETHUSDT,1677427200000,0.00001098,
ETHUSDT,1677456000011,0.00010000,
ETHUSDT,1677484800003,0.00008633,
ETHUSDT,1677513600000,0.00006025,
ETHUSDT,1677542400011,0.00003555,
ETHUSDT,1677571200018,0.00003626,
ETHUSDT,1677600000005,0.00008565,
ETHUSDT,1677628800016,0.00000342,
ETHUSDT,1677657600000,0.00010000,
ETHUSDT,1677686400008,0.00010000,
ETHUSDT,1677715200009,0.00010000,
ETHUSDT,1677744000013,0.00010000,
ETHUSDT,1677772800000,0.00007746,
ETHUSDT,1677801600000,0.00003967,
ETHUSDT,1677830400013,-0.00000917,
ETHUSDT,1677859200000,0.00002284,
ETHUSDT,1677888000001,0.00008491,
ETHUSDT,1677916800008,0.00000126,
ETHUSDT,1677945600012,0.00002121,
ETHUSDT,1677974400000,0.00005372,
ETHUSDT,1678003200000,0.00003555,
ETHUSDT,1678032000015,0.00004841,
ETHUSDT,1678060800007,0.00004583,
ETHUSDT,1678089600017,0.00007122,
ETHUSDT,1678118400000,0.00003604,
ETHUSDT,1678147200009,0.00005296,
ETHUSDT,1678176000016,0.00007563,
ETHUSDT,1678204800017,0.00001011,
ETHUSDT,1678233600000,0.00008208,
ETHUSDT,1678262400014,0.00006665,
ETHUSDT,1678291200021,0.00008786,
ETHUSDT,1678320000010,0.00009084,
ETHUSDT,1678348800013,0.00007599,
ETHUSDT,1678377600002,0.00003643,
ETHUSDT,1678406400000,-0.00008306,
ETHUSDT,1678435200000,-0.00000097,
ETHUSDT,1678464000005,-0.00000512,
ETHUSDT,1678492800011,0.00002796,
ETHUSDT,1678521600003,-0.00005766,
ETHUSDT,1678550400011,0.00004677,
ETHUSDT,1678579200001,-0.00001066,
ETHUSDT,1678608000000,0.00008670,
ETHUSDT,1678636800005,-0.00004286,
ETHUSDT,1678665600010,0.00010000,
ETHUSDT,1678694400018,0.00010000,
ETHUSDT,1678723200003,0.00010000,
ETHUSDT,1678752000010,0.00010000,
ETHUSDT,1678780800009,0.00010000,
ETHUSDT,1678809600010,0.00010000,
ETHUSDT,1678838400011,0.00031728,
ETHUSDT,1678867200000,0.00018366,
ETHUSDT,1678896000012,0.00010000,
ETHUSDT,1678924800004,0.00010000,
ETHUSDT,1678953600018,0.00010000,
ETHUSDT,1678982400005,0.00010000,
ETHUSDT,1679011200017,0.00005964,
ETHUSDT,1679040000010,0.00005941,
ETHUSDT,1679068800003,0.00010000,
ETHUSDT,1679097600012,0.00010000,
ETHUSDT,1679126400000,0.00010000,
ETHUSDT,1679155200016,0.00010000,
ETHUSDT,1679184000013,0.00010000,
ETHUSDT,1679212800024,0.00010000,
ETHUSDT,1679241600000,0.00010000,
ETHUSDT,1679270400005,0.00010000,
ETHUSDT,1679299200012,0.00010000,
ETHUSDT,1679328000015,0.00008194,
ETHUSDT,1679356800006,0.00007106,
ETHUSDT,1679385600004,0.00004611,
ETHUSDT,1679414400003,0.00008990,
ETHUSDT,1679443200000,0.00005146,
ETHUSDT,1679472000003,0.00001267,
ETHUSDT,1679500800000,0.00005540,
ETHUSDT,1679529600016,0.00001123,
ETHUSDT,1679558400001,0.00006860,
ETHUSDT,1679587200013,0.00010000,
ETHUSDT,1679616000013,0.00010000,
ETHUSDT,1679644800012,0.00010000,
ETHUSDT,1679673600027,0.00010000,
ETHUSDT,1679702400015,0.00001992,
ETHUSDT,1679731200011,0.00001460,
ETHUSDT,1679760000011,-0.00000795,
ETHUSDT,1679788800000,0.00000829,
ETHUSDT,1679817600015,0.00000997,
ETHUSDT,1679846400000,0.00004383,
ETHUSDT,1679875200019,0.00001635,
ETHUSDT,1679904000009,-0.00000385,
ETHUSDT,1679932800000,-0.00000171,
ETHUSDT,1679961600007,-0.00001478,
ETHUSDT,1679990400000,0.00003473,
ETHUSDT,1680019200013,0.00006578,
ETHUSDT,1680048000010,0.00010000,
ETHUSDT,1680076800006,0.00007584,
ETHUSDT,1680105600014,0.00010000,
ETHUSDT,1680134400000,0.00005756,
ETHUSDT,1680163200000,0.00000286,
ETHUSDT,1680192000006,0.00005025,
ETHUSDT,1680220800003,0.00007203,
ETHUSDT,1680249600006,0.00006982,
ETHUSDT,1680278400011,0.00010000,
ETHUSDT,1680307200000,0.00010000,
ETHUSDT,1680336000000,0.00010000,
ETHUSDT,1680364800018,0.00006306,
ETHUSDT,1680393600013,0.00003987,
ETHUSDT,1680422400014,0.00005018,
ETHUSDT,1680451200001,0.00003503,
ETHUSDT,1680480000000,-0.00002938,
ETHUSDT,1680508800013,-0.00001960,
ETHUSDT,1680537600011,-0.00000471,
ETHUSDT,1680566400002,0.00006360,
ETHUSDT,1680595200017,0.00003238,
ETHUSDT,1680624000008,0.00010000,
ETHUSDT,1680652800000,0.00006853,
ETHUSDT,1680681600016,0.00010000,
ETHUSDT,1680710400004,0.00010000,
ETHUSDT,1680739200000,0.00005011,
ETHUSDT,1680768000011,0.00006251,
ETHUSDT,1680796800000,0.00000217,
ETHUSDT,1680825600006,0.00002088,
ETHUSDT,1680854400005,0.00007093,
ETHUSDT,1680883200000,0.00003638,
ETHUSDT,1680912000000,0.00003725,
ETHUSDT,1680940800014,0.00001046,
ETHUSDT,1680969600018,0.00002210,
ETHUSDT,1680998400013,0.00000821,
ETHUSDT,1681027200024,-0.00001908,
ETHUSDT,1681056000010,0.00003067,
ETHUSDT,1681084800000,0.00003359,
ETHUSDT,1681113600010,-0.00004969,
ETHUSDT,1681142400006,0.00002062,
ETHUSDT,1681171200008,0.00002648,
ETHUSDT,1681200000007,0.00008648,
ETHUSDT,1681228800016,0.00006716,
ETHUSDT,1681257600006,0.00001041,
ETHUSDT,1681286400008,0.00001290,
ETHUSDT,1681315200014,0.00003624,
ETHUSDT,1681344000027,0.00010000,
ETHUSDT,1681372800010,0.00010000,
ETHUSDT,1681401600000,0.00010000,
ETHUSDT,1681430400001,0.00010000,
ETHUSDT,1681459200008,0.00010000,
ETHUSDT,1681488000007,0.00010000,
ETHUSDT,1681516800007,0.00010000,
ETHUSDT,1681545600007,0.00010000,
ETHUSDT,1681574400011,0.00010000,
ETHUSDT,1681603200014,0.00010000,
ETHUSDT,1681632000007,0.00010000,
ETHUSDT,1681660800002,0.00010000,
ETHUSDT,1681689600017,0.00010000,
ETHUSDT,1681718400006,0.00010000,
ETHUSDT,1681747200000,0.00010000,
ETHUSDT,1681776000013,0.00010000,
ETHUSDT,1681804800017,0.00010000,
ETHUSDT,1681833600000,0.00010000,
ETHUSDT,1681862400022,0.00010000,
ETHUSDT,1681891200014,0.00010000,
ETHUSDT,1681920000000,-0.00001015,
ETHUSDT,1681948800010,0.00006419,
ETHUSDT,1681977600012,0.00000032,
ETHUSDT,1682006400012,0.00002269,
ETHUSDT,1682035200009,0.00008620,
ETHUSDT,1682064000009,0.00006903,
ETHUSDT,1682092800003,0.00008488,
ETHUSDT,1682121600000,0.00005467,
ETHUSDT,1682150400000,-0.00000562,
ETHUSDT,1682179200016,0.00002848,
ETHUSDT,1682208000009,-0.00006991,
ETHUSDT,1682236800020,0.00001032,
ETHUSDT,1682265600007,0.00004969,
ETHUSDT,1682294400000,0.00009041,
ETHUSDT,1682323200008,0.00001238,
ETHUSDT,1682352000006,0.00005112,
ETHUSDT,1682380800014,0.00008411,
ETHUSDT,1682409600009,0.00008034,
ETHUSDT,1682438400015,0.00006892,
ETHUSDT,1682467200015,0.00003840,
ETHUSDT,1682496000013,0.00001253,
ETHUSDT,1682524800001,0.00008700,
ETHUSDT,1682553600014,-0.00002203,
ETHUSDT,1682582400008,0.00005850,
ETHUSDT,1682611200005,0.00003408,
ETHUSDT,1682640000011,0.00008670,
ETHUSDT,1682668800007,0.00008037,
ETHUSDT,1682697600006,0.00008463,
ETHUSDT,1682726400004,0.00004382,
ETHUSDT,1682755200016,0.00007125,
ETHUSDT,1682784000001,0.00005044,
ETHUSDT,1682812800008,0.00006303,
ETHUSDT,1682841600000,-0.00000213,
ETHUSDT,1682870400010,0.00008291,
ETHUSDT,1682899200004,-0.00002629,
ETHUSDT,1682928000008,0.00002338,
ETHUSDT,1682956800014,0.00000846,
ETHUSDT,1682985600015,0.00009917,
ETHUSDT,1683014400018,0.00002555,
ETHUSDT,1683043200000,0.00008146,
ETHUSDT,1683072000009,0.00009799,
ETHUSDT,1683100800003,0.00006273,
ETHUSDT,1683129600011,0.00010000,
ETHUSDT,1683158400000,0.00010000,
ETHUSDT,1683187200000,0.00010000,
ETHUSDT,1683216000011,0.00009900,
ETHUSDT,1683244800002,0.00003555,
ETHUSDT,1683273600000,0.00005680,
ETHUSDT,1683302400000,0.00010000,
ETHUSDT,1683331200009,0.00010000,
ETHUSDT,1683360000000,0.00010000,
ETHUSDT,1683388800000,0.00000694,
ETHUSDT,1683417600000,0.00001519,
ETHUSDT,1683446400000,0.00002257,
ETHUSDT,1683475200006,0.00004724,
ETHUSDT,1683504000000,0.00005356,
ETHUSDT,1683532800007,0.00001131,
ETHUSDT,1683561600015,0.00003803,
ETHUSDT,1683590400015,0.00009627,
ETHUSDT,1683619200000,0.00010000,
ETHUSDT,1683648000000,0.00005218,
ETHUSDT,1683676800007,0.00002199,
ETHUSDT,1683705600003,0.00006916,
ETHUSDT,1683734400000,0.00004334,
ETHUSDT,1683763200011,-0.00000399,
ETHUSDT,1683792000000,0.00002198,
ETHUSDT,1683820800005,0.00005429,
ETHUSDT,1683849600020,0.00001830,
ETHUSDT,1683878400001,0.00000454,
ETHUSDT,1683907200010,-0.00000917,
ETHUSDT,1683936000000,0.00002858,
ETHUSDT,1683964800000,0.00002366,
ETHUSDT,1683993600026,0.00000857,
ETHUSDT,1684022400029,-0.00000480,
ETHUSDT,1684051200010,0.00005487,
ETHUSDT,1684080000008,0.00003797,
ETHUSDT,1684108800006,-0.00001849,
ETHUSDT,1684137600005,-0.00000295,
ETHUSDT,1684166400008,-0.00001988,
ETHUSDT,1684195200021,-0.00001560,
ETHUSDT,1684224000000,0.00001255,
ETHUSDT,1684252800000,0.00006009,
ETHUSDT,1684281600010,0.00008760,
ETHUSDT,1684310400000,-0.00001530,
ETHUSDT,1684339200001,0.00003984,
ETHUSDT,1684368000000,0.00007696,
ETHUSDT,1684396800026,0.00006739,
ETHUSDT,1684425600019,0.00005135,
ETHUSDT,1684454400000,0.00004796,
ETHUSDT,1684483200002,0.00002782,
ETHUSDT,1684512000000,0.00010000,
ETHUSDT,1684540800005,0.00007933,
ETHUSDT,1684569600014,0.00000788,
ETHUSDT,1684598400020,-0.00000176,
ETHUSDT,1684627200014,0.00004220,
ETHUSDT,1684656000001,-0.00000159,
ETHUSDT,1684684800015,0.00002497,
ETHUSDT,1684713600028,0.00002428,
ETHUSDT,1684742400000,0.00005518,
ETHUSDT,1684771200012,0.00009003,
ETHUSDT,1684800000006,0.00002790,
ETHUSDT,1684828800014,0.00010000,
ETHUSDT,1684857600008,0.00007379,
ETHUSDT,1684886400000,0.00009078,
ETHUSDT,1684915200025,0.00001006,
ETHUSDT,1684944000008,0.00004917,
ETHUSDT,1684972800000,0.00001449,
ETHUSDT,1685001600025,0.00000148,
ETHUSDT,1685030400016,0.00006605,
ETHUSDT,1685059200000,0.00010000,
ETHUSDT,1685088000024,0.00006574,
ETHUSDT,1685116800012,0.00003794,
ETHUSDT,1685145600012,0.00006425,
ETHUSDT,1685174400018,0.00004565,
ETHUSDT,1685203200008,-0.00003230,
ETHUSDT,1685232000017,-0.00000120,
ETHUSDT,1685260800015,-0.00001086,
ETHUSDT,1685289600000,0.00002481,
ETHUSDT,1685318400000,0.00010000,
ETHUSDT,1685347200020,0.00010000,
ETHUSDT,1685376000011,0.00010000,
ETHUSDT,1685404800003,0.00010000,
ETHUSDT,1685433600000,0.00010000,
ETHUSDT,1685462400003,0.00004386,
ETHUSDT,1685491200013,0.00007951,
ETHUSDT,1685520000000,0.00000535,
ETHUSDT,1685548800000,0.00004873,
ETHUSDT,1685577600008,0.00006731,
ETHUSDT,1685606400012,0.00009125,
ETHUSDT,1685635200000,0.00010000,
ETHUSDT,1685664000000,0.00004670,
ETHUSDT,1685692800006,0.00010000,
ETHUSDT,1685721600012,0.00008252,
ETHUSDT,1685750400000,0.00010000,
ETHUSDT,1685779200011,0.00007857,
ETHUSDT,1685808000003,0.00000950,
ETHUSDT,1685836800000,0.00002827,
ETHUSDT,1685865600000,0.00004801,
ETHUSDT,1685894400000,0.00008077,
ETHUSDT,1685923200005,0.00000294,
ETHUSDT,1685952000000,0.00002308,
ETHUSDT,1685980800000,0.00007505,
ETHUSDT,1686009600000,-0.00004896,
ETHUSDT,1686038400009,0.00000199,
ETHUSDT,1686067200013,0.00008581,
ETHUSDT,1686096000000,0.00010000,
ETHUSDT,1686124800016,0.00010000,
ETHUSDT,1686153600000,0.00002658,
ETHUSDT,1686182400006,0.00006055,
ETHUSDT,1686211200000,0.00005971,
ETHUSDT,1686240000000,0.00006270,
ETHUSDT,1686268800000,0.00007287,
ETHUSDT,1686297600000,0.00000972,
ETHUSDT,1686326400000,0.00007382,
ETHUSDT,1686355200000,0.00006010,
ETHUSDT,1686384000000,0.00005325,
ETHUSDT,1686412800000,0.00001875,
ETHUSDT,1686441600001,0.00001783,
ETHUSDT,1686470400000,0.00006332,
ETHUSDT,1686499200000,0.00002351,
ETHUSDT,1686528000000,0.00007802,
ETHUSDT,1686556800000,0.00009417,
ETHUSDT,1686585600001,0.00002839,
ETHUSDT,1686614400000,0.00007468,
ETHUSDT,1686643200000,0.00004944,
ETHUSDT,1686672000000,0.00005417,
ETHUSDT,1686700800000,0.00009312,
ETHUSDT,1686729600000,0.00001378,
ETHUSDT,1686758400000,0.00002759,
ETHUSDT,1686787200000,-0.00007479,
ETHUSDT,1686816000000,-0.00008236,
ETHUSDT,1686844800000,0.00003041,
ETHUSDT,1686873600000,-0.00008034,
ETHUSDT,1686902400000,-0.00005170,
ETHUSDT,1686931200000,-0.00001294,
ETHUSDT,1686960000000,0.00006711,
ETHUSDT,1686988800000,0.00010000,
ETHUSDT,1687017600000,-0.00000145,
ETHUSDT,1687046400000,-0.00000719,
ETHUSDT,1687075200000,-0.00000865,
ETHUSDT,1687104000000,0.00005296,
ETHUSDT,1687132800000,0.00003436,
ETHUSDT,1687161600000,0.00005597,
ETHUSDT,1687190400000,0.00002962,
ETHUSDT,1687219200001,0.00003350,
ETHUSDT,1687248000000,-0.00002167,
ETHUSDT,1687276800000,0.00002359,
ETHUSDT,1687305600000,0.00010000,
ETHUSDT,1687334400000,0.00001018,
ETHUSDT,1687363200000,-0.00000236,
ETHUSDT,1687392000000,0.00010000,
ETHUSDT,1687420800001,0.00010000,
ETHUSDT,1687449600000,0.00010000,
ETHUSDT,1687478400000,0.00010000,
ETHUSDT,1687507200000,0.00010000,
ETHUSDT,1687536000000,0.00004288,
ETHUSDT,1687564800000,0.00010000,
ETHUSDT,1687593600000,0.00010000,
ETHUSDT,1687622400000,0.00003414,
ETHUSDT,1687651200000,0.00010000,
ETHUSDT,1687680000000,0.00010000,
ETHUSDT,1687708800000,0.00010000,
ETHUSDT,1687737600000,0.00010000,
ETHUSDT,1687766400000,0.00007153,
ETHUSDT,1687795200000,0.00007038,
ETHUSDT,1687824000000,0.00004477,
ETHUSDT,1687852800000,0.00006237,
ETHUSDT,1687881600000,0.00001184,
ETHUSDT,1687910400000,0.00010000,
ETHUSDT,1687939200000,0.00002202,
ETHUSDT,1687968000000,0.00003873,
ETHUSDT,1687996800000,0.00001497,
ETHUSDT,1688025600000,0.00001188,
ETHUSDT,1688054400000,0.00010000,
ETHUSDT,1688083200000,0.00003965,
ETHUSDT,1688112000000,0.00010000,
ETHUSDT,1688140800001,0.00010000,
ETHUSDT,1688169600000,0.00010000,
ETHUSDT,1688198400000,0.00010000,
ETHUSDT,1688227200000,0.00010000,
ETHUSDT,1688256000000,0.00010000,
ETHUSDT,1688284800000,0.00010000,
ETHUSDT,1688313600001,0.00010000,
ETHUSDT,1688342400000,0.00010000,
ETHUSDT,1688371200000,0.00010000,
ETHUSDT,1688400000000,0.00010000,
ETHUSDT,1688428800001,0.00010000,
ETHUSDT,1688457600000,0.00010000,
ETHUSDT,1688486400000,0.00010000,
ETHUSDT,1688515200000,0.00010000,
ETHUSDT,1688544000000,0.00010000,
ETHUSDT,1688572800000,0.00010000,
ETHUSDT,1688601600000,0.00010000,
ETHUSDT,1688630400000,0.00010000,
ETHUSDT,1688659200000,0.00002778,
ETHUSDT,1688688000000,0.00007449,
ETHUSDT,1688716800000,0.00003362,
ETHUSDT,1688745600000,0.00002585,
ETHUSDT,1688774400000,0.00003796,
ETHUSDT,1688803200000,0.00001339,
ETHUSDT,1688832000000,-0.00000417,
ETHUSDT,1688860800000,0.00003226,
ETHUSDT,1688889600000,0.00002878,
ETHUSDT,1688918400000,0.00003180,
ETHUSDT,1688947200000,0.00002726,
ETHUSDT,1688976000000,0.00004524,
ETHUSDT,1689004800000,0.00007179,
ETHUSDT,1689033600000,0.00009527,
ETHUSDT,1689062400000,0.00007653,
ETHUSDT,1689091200000,0.00002549,
ETHUSDT,1689120000000,0.00008290,
ETHUSDT,1689148800000,0.00010000,
ETHUSDT,1689177600000,0.00007320,
ETHUSDT,1689206400000,-0.00000822,
ETHUSDT,1689235200000,0.00005591,
ETHUSDT,1689264000000,-0.00004550,
ETHUSDT,1689292800000,0.00010000,
ETHUSDT,1689321600000,0.00010000,
ETHUSDT,1689350400000,0.00010000,
ETHUSDT,1689379200000,-0.00000131,
ETHUSDT,1689408000000,0.00008110,
ETHUSDT,1689436800000,0.00008792,
ETHUSDT,1689465600001,0.00005641,
ETHUSDT,1689494400000,0.00004632,
ETHUSDT,1689523200000,0.00004081,
ETHUSDT,1689552000000,0.00002809,
ETHUSDT,1689580800000,0.00002313,
ETHUSDT,1689609600000,0.00003963,
ETHUSDT,1689638400000,0.00006696,
ETHUSDT,1689667200000,0.00008539,
ETHUSDT,1689696000000,0.00007161,
ETHUSDT,1689724800000,0.00006538,
ETHUSDT,1689753600000,0.00010000,
ETHUSDT,1689782400001,0.00009161,
ETHUSDT,1689811200000,-0.00000241,
ETHUSDT,1689840000000,0.00009217,
ETHUSDT,1689868800000,0.00010000,
ETHUSDT,1689897600001,0.00001798,
ETHUSDT,1689926400000,0.00000473,
ETHUSDT,1689955200000,0.00007376,
ETHUSDT,1689984000000,0.00005769,
ETHUSDT,1690012800000,-0.00000415,
ETHUSDT,1690041600000,0.00001649,
ETHUSDT,1690070400000,0.00001578,
ETHUSDT,1690099200000,0.00003411,
ETHUSDT,1690128000000,0.00005404,
ETHUSDT,1690156800000,0.00010000,
ETHUSDT,1690185600000,-0.00000080,
ETHUSDT,1690214400000,0.00007167,
ETHUSDT,1690243200000,0.00008389,
ETHUSDT,1690272000000,0.00010000,
ETHUSDT,1690300800000,0.00007490,
ETHUSDT,1690329600000,0.00009056,
ETHUSDT,1690358400001,0.00006753,
ETHUSDT,1690387200000,0.00009889,
ETHUSDT,1690416000000,0.00010000,
ETHUSDT,1690444800000,0.00008145,
ETHUSDT,1690473600001,0.00003967,
ETHUSDT,1690502400000,0.00004950,
ETHUSDT,1690531200000,0.00005360,
ETHUSDT,1690560000000,0.00009408,
ETHUSDT,1690588800000,0.00010000,
ETHUSDT,1690617600000,0.00001485,
ETHUSDT,1690646400001,0.00010000,
ETHUSDT,1690675200000,0.00010000,
ETHUSDT,1690704000000,0.00001949,
ETHUSDT,1690732800000,0.00003686,
ETHUSDT,1690761600000,0.00000049,
ETHUSDT,1690790400000,0.00000170,
ETHUSDT,1690819200001,0.00004221,
ETHUSDT,1690848000000,0.00008008,
ETHUSDT,1690876800000,0.00003030,
ETHUSDT,1690905600000,0.00010000,
ETHUSDT,1690934400000,0.00010000,
ETHUSDT,1690963200000,0.00010000,
ETHUSDT,1690992000000,0.00010000,
ETHUSDT,1691020800000,0.00010000,
ETHUSDT,1691049600000,0.00010000,
ETHUSDT,1691078400001,0.00010000,
ETHUSDT,1691107200000,0.00010000,
ETHUSDT,1691136000000,0.00004830,
ETHUSDT,1691164800000,0.00010000,
ETHUSDT,1691193600000,0.00006861,
ETHUSDT,1691222400000,0.00009220,
ETHUSDT,1691251200001,0.00010000,
ETHUSDT,1691280000000,0.00010000,
ETHUSDT,1691308800001,0.00006951,
ETHUSDT,1691337600005,0.00004934,
ETHUSDT,1691366400000,0.00010000,
ETHUSDT,1691395200000,0.00009331,
ETHUSDT,1691424000000,0.00010000,
ETHUSDT,1691452800000,0.00006695,
ETHUSDT,1691481600000,0.00010000,
ETHUSDT,1691510400000,0.00004942,
ETHUSDT,1691539200000,0.00010000,
ETHUSDT,1691568000000,0.00001575,
ETHUSDT,1691596800000,0.00006699,
ETHUSDT,1691625600001,0.00008799,
ETHUSDT,1691654400000,0.00009807,
ETHUSDT,1691683200000,0.00008989,
ETHUSDT,1691712000000,0.00003796,
ETHUSDT,1691740800000,0.00000702,
ETHUSDT,1691769600000,0.00004072,
ETHUSDT,1691798400000,0.00006253,
ETHUSDT,1691827200000,0.00004437,
ETHUSDT,1691856000000,0.00006868,
ETHUSDT,1691884800000,0.00005650,
ETHUSDT,1691913600000,0.00003083,
ETHUSDT,1691942400000,0.00009458,
ETHUSDT,1691971200001,0.00010000,
ETHUSDT,1692000000000,0.00010000,
ETHUSDT,1692028800000,0.00009882,
ETHUSDT,1692057600001,0.00007579,
ETHUSDT,1692086400000,0.00009894,
ETHUSDT,1692115200000,0.00008909,
ETHUSDT,1692144000000,0.00007286,
ETHUSDT,1692172800001,0.00009487,
ETHUSDT,1692201600000,0.00010000,
ETHUSDT,1692230400000,0.00010000,
ETHUSDT,1692259200000,0.00007426,
ETHUSDT,1692288000000,0.00007146,
ETHUSDT,1692316800000,-0.00017498,
ETHUSDT,1692345600000,0.00008602,
ETHUSDT,1692374400000,0.00002951,
ETHUSDT,1692403200000,-0.00004580,
ETHUSDT,1692432000000,-0.00007861,
ETHUSDT,1692460800000,-0.00008349,
ETHUSDT,1692489600000,-0.00011445,
ETHUSDT,1692518400000,-0.00009092,
ETHUSDT,1692547200000,-0.00001625,
ETHUSDT,1692576000000,-0.00004010,
ETHUSDT,1692604800000,-0.00004365,
ETHUSDT,1692633600000,0.00000592,
ETHUSDT,1692662400000,0.00003645,
ETHUSDT,1692691200000,-0.00006552,
ETHUSDT,1692720000000,-0.00003757,
ETHUSDT,1692748800000,-0.00002059,
ETHUSDT,1692777600000,-0.00000160,
ETHUSDT,1692806400000,0.00000334,
ETHUSDT,1692835200000,0.00002659,
ETHUSDT,1692864000000,-0.00000957,
ETHUSDT,1692892800000,-0.00001897,
ETHUSDT,1692921600000,-0.00002692,
ETHUSDT,1692950400000,-0.00001529,
ETHUSDT,1692979200000,0.00000498,
ETHUSDT,1693008000000,0.00003560,
ETHUSDT,1693036800000,-0.00000055,
ETHUSDT,1693065600000,-0.00006303,
ETHUSDT,1693094400000,0.00000399,
ETHUSDT,1693123200000,0.00001535,
ETHUSDT,1693152000000,0.00002696,
ETHUSDT,1693180800000,-0.00000176,
ETHUSDT,1693209600001,-0.00004850,
ETHUSDT,1693238400001,0.00005739,
ETHUSDT,1693267200000,0.00003145,
ETHUSDT,1693296000000,0.00001139,
ETHUSDT,1693324800000,-0.00012730,
ETHUSDT,1693353600000,0.00007488,
ETHUSDT,1693382400000,0.00007249,
ETHUSDT,1693411200000,0.00004644,
ETHUSDT,1693440000000,0.00003628,
ETHUSDT,1693468800000,0.00005955,
ETHUSDT,1693497600000,0.00002375,
ETHUSDT,1693526400000,0.00003532,
ETHUSDT,1693555200000,-0.00001812,
ETHUSDT,1693584000001,0.00002457,
ETHUSDT,1693612800000,0.00000805,
ETHUSDT,1693641600000,-0.00001621,
ETHUSDT,1693670400000,0.00000605,
ETHUSDT,1693699200000,0.00001390,
ETHUSDT,1693728000000,-0.00002475,
ETHUSDT,1693756800000,-0.00000621,
ETHUSDT,1693785600000,-0.00000075,
ETHUSDT,1693814400000,-0.00007752,
ETHUSDT,1693843200000,0.00000980,
ETHUSDT,1693872000000,0.00003126,
ETHUSDT,1693900800000,0.00000290,
ETHUSDT,1693929600000,0.00000977,
ETHUSDT,1693958400000,0.00002880,
ETHUSDT,1693987200000,-0.00003144,
ETHUSDT,1694016000001,0.00005701,
ETHUSDT,1694044800000,0.00004502,
ETHUSDT,1694073600000,0.00007831,
ETHUSDT,1694102400000,0.00004354,
ETHUSDT,1694131200000,0.00005596,
ETHUSDT,1694160000000,0.00002685,
ETHUSDT,1694188800000,0.00002497,
ETHUSDT,1694217600000,0.00005008,
ETHUSDT,1694246400000,0.00002832,
ETHUSDT,1694275200000,0.00004629,
ETHUSDT,1694304000000,0.00003947,
ETHUSDT,1694332800000,0.00001527,
ETHUSDT,1694361600000,0.00000775,
ETHUSDT,1694390400000,0.00004838,
ETHUSDT,1694419200000,0.00005747,
ETHUSDT,1694448000001,-0.00000625,
ETHUSDT,1694476800000,-0.00004991,
ETHUSDT,1694505600000,-0.00002671,
ETHUSDT,1694534400000,-0.00000144,
ETHUSDT,1694563200000,0.00002004,
ETHUSDT,1694592000000,-0.00003260,
ETHUSDT,1694620800000,0.00003870,
ETHUSDT,1694649600000,-0.00003640,
ETHUSDT,1694678400001,0.00003172,
ETHUSDT,1694707200000,-0.00000560,
ETHUSDT,1694736000000,0.00000726,
ETHUSDT,1694764800000,-0.00002473,
ETHUSDT,1694793600000,0.00003877,
ETHUSDT,1694822400000,0.00010000,
ETHUSDT,1694851200000,0.00000930,
ETHUSDT,1694880000000,0.00000224,
ETHUSDT,1694908800000,0.00002272,
ETHUSDT,1694937600000,-0.00000941,
ETHUSDT,1694966400000,0.00004182,
ETHUSDT,1694995200000,0.00000622,
ETHUSDT,1695024000000,0.00001365,
ETHUSDT,1695052800000,0.00002976,
ETHUSDT,1695081600000,-0.00001298,
ETHUSDT,1695110400001,-0.00001248,
ETHUSDT,1695139200000,0.00001153,
ETHUSDT,1695168000000,0.00004614,
ETHUSDT,1695196800000,0.00002387,
ETHUSDT,1695225600000,0.00002909,
ETHUSDT,1695254400001,0.00003804,
ETHUSDT,1695283200000,0.00007655,
ETHUSDT,1695312000000,-0.00000638,
ETHUSDT,1695340800000,0.00002241,
ETHUSDT,1695369600000,0.00002865,
ETHUSDT,1695398400000,0.00003523,
ETHUSDT,1695427200000,0.00002817,
ETHUSDT,1695456000000,0.00002963,
ETHUSDT,1695484800000,0.00002321,
ETHUSDT,1695513600000,0.00002991,
ETHUSDT,1695542400000,-0.00000558,
ETHUSDT,1695571200000,0.00004671,
ETHUSDT,1695600000000,0.00002857,
ETHUSDT,1695628800000,0.00004305,
ETHUSDT,1695657600000,0.00005130,
ETHUSDT,1695686400000,0.00006471,
ETHUSDT,1695715200000,0.00001558,
ETHUSDT,1695744000000,0.00005673,
ETHUSDT,1695772800000,0.00010000,
ETHUSDT,1695801600001,0.00000667,
ETHUSDT,1695830400000,0.00004982,
ETHUSDT,1695859200000,0.00000817,
ETHUSDT,1695888000000,0.00004301,
ETHUSDT,1695916800000,0.00002239,
ETHUSDT,1695945600000,-0.00000393,
ETHUSDT,1695974400000,0.00004429,
ETHUSDT,1696003200000,0.00000012,
ETHUSDT,1696032000000,0.00000907,
ETHUSDT,1696060800000,-0.00002413,
ETHUSDT,1696089600000,0.00001168,
ETHUSDT,1696118400000,-0.00001276,
ETHUSDT,1696147200000,0.00000822,
ETHUSDT,1696176000000,0.00003599,
ETHUSDT,1696204800000,0.00010000,
ETHUSDT,1696233600000,0.00006308,
ETHUSDT,1696262400000,0.00006372,
ETHUSDT,1696291200000,0.00000039,
ETHUSDT,1696320000000,0.00001728,
ETHUSDT,1696348800000,0.00007087,
ETHUSDT,1696377600000,0.00004620,
ETHUSDT,1696406400000,0.00000738,
ETHUSDT,1696435200000,0.00002618,
ETHUSDT,1696464000000,0.00002065,
ETHUSDT,1696492800000,0.00002685,
ETHUSDT,1696521600001,0.00002072,
ETHUSDT,1696550400000,0.00010000,
ETHUSDT,1696579200000,0.00008473,
ETHUSDT,1696608000000,0.00005905,
ETHUSDT,1696636800000,0.00008468,
ETHUSDT,1696665600000,0.00003736,
ETHUSDT,1696694400000,0.00003615,
ETHUSDT,1696723200000,0.00009048,
ETHUSDT,1696752000001,0.00009246,
ETHUSDT,1696780800000,0.00009791,
ETHUSDT,1696809600000,0.00010000,
ETHUSDT,1696838400000,0.00006572,
ETHUSDT,1696867200000,0.00003935,
ETHUSDT,1696896000000,0.00006268,
ETHUSDT,1696924800000,0.00008857,
ETHUSDT,1696953600000,0.00005511,
ETHUSDT,1696982400000,0.00002257,
ETHUSDT,1697011200000,0.00005392,
ETHUSDT,1697040000000,0.00004725,
ETHUSDT,1697068800000,0.00004026,
ETHUSDT,1697097600000,0.00002690,
ETHUSDT,1697126400000,0.00007112,
ETHUSDT,1697155200000,0.00003690,
ETHUSDT,1697184000000,0.00003476,
ETHUSDT,1697212800000,0.00002693,
ETHUSDT,1697241600000,0.00001068,
ETHUSDT,1697270400000,0.00003108,
ETHUSDT,1697299200000,0.00006650,
ETHUSDT,1697328000000,0.00007083,
ETHUSDT,1697356800000,0.00005253,
ETHUSDT,1697385600000,0.00002062,
ETHUSDT,1697414400000,0.00005180,
ETHUSDT,1697443200000,0.00004393,
ETHUSDT,1697472000000,0.00008412,
ETHUSDT,1697500800000,0.00001957,
ETHUSDT,1697529600000,0.00002557,
ETHUSDT,1697558400000,0.00006742,
ETHUSDT,1697587200000,0.00005947,
ETHUSDT,1697616000000,0.00001385,
ETHUSDT,1697644800000,0.00006495,
ETHUSDT,1697673600000,0.00004251,
ETHUSDT,1697702400001,0.00002988,
ETHUSDT,1697731200000,0.00005842,
ETHUSDT,1697760000000,0.00003868,
ETHUSDT,1697788800005,0.00005912,
ETHUSDT,1697817600000,0.00007072,
ETHUSDT,1697846400000,0.00004902,
ETHUSDT,1697875200000,0.00001735,
ETHUSDT,1697904000000,0.00003771,
ETHUSDT,1697932800000,0.00007554,
ETHUSDT,1697961600000,0.00002649,
ETHUSDT,1697990400000,0.00000603,
ETHUSDT,1698019200000,0.00009262,
ETHUSDT,1698048000001,0.00001593,
ETHUSDT,1698076800001,0.00001883,
ETHUSDT,1698105600000,0.00010000,
ETHUSDT,1698134400000,0.00010000,
ETHUSDT,1698163200000,0.00010000,
ETHUSDT,1698192000000,0.00010000,
ETHUSDT,1698220800000,0.00010000,
ETHUSDT,1698249600001,0.00010000,
ETHUSDT,1698278400001,0.00010000,
ETHUSDT,1698307200000,0.00010000,
ETHUSDT,1698336000000,0.00010000,
ETHUSDT,1698364800000,0.00010000,
ETHUSDT,1698393600000,0.00010000,
ETHUSDT,1698422400000,0.00010000,
ETHUSDT,1698451200000,0.00010000,
ETHUSDT,1698480000001,0.00010000,
ETHUSDT,1698508800000,0.00010000,
ETHUSDT,1698537600000,0.00010000,
ETHUSDT,1698566400000,0.00010000,
ETHUSDT,1698595200000,0.00010000,
ETHUSDT,1698624000000,0.00010000,
ETHUSDT,1698652800000,0.00010000,
ETHUSDT,1698681600000,0.00010000,
ETHUSDT,1698710400001,0.00010000,
ETHUSDT,1698739200000,0.00010000,1791.03990329
ETHUSDT,1698768000000,0.00010000,1792.26000000
ETHUSDT,1698796800000,0.00010000,1815.68000000
ETHUSDT,1698825600000,0.00010000,1805.10087255
ETHUSDT,1698854400000,0.00010000,1792.96543725
ETHUSDT,1698883200001,0.00026784,1848.05576938
ETHUSDT,1698912000000,0.00020558,1836.13000000
ETHUSDT,1698940800000,0.00010000,1803.52000000
ETHUSDT,1698969600000,0.00010000,1800.57006471
ETHUSDT,1698998400000,0.00010000,1798.73000000
ETHUSDT,1699027200000,0.00010000,1812.01000000
ETHUSDT,1699056000000,0.00010000,1832.47692308
ETHUSDT,1699084800000,0.00010000,1833.60480143
ETHUSDT,1699113600000,0.00010000,1831.73655251
ETHUSDT,1699142400000,0.00010000,1856.08000000
ETHUSDT,1699171200000,0.00010000,1885.79966078
ETHUSDT,1699200000000,0.00010000,1874.83000000
ETHUSDT,1699228800000,0.00010000,1892.49000000
ETHUSDT,1699257600001,0.00010000,1878.96193263
ETHUSDT,1699286400000,0.00010000,1901.59677255
ETHUSDT,1699315200001,0.00010000,1901.42825373
ETHUSDT,1699344000000,0.00010000,1892.59000000
ETHUSDT,1699372800000,0.00010000,1863.48078903
ETHUSDT,1699401600000,0.00010000,1885.79000000
ETHUSDT,1699430400000,0.00010000,1875.34123516
ETHUSDT,1699459200000,0.00010000,1889.62000000
ETHUSDT,1699488000000,0.00010000,1888.71000000
ETHUSDT,1699516800000,0.00010000,1912.43154852
ETHUSDT,1699545600000,0.00071131,2039.55000000
ETHUSDT,1699574400000,0.00027525,2122.68432489
ETHUSDT,1699603200000,0.00041432,2104.63937900
ETHUSDT,1699632000000,0.00012656,2090.93946624
ETHUSDT,1699660800000,0.00013604,2078.96735970
ETHUSDT,1699689600000,0.00013371,2056.40684932
ETHUSDT,1699718400000,0.00027449,2069.30000000
ETHUSDT,1699747200000,0.00016325,2054.53000000
ETHUSDT,1699776000000,0.00010000,2058.90000000
ETHUSDT,1699804800001,0.00024299,2058.36000000
ETHUSDT,1699833600000,0.00032990,2046.01099578
ETHUSDT,1699862400000,0.00022787,2049.37000000
ETHUSDT,1699891200000,0.00022833,2106.88000000
ETHUSDT,1699920000000,0.00018828,2054.99000000
ETHUSDT,1699948800000,0.00013623,2061.59000000
ETHUSDT,1699977600001,0.00010000,2039.18813291
ETHUSDT,1700006400000,0.00010000,1979.75289030
ETHUSDT,1700035200000,0.00010000,1983.98000000
ETHUSDT,1700064000000,0.00010000,2022.15000000
ETHUSDT,1700092800000,0.00010000,2059.29000000
ETHUSDT,1700121600000,0.00010000,2054.31647619
ETHUSDT,1700150400001,0.00010000,1995.83000000
ETHUSDT,1700179200000,0.00010000,1962.07922344
ETHUSDT,1700208000001,0.00010000,1970.53057875
ETHUSDT,1700236800001,0.00010000,1918.85260256
ETHUSDT,1700265600000,0.00010000,1961.21000000
ETHUSDT,1700294400000,0.00010000,1936.47534066
ETHUSDT,1700323200000,0.00010000,1953.17340110
ETHUSDT,1700352000000,0.00010000,1963.03469597
ETHUSDT,1700380800000,0.00010000,1961.94580495
ETHUSDT,1700409600000,0.00010000,1966.83244139
ETHUSDT,1700438400000,0.00010000,2012.36017033
ETHUSDT,1700467200000,0.00010000,2019.69000000
ETHUSDT,1700496000000,0.00010000,2043.11663287
ETHUSDT,1700524800000,0.00010000,2022.53000000
ETHUSDT,1700553600000,0.00010000,2004.84465211
ETHUSDT,1700582400000,0.00010000,1988.95889744
ETHUSDT,1700611200000,0.00010000,1933.53839927
ETHUSDT,1700640000000,0.00010000,1993.97000000
ETHUSDT,1700668800000,0.00010000,2033.87000000
ETHUSDT,1700697600000,0.00010000,2063.90136264
ETHUSDT,1700726400000,0.00010000,2066.50000000
ETHUSDT,1700755200001,0.00010000,2042.49000000
ETHUSDT,1700784000000,0.00010000,2062.58464103
ETHUSDT,1700812800000,0.00010000,2080.50000000
ETHUSDT,1700841600000,0.00010000,2117.44002930
ETHUSDT,1700870400000,0.00010000,2081.11207013
ETHUSDT,1700899200000,0.00010000,2088.47000000
ETHUSDT,1700928000000,0.00010000,2078.00000000
ETHUSDT,1700956800000,0.00010000,2083.02988828
ETHUSDT,1700985600000,0.00010000,2089.19000000
ETHUSDT,1701014400000,0.00010000,2064.80736264
ETHUSDT,1701043200000,0.00010000,2061.97000000
ETHUSDT,1701072000001,0.00010000,2045.17966117
ETHUSDT,1701100800000,0.00010000,2002.77000000
ETHUSDT,1701129600000,0.00010000,2027.48098901
ETHUSDT,1701158400000,0.00010000,2014.43367582
ETHUSDT,1701187200000,0.00010000,2036.30000000
ETHUSDT,1701216000001,0.00010000,2048.20000000
ETHUSDT,1701244800000,0.00010000,2057.29296703
ETHUSDT,1701273600000,0.00010000,2031.31000000
ETHUSDT,1701302400000,0.00010000,2028.57204924
ETHUSDT,1701331200000,0.00010000,2035.52000000
ETHUSDT,1701360000000,0.00010000,2032.90660985
ETHUSDT,1701388800000,0.00010000,2051.77000000
ETHUSDT,1701417600000,0.00010000,2092.78875379
ETHUSDT,1701446400000,0.00010000,2079.57779167
ETHUSDT,1701475200000,0.00010000,2087.12103030
ETHUSDT,1701504000000,0.00010000,2095.65000000
ETHUSDT,1701532800000,0.00010000,2103.75000000
ETHUSDT,1701561600000,0.00010000,2165.35966872
ETHUSDT,1701590400000,0.00010000,2164.73536364
ETHUSDT,1701619200000,0.00010000,2160.35000000
ETHUSDT,1701648000000,0.00010000,2193.25000000
ETHUSDT,1701676800000,0.00010000,2247.34961789
ETHUSDT,1701705600000,0.00010000,2212.15000000
ETHUSDT,1701734400000,0.00010000,2243.60849242
ETHUSDT,1701763200000,0.00010000,2200.19000000
ETHUSDT,1701792000000,0.00010000,2228.84545455
ETHUSDT,1701820800000,0.00010000,2293.72126894
ETHUSDT,1701849600000,0.00010000,2266.40000000
ETHUSDT,1701878400000,0.00010000,2252.84000000
ETHUSDT,1701907200000,0.00010000,2233.16621970
ETHUSDT,1701936000000,0.00010000,2261.96000000
ETHUSDT,1701964800000,0.00010000,2322.41451515
ETHUSDT,1701993600000,0.00022693,2357.04000000
ETHUSDT,1702022400000,0.00012399,2354.37000000
ETHUSDT,1702051200000,0.00010417,2347.44000000
ETHUSDT,1702080000000,0.00022528,2360.37334848
ETHUSDT,1702108800000,0.00031293,2385.42000000
ETHUSDT,1702137600000,0.00033485,2364.32306626
ETHUSDT,1702166400000,0.00016658,2342.21000000
ETHUSDT,1702195200000,0.00015944,2355.49000000
ETHUSDT,1702224000000,0.00022842,2353.53000000
ETHUSDT,1702252800000,0.00024112,2353.81954878
ETHUSDT,1702281600000,0.00010000,2237.15000000
ETHUSDT,1702310400000,0.00010000,2220.05000000
ETHUSDT,1702339200000,0.00010000,2225.56000000
ETHUSDT,1702368000000,0.00010000,2233.91000000
ETHUSDT,1702396800000,0.00010000,2194.72817073
ETHUSDT,1702425600000,0.00012813,2204.45285985
ETHUSDT,1702454400000,0.00015058,2174.28468939
ETHUSDT,1702483200001,0.00010581,2218.58796591
ETHUSDT,1702512000000,0.00010000,2261.17753030
ETHUSDT,1702540800000,0.00010000,2283.20000000
ETHUSDT,1702569600000,0.00010000,2275.96000000
ETHUSDT,1702598400000,0.00010000,2316.53000000
ETHUSDT,1702627200000,0.00010000,2272.49000000
ETHUSDT,1702656000000,0.00010419,2232.83531818
ETHUSDT,1702684800000,0.00010000,2221.42673485
ETHUSDT,1702713600000,0.00010000,2242.50926810
ETHUSDT,1702742400001,0.00010000,2257.44000000
ETHUSDT,1702771200000,0.00010000,2229.64000000
ETHUSDT,1702800000000,0.00010000,2209.78000000
ETHUSDT,1702828800000,0.00011402,2223.06390530
ETHUSDT,1702857600000,0.00015083,2197.34822348
ETHUSDT,1702886400001,0.00010000,2170.05000000
ETHUSDT,1702915200000,0.00010000,2156.12584848
ETHUSDT,1702944000000,0.00010000,2220.52000000
ETHUSDT,1702972800000,0.00010000,2248.57000000
ETHUSDT,1703001600000,0.00010000,2192.86000000
ETHUSDT,1703030400000,0.00010000,2178.71327812
ETHUSDT,1703059200000,0.00010000,2217.69000000
ETHUSDT,1703088000000,0.00023154,2248.59913636
ETHUSDT,1703116800000,0.00026163,2203.87649002
ETHUSDT,1703145600000,0.00026550,2216.76559091
ETHUSDT,1703174400000,0.00042074,2234.50000000
ETHUSDT,1703203200000,0.00044152,2241.35000000
ETHUSDT,1703232000000,0.00043341,2275.26000000
ETHUSDT,1703260800000,0.00051141,2321.73000000
ETHUSDT,1703289600000,0.00018540,2326.23586742
ETHUSDT,1703318400001,0.00012586,2284.95796970
ETHUSDT,1703347200000,0.00017945,2286.91638696
ETHUSDT,1703376000000,0.00013318,2310.34407935
ETHUSDT,1703404800000,0.00021857,2296.15000000
ETHUSDT,1703433600000,0.00019769,2294.48000000
ETHUSDT,1703462400000,0.00013827,2265.43000000
ETHUSDT,1703491200000,0.00021479,2282.03294697
ETHUSDT,1703520000000,0.00043880,2288.44595833
ETHUSDT,1703548800000,0.00050051,2273.21000000
ETHUSDT,1703577600000,0.00029501,2242.49000000
ETHUSDT,1703606400000,0.00036888,2230.50639015
ETHUSDT,1703635200000,0.00031530,2232.44000000
ETHUSDT,1703664000000,0.00040955,2230.44007562
ETHUSDT,1703692800000,0.00049072,2344.62087879
ETHUSDT,1703721600000,0.00027263,2380.28011742
ETHUSDT,1703750400000,0.00057135,2383.06000000
ETHUSDT,1703779200000,0.00049862,2360.96809848
ETHUSDT,1703808000001,0.00044508,2345.66000000
ETHUSDT,1703836800000,0.00049499,2334.99907197
ETHUSDT,1703865600000,0.00047123,2328.83000000
ETHUSDT,1703894400001,0.00027255,2300.60762699
ETHUSDT,1703923200000,0.00031443,2297.61885247
ETHUSDT,1703952000000,0.00026513,2314.57000000
ETHUSDT,1703980800000,0.00021714,2293.07001515
ETHUSDT,1704009600001,0.00027824,2296.94000000
ETHUSDT,1704038400000,0.00031621,2300.60000000
ETHUSDT,1704067200000,0.00027858,2283.75151515
ETHUSDT,1704096000000,0.00031096,2286.35660167
ETHUSDT,1704124800000,0.00043011,2316.73945076
ETHUSDT,1704153600000,0.00053505,2354.62000000
ETHUSDT,1704182400000,0.00051240,2387.83000000
ETHUSDT,1704211200000,0.00063801,2359.18379545
ETHUSDT,1704240000000,0.00028538,2356.81500379
ETHUSDT,1704268800000,0.00024384,2362.82000000
ETHUSDT,1704297600000,0.00010000,2240.81591288
ETHUSDT,1704326400000,0.00010000,2210.33935985
ETHUSDT,1704355200000,0.00010000,2222.58849621
ETHUSDT,1704384000000,0.00010000,2277.70839015
ETHUSDT,1704412800001,0.00010000,2267.60702033
ETHUSDT,1704441600000,0.00010000,2252.67449242
ETHUSDT,1704470400000,0.00010000,2225.09448106
ETHUSDT,1704499200000,0.00010000,2268.55259756
ETHUSDT,1704528000000,0.00010000,2233.09000000
ETHUSDT,1704556800000,0.00010000,2246.27000000
ETHUSDT,1704585600000,0.00010000,2240.44394318
ETHUSDT,1704614400001,0.00010000,2248.88000000
ETHUSDT,1704643200001,0.00010000,2229.90000000
ETHUSDT,1704672000000,0.00010000,2220.87000000
ETHUSDT,1704700800000,0.00010000,2223.68509630
ETHUSDT,1704729600000,0.00010000,2269.52795076
ETHUSDT,1704758400001,0.00010000,2331.05410707
ETHUSDT,1704787200000,0.00010000,2306.09000000
ETHUSDT,1704816000000,0.00010000,2257.03263258
ETHUSDT,1704844800000,0.00010000,2344.44000000
ETHUSDT,1704873600000,0.00010000,2369.32956857
ETHUSDT,1704902400000,0.00010000,2450.23000000
ETHUSDT,1704931200000,0.00010000,2584.42903030
ETHUSDT,1704960000000,0.00010000,2589.40712879
ETHUSDT,1704988800000,0.00010000,2614.23185606
ETHUSDT,1705017600001,0.00010000,2618.59000000
ETHUSDT,1705046400000,0.00010000,2597.21351515
ETHUSDT,1705075200000,0.00010000,2648.56000000
ETHUSDT,1705104000000,0.00010000,2523.12903409
ETHUSDT,1705132800000,0.00010000,2550.91017803
ETHUSDT,1705161600001,0.00010000,2564.28000000
ETHUSDT,1705190400000,0.00010000,2578.43028788
ETHUSDT,1705219200000,0.00010000,2551.43821591
ETHUSDT,1705248000001,0.00010000,2538.17000000
ETHUSDT,1705276800000,0.00010000,2474.13000000
ETHUSDT,1705305600000,0.00010000,2514.25229167
ETHUSDT,1705334400000,0.00010000,2515.37000000
ETHUSDT,1705363200000,0.00010000,2512.20000000
ETHUSDT,1705392000000,0.00010000,2527.97039394
ETHUSDT,1705420800001,0.00010000,2559.46878409
ETHUSDT,1705449600000,0.00010000,2587.57931818
ETHUSDT,1705478400000,0.00010000,2552.39315909
ETHUSDT,1705507200000,0.00010000,2539.47984977
ETHUSDT,1705536000001,0.00010000,2530.53208712
ETHUSDT,1705564800000,0.00010000,2538.88000000
ETHUSDT,1705593600000,0.00010000,2526.12000000
ETHUSDT,1705622400000,0.00010000,2470.45503788
ETHUSDT,1705651200000,0.00010000,2465.61653409
ETHUSDT,1705680000002,0.00010000,2463.45000000
ETHUSDT,1705708800000,0.00010000,2492.21768490
ETHUSDT,1705737600003,0.00010000,2478.74349199
ETHUSDT,1705766400000,0.00010000,2464.20482955
ETHUSDT,1705795200000,0.00010000,2472.24386483
ETHUSDT,1705824000000,0.00010000,2475.83113636
ETHUSDT,1705852800000,0.00010000,2468.10000000
ETHUSDT,1705881600000,0.00010000,2456.79434848
ETHUSDT,1705910400000,0.00010000,2420.75290152
ETHUSDT,1705939200000,0.00010000,2379.05630682
ETHUSDT,1705968000000,0.00010000,2314.33000000
ETHUSDT,1705996800000,0.00010000,2323.48176136
ETHUSDT,1706025600000,0.00010000,2219.42948864
ETHUSDT,1706054400000,0.00010000,2241.92282927
ETHUSDT,1706083200000,0.00010000,2233.49910227
ETHUSDT,1706112000000,0.00010000,2234.18259630
ETHUSDT,1706140800000,0.00010000,2234.62000000
ETHUSDT,1706169600001,0.00010000,2227.10170732
ETHUSDT,1706198400000,0.00010000,2187.70160227
ETHUSDT,1706227200001,0.00010000,2218.01000000
ETHUSDT,1706256000000,0.00010000,2196.99000000
ETHUSDT,1706284800000,0.00010000,2256.71063415
ETHUSDT,1706313600000,0.00006877,2266.73000000
ETHUSDT,1706342400000,0.00010000,2257.79000000
ETHUSDT,1706371200000,0.00010000,2269.29000000
ETHUSDT,1706400000000,0.00006557,2266.99000000
ETHUSDT,1706428800000,0.00006135,2281.84000000
ETHUSDT,1706457600000,0.00008266,2269.16000000
ETHUSDT,1706486400000,0.00010000,2256.11057011
ETHUSDT,1706515200001,0.00010000,2258.42000000
ETHUSDT,1706544000000,0.00010000,2275.16400000
ETHUSDT,1706572800000,0.00010000,2316.79295076
ETHUSDT,1706601600000,0.00006195,2308.27000000
ETHUSDT,1706630400001,0.00010000,2340.43000000
ETHUSDT,1706659200000,0.00010000,2342.25398864
ETHUSDT,1706688000000,0.00010000,2340.24780303
ETHUSDT,1706716800000,0.00010000,2328.82088258
ETHUSDT,1706745600000,0.00005527,2282.15384470
ETHUSDT,1706774400000,0.00007871,2270.91404545
ETHUSDT,1706803200002,0.00010000,2288.28000000
ETHUSDT,1706832000000,0.00010000,2303.55129231
ETHUSDT,1706860800000,0.00003678,2312.60050140
ETHUSDT,1706889600000,0.00010000,2313.09896591
ETHUSDT,1706918400000,0.00008150,2308.21922729
ETHUSDT,1706947200000,0.00010000,2313.44000000
ETHUSDT,1706976000001,0.00004476,2302.83000000
ETHUSDT,1707004800000,0.00003180,2295.43727831
ETHUSDT,1707033600004,0.00009094,2289.78281160
ETHUSDT,1707062400000,0.00010000,2300.98432317
ETHUSDT,1707091200000,0.00010000,2288.76719557
ETHUSDT,1707120000000,0.00010000,2309.74000000
ETHUSDT,1707148800000,0.00010000,2297.57946970
ETHUSDT,1707177600000,0.00005691,2300.83000000
ETHUSDT,1707206400001,0.00010000,2326.24939394
ETHUSDT,1707235200000,0.00010000,2342.86334470
ETHUSDT,1707264000000,0.00007659,2371.74000000
ETHUSDT,1707292800000,0.00004883,2362.07000000
ETHUSDT,1707321600000,0.00004309,2368.69000000
ETHUSDT,1707350400000,0.00010000,2424.22000000
ETHUSDT,1707379200000,0.00007523,2420.32784230
ETHUSDT,1707408000000,0.00009802,2452.61854924
ETHUSDT,1707436800000,0.00007752,2418.77000000
ETHUSDT,1707465600000,0.00010000,2452.86000000
ETHUSDT,1707494400001,0.00010000,2494.26447154
ETHUSDT,1707523200001,0.00007838,2485.29861789
ETHUSDT,1707552000000,0.00009615,2494.18473171
ETHUSDT,1707580800000,0.00009995,2489.74925610
ETHUSDT,1707609600000,0.00010000,2499.41170383
ETHUSDT,1707638400001,0.00010000,2526.93000000
ETHUSDT,1707667200000,0.00004792,2507.85180174
ETHUSDT,1707696000000,0.00005076,2506.11000000
ETHUSDT,1707724800000,0.00009971,2500.90000000
ETHUSDT,1707753600000,0.00010000,2557.33000000
ETHUSDT,1707782400000,0.00010000,2660.11561382
ETHUSDT,1707811200000,0.00010000,2650.26000000
ETHUSDT,1707840000000,0.00010000,2632.47865909
ETHUSDT,1707868800000,0.00010000,2640.72000000
ETHUSDT,1707897600000,0.00010000,2653.62000000
ETHUSDT,1707926400000,0.00013082,2750.43993939
ETHUSDT,1707955200000,0.00010000,2776.15000000
ETHUSDT,1707984000000,0.00012136,2773.76693182
ETHUSDT,1708012800000,0.00015412,2827.40701515
ETHUSDT,1708041600000,0.00011125,2824.38874621
ETHUSDT,1708070400000,0.00011597,2817.08000000
ETHUSDT,1708099200000,0.00010000,2776.94585227
ETHUSDT,1708128000000,0.00010000,2803.37953030
ETHUSDT,1708156800000,0.00010000,2797.20009091
ETHUSDT,1708185600000,0.00013519,2756.34000000
ETHUSDT,1708214400000,0.00010000,2787.41532509
ETHUSDT,1708243200000,0.00011140,2802.28000000
ETHUSDT,1708272000000,0.00010000,2808.47803659
ETHUSDT,1708300800000,0.00010000,2882.59928788
ETHUSDT,1708329600000,0.00010000,2927.87375379
ETHUSDT,1708358400000,0.00010000,2910.37000000
ETHUSDT,1708387200000,0.00026500,2946.80467073
ETHUSDT,1708416000000,0.00010000,2923.08121591
ETHUSDT,1708444800000,0.00025431,2926.77094318
ETHUSDT,1708473600000,0.00020319,3017.13858333
ETHUSDT,1708502400000,0.00011802,2941.49182955
ETHUSDT,1708531200000,0.00010000,2915.43171212
ETHUSDT,1708560000001,0.00010000,2969.40000000
ETHUSDT,1708588800001,0.00010000,2995.60000000
ETHUSDT,1708617600000,0.00010000,2988.32000000
ETHUSDT,1708646400000,0.00010000,2972.68395455
ETHUSDT,1708675200000,0.00010000,2935.00000000
ETHUSDT,1708704000000,0.00010000,2916.80000000
ETHUSDT,1708732800000,0.00010000,2922.82679924
ETHUSDT,1708761600001,0.00010000,2964.89457197
ETHUSDT,1708790400000,0.00010000,2956.51000000
ETHUSDT,1708819200001,0.00010000,2994.38000000
ETHUSDT,1708848000000,0.00025856,3032.26183537
ETHUSDT,1708876800000,0.00021110,3045.49000000
ETHUSDT,1708905600000,0.00059496,3115.08441870
ETHUSDT,1708934400000,0.00018258,3089.23470325
ETHUSDT,1708963200000,0.00020172,3146.94853862
ETHUSDT,1708992000000,0.00028561,3178.60000000
ETHUSDT,1709020800000,0.00066751,3219.38048106
ETHUSDT,1709049600000,0.00029666,3231.53806061
ETHUSDT,1709078400000,0.00033546,3244.81687121
ETHUSDT,1709107200000,0.00032021,3305.31056061
ETHUSDT,1709136000000,0.00043581,3350.69000000
ETHUSDT,1709164800000,0.00062574,3386.44542803
ETHUSDT,1709193600000,0.00073381,3470.79112879
ETHUSDT,1709222400000,0.00075727,3470.41000000
ETHUSDT,1709251200000,0.00053040,3343.06219697
ETHUSDT,1709280000000,0.00039096,3367.47848485
ETHUSDT,1709308800000,0.00052446,3393.63000000
ETHUSDT,1709337600000,0.00048856,3435.82000000
ETHUSDT,1709366400001,0.00057488,3433.70000000
ETHUSDT,1709395200000,0.00055344,3421.37000000
ETHUSDT,1709424000000,0.00039105,3424.23709091
ETHUSDT,1709452800000,0.00038668,3394.38000000
ETHUSDT,1709481600000,0.00037021,3424.31000000
ETHUSDT,1709510400000,0.00041907,3491.58519697
ETHUSDT,1709539200000,0.00028996,3480.37000000
ETHUSDT,1709568000000,0.00050061,3562.64000000
ETHUSDT,1709596800000,0.00038776,3629.16078030
ETHUSDT,1709625600000,0.00101724,3678.01000000
ETHUSDT,1709654400000,0.00082409,3786.70000000
ETHUSDT,1709683200000,0.00020580,3555.01046970
ETHUSDT,1709712000001,0.00038362,3789.66000000
ETHUSDT,1709740800000,0.00040511,3793.30100758
ETHUSDT,1709769600000,0.00035699,3821.36624797
ETHUSDT,1709798400000,0.00039169,3792.06000000
ETHUSDT,1709827200000,0.00044218,3840.37000000
ETHUSDT,1709856000000,0.00042931,3871.69000000
ETHUSDT,1709884800000,0.00057985,3913.42878455
ETHUSDT,1709913600000,0.00048823,3904.59637602
ETHUSDT,1709942400000,0.00033201,3886.03000000
ETHUSDT,1709971200001,0.00036530,3928.65231818
ETHUSDT,1710000000000,0.00035498,3920.24000000
ETHUSDT,1710028800000,0.00034688,3908.15000000
ETHUSDT,1710057600000,0.00049375,3948.48000000
ETHUSDT,1710086400000,0.00029818,3886.00000000
ETHUSDT,1710115200000,0.00029368,3880.96000000
ETHUSDT,1710144000000,0.00067235,4013.23932317
ETHUSDT,1710172800000,0.00064296,4020.36000000
ETHUSDT,1710201600000,0.00068106,4070.52000000
ETHUSDT,1710230400000,0.00037542,4030.06338258
ETHUSDT,1710259200000,0.00048306,3991.80411017
ETHUSDT,1710288000000,0.00046983,3983.90856818
ETHUSDT,1710316800001,0.00060121,4043.26235606
ETHUSDT,1710345600000,0.00044242,3965.67000000
ETHUSDT,1710374400001,0.00040995,4008.67287750
ETHUSDT,1710403200000,0.00050365,3966.67000000
ETHUSDT,1710432000000,0.00035217,3848.40000000
ETHUSDT,1710460800000,0.00040271,3885.00000000
ETHUSDT,1710489600000,0.00023171,3756.08000000
ETHUSDT,1710518400000,0.00033557,3691.55970455
ETHUSDT,1710547200000,0.00018856,3743.72145455
ETHUSDT,1710576000000,0.00027490,3742.92765152
ETHUSDT,1710604800000,0.00028914,3681.49000000
ETHUSDT,1710633600000,0.00013396,3525.57000000
ETHUSDT,1710662400000,0.00011824,3474.48000000
ETHUSDT,1710691200000,0.00030376,3629.96000000
ETHUSDT,1710720000000,0.00017304,3646.99000000
ETHUSDT,1710748800000,0.00026393,3628.86566667
ETHUSDT,1710777600001,0.00029608,3527.93000000
ETHUSDT,1710806400000,0.00028148,3522.92542045
ETHUSDT,1710835200000,0.00023311,3361.60000000
ETHUSDT,1710864000001,0.00013469,3304.63000000
ETHUSDT,1710892800000,0.00016096,3161.03000000
ETHUSDT,1710921600004,0.00010000,3220.02000000
ETHUSDT,1710950400000,0.00010000,3294.56567026
ETHUSDT,1710979200000,0.00019507,3517.80000000
ETHUSDT,1711008000000,0.00013771,3518.80000000
ETHUSDT,1711036800000,0.00017743,3499.52586742
ETHUSDT,1711065600000,0.00022775,3495.16000000
ETHUSDT,1711094400000,0.00023317,3514.12125379
ETHUSDT,1711123200000,0.00016092,3351.01666667
ETHUSDT,1711152000000,0.00010552,3337.90121591
ETHUSDT,1711180800000,0.00012459,3367.62000000
ETHUSDT,1711209600000,0.00013906,3407.55015152
ETHUSDT,1711238400000,0.00012767,3330.83000000
ETHUSDT,1711267200000,0.00017907,3344.28006818
ETHUSDT,1711296000000,0.00017171,3399.54067424
ETHUSDT,1711324800000,0.00020242,3456.55247727
ETHUSDT,1711353600001,0.00011009,3446.71000000
ETHUSDT,1711382400000,0.00022958,3583.72524242
ETHUSDT,1711411200000,0.00039028,3592.94000000
ETHUSDT,1711440000000,0.00018000,3637.47000000
ETHUSDT,1711468800000,0.00026242,3595.92137879
ETHUSDT,1711497600000,0.00024667,3589.64000000
ETHUSDT,1711526400001,0.00021635,3567.44473864
ETHUSDT,1711555200000,0.00035332,3517.15614015
ETHUSDT,1711584000000,0.00038952,3504.60600758
ETHUSDT,1711612800000,0.00035672,3576.64290530
ETHUSDT,1711641600000,0.00036879,3580.63596212
ETHUSDT,1711670400000,0.00034117,3563.42986742
ETHUSDT,1711699200000,0.00030332,3522.13951894
ETHUSDT,1711728000000,0.00037327,3489.53121591
ETHUSDT,1711756800000,0.00024188,3512.46000000
ETHUSDT,1711785600000,0.00024854,3495.00009091
ETHUSDT,1711814400000,0.00045204,3539.97000000
ETHUSDT,1711843200000,0.00026461,3508.24947348
ETHUSDT,1711872000000,0.00065366,3629.17000000
ETHUSDT,1711900800001,0.00058292,3620.88062879
ETHUSDT,1711929600000,0.00060909,3648.79000000
ETHUSDT,1711958400000,0.00035798,3548.55600379
ETHUSDT,1711987200000,0.00019362,3445.71054924
ETHUSDT,1712016000007,0.00015034,3506.13451136
ETHUSDT,1712044800015,0.00010000,3364.75000000
ETHUSDT,1712073600000,0.00012642,3242.43000000
ETHUSDT,1712102400000,0.00010000,3280.01081818
ETHUSDT,1712131200000,0.00010000,3306.98953762
ETHUSDT,1712160000000,0.00010000,3330.77000000
ETHUSDT,1712188800000,0.00010000,3312.84034091
ETHUSDT,1712217600000,0.00010000,3324.65300758
ETHUSDT,1712246400000,0.00010000,3365.82736364
ETHUSDT,1712275200000,0.00010000,3329.66000000
ETHUSDT,1712304000000,0.00010000,3289.18000000
ETHUSDT,1712332800000,0.00010000,3328.80000000
ETHUSDT,1712361600000,0.00016732,3319.65000000
ETHUSDT,1712390400000,0.00010000,3331.72000000
ETHUSDT,1712419200000,0.00010000,3336.70000000
ETHUSDT,1712448000000,0.00010000,3352.92760606
ETHUSDT,1712476800000,0.00010000,3386.99000000
ETHUSDT,1712505600000,0.00010000,3390.77987879
ETHUSDT,1712534400001,0.00010000,3455.86471970
ETHUSDT,1712563200000,0.00010000,3475.27906740
ETHUSDT,1712592000006,0.00031896,3631.54253030
ETHUSDT,1712620800000,0.00024848,3697.25567424
ETHUSDT,1712649600001,0.00010159,3643.66609091
ETHUSDT,1712678400001,0.00015222,3531.61968182
ETHUSDT,1712707200000,0.00018733,3508.45000000
ETHUSDT,1712736000001,0.00015363,3538.91000000
ETHUSDT,1712764800000,0.00013253,3481.08000000
ETHUSDT,1712793600000,0.00010000,3547.08987461
ETHUSDT,1712822400000,0.00015483,3585.20656818
ETHUSDT,1712851200000,0.00010000,3509.94000000
ETHUSDT,1712880000000,0.00010000,3503.71525000
ETHUSDT,1712908800001,0.00010000,3518.69534091
ETHUSDT,1712937600000,0.00010000,3442.42000000
ETHUSDT,1712966400000,0.00010000,3238.48000000
ETHUSDT,1712995200000,0.00010000,3258.56000000
ETHUSDT,1713024000001,0.00010000,3273.12000000
ETHUSDT,1713052800000,0.00010000,3005.46000000
ETHUSDT,1713081600000,0.00010000,3083.33000000
ETHUSDT,1713110400000,0.00010000,3055.18000000
ETHUSDT,1713139200000,0.00010000,3153.43000000
ETHUSDT,1713168000001,0.00005422,3241.15834848
ETHUSDT,1713196800000,0.00008871,3162.27000000
ETHUSDT,1713225600001,0.00007898,3100.72000000
ETHUSDT,1713254400000,0.00008536,3105.88000000
ETHUSDT,1713283200000,0.00005787,3008.14000000
ETHUSDT,1713312000000,0.00009805,3082.95012879
ETHUSDT,1713340800000,0.00000511,3074.97742424
ETHUSDT,1713369600000,0.00000492,2945.75264394
ETHUSDT,1713398400000,0.00003509,2983.63953788
ETHUSDT,1713427200000,0.00002246,2974.11378788
ETHUSDT,1713456000000,0.00006353,3067.13127273
ETHUSDT,1713484800001,0.00003973,3062.85000000
ETHUSDT,1713513600000,0.00008503,3082.57000000
ETHUSDT,1713542400000,0.00005417,3079.54848485
ETHUSDT,1713571200000,0.00010000,3055.10238636
ETHUSDT,1713600000000,0.00002386,3059.77000000
ETHUSDT,1713628800000,0.00005114,3108.82762121
ETHUSDT,1713657600000,0.00005559,3154.37176515
ETHUSDT,1713686400000,-0.00000627,3177.91000000
ETHUSDT,1713715200000,0.00004395,3158.23000000
ETHUSDT,1713744000000,0.00003417,3145.95092504
ETHUSDT,1713772800000,0.00004908,3202.57000000
ETHUSDT,1713801600000,-0.00001974,3182.05000000
ETHUSDT,1713830400000,0.00000674,3198.66105303
ETHUSDT,1713859200000,0.00001147,3158.94000000
ETHUSDT,1713888000001,0.00006979,3223.96000000
ETHUSDT,1713916800000,0.00004713,3218.18430024
ETHUSDT,1713945600000,0.00001937,3248.57771212
ETHUSDT,1713974400000,0.00004804,3174.63587121
ETHUSDT,1714003200000,0.00000466,3138.87962121
ETHUSDT,1714032000000,0.00001706,3134.87000000
ETHUSDT,1714060800010,0.00010000,3159.38000000
ETHUSDT,1714089600001,0.00001631,3154.43000000
ETHUSDT,1714118400000,0.00003847,3133.56897727
ETHUSDT,1714147200000,0.00004582,3116.44000000
ETHUSDT,1714176000000,0.00010000,3129.98000000
ETHUSDT,1714204800001,0.00007026,3118.83000000
ETHUSDT,1714233600000,0.00002355,3143.30000000
ETHUSDT,1714262400000,0.00009322,3254.12254545
ETHUSDT,1714291200000,0.00008300,3316.27000000
ETHUSDT,1714320000000,0.00008272,3319.43587774
ETHUSDT,1714348800000,0.00008816,3262.28000000
ETHUSDT,1714377600000,0.00010000,3186.93000000
ETHUSDT,1714406400000,0.00005981,3180.59000000
ETHUSDT,1714435200000,0.00007518,3215.18000000
ETHUSDT,1714464000000,0.00007389,3155.76212879
ETHUSDT,1714492800000,0.00003887,2992.76000000
ETHUSDT,1714521600000,0.00001865,3012.59016458
ETHUSDT,1714550400000,0.00004890,2868.23000000
ETHUSDT,1714579200000,0.00007347,2884.59865909
ETHUSDT,1714608000000,-0.00000086,2970.90318182
ETHUSDT,1714636800000,0.00009579,2920.03863636
ETHUSDT,1714665600002,0.00007757,2988.65000000
ETHUSDT,1714694400000,0.00004044,2984.80000000
ETHUSDT,1714723200000,0.00002157,2967.68443939
ETHUSDT,1714752000000,0.00003457,3074.11000000
ETHUSDT,1714780800000,0.00004290,3101.51019098
ETHUSDT,1714809600000,0.00008465,3094.80000000
ETHUSDT,1714838400000,0.00007001,3125.48252273
ETHUSDT,1714867200000,0.00008848,3115.59733333
ETHUSDT,1714896000000,0.00009394,3103.99419139
ETHUSDT,1714924800000,0.00005578,3159.07000000
ETHUSDT,1714953600000,0.00005569,3135.24000000
ETHUSDT,1714982400000,0.00010000,3179.66952273
ETHUSDT,1715011200000,0.00009025,3088.40698485
ETHUSDT,1715040000000,0.00007342,3061.51000000
ETHUSDT,1715068800000,0.00004028,3076.23419697
ETHUSDT,1715097600000,0.00006978,3070.20000000
ETHUSDT,1715126400000,0.00007764,3004.94619697
ETHUSDT,1715155200000,0.00007236,2994.23000000
ETHUSDT,1715184000000,0.00010000,3006.00000000
ETHUSDT,1715212800000,0.00010000,2973.41762879
ETHUSDT,1715241600000,0.00010000,2982.41468939
ETHUSDT,1715270400000,0.00010000,3004.95351515
ETHUSDT,1715299200000,0.00009040,3034.84137121
ETHUSDT,1715328000000,0.00010000,3040.50732576
ETHUSDT,1715356800000,0.00005137,2917.31586364
ETHUSDT,1715385600000,0.00007578,2908.85000000
ETHUSDT,1715414400000,0.00006690,2920.90000000
ETHUSDT,1715443200000,0.00008517,2924.50000000
ETHUSDT,1715472000000,0.00008010,2911.54623485
ETHUSDT,1715500800000,0.00007264,2906.48000000
ETHUSDT,1715529600000,0.00006269,2936.83000000
ETHUSDT,1715558400001,0.00005829,2927.72000000
ETHUSDT,1715587200001,0.00010000,2953.49000000
ETHUSDT,1715616000000,0.00010000,2960.20000000
ETHUSDT,1715644800000,0.00010000,2949.86293182
ETHUSDT,1715673600000,0.00008140,2918.84685606
ETHUSDT,1715702400000,0.00009124,2897.53000000
ETHUSDT,1715731200000,0.00010000,2880.87000000
ETHUSDT,1715760000000,0.00008171,2914.65150758
ETHUSDT,1715788800000,0.00009162,2976.66000000
ETHUSDT,1715817600004,0.00010000,3030.87753030
ETHUSDT,1715846400000,0.00006453,3015.12305303
ETHUSDT,1715875200000,0.00005401,2955.53000000
ETHUSDT,1715904000000,0.00005324,2943.22000000
ETHUSDT,1715932800000,0.00008531,3023.83881661
ETHUSDT,1715961600000,0.00004333,3109.84000000
ETHUSDT,1715990400000,0.00007513,3090.65673197
ETHUSDT,1716019200000,0.00003431,3100.25000000
ETHUSDT,1716048000000,0.00007815,3109.42477273
ETHUSDT,1716076800000,0.00007388,3121.61511404
ETHUSDT,1716105600000,0.00003451,3114.49316667
ETHUSDT,1716134400000,0.00008825,3076.34246212
ETHUSDT,1716163200000,0.00009672,3069.99000000
ETHUSDT,1716192000000,0.00001916,3091.11618182
ETHUSDT,1716220800003,0.00004643,3116.95000000
ETHUSDT,1716249600000,0.00010000,3664.24743182
ETHUSDT,1716278400001,0.00019404,3662.98655303
ETHUSDT,1716307200000,0.00010000,3779.13625758
ETHUSDT,1716336000000,0.00012452,3792.16673485
ETHUSDT,1716364800000,0.00015189,3748.85868939
ETHUSDT,1716393600000,0.00010000,3763.32000000
ETHUSDT,1716422400000,0.00010000,3740.25000000
ETHUSDT,1716451200000,0.00010000,3815.69087879
ETHUSDT,1716480000000,0.00010000,3815.08000000
ETHUSDT,1716508800000,0.00010000,3784.80000000
ETHUSDT,1716537600000,0.00010000,3681.26000000
ETHUSDT,1716566400000,0.00010000,3695.60718182
ETHUSDT,1716595200000,0.00010000,3729.62000000
ETHUSDT,1716624000000,0.00010000,3747.90000000
ETHUSDT,1716652800000,0.00010000,3745.54691667
ETHUSDT,1716681600000,0.00010000,3751.15000000
ETHUSDT,1716710400000,0.00010000,3787.58000000
ETHUSDT,1716739200000,0.00010000,3834.53000000
ETHUSDT,1716768000000,0.00010000,3827.53000000
ETHUSDT,1716796800000,0.00010000,3915.42000000
ETHUSDT,1716825600000,0.00010000,3965.83840909
ETHUSDT,1716854400000,0.00010000,3896.09000000
ETHUSDT,1716883200000,0.00010000,3850.32068939
ETHUSDT,1716912000000,0.00012190,3863.33000000
ETHUSDT,1716940800001,0.00017485,3847.00000000
ETHUSDT,1716969600000,0.00010000,3823.40307576
ETHUSDT,1716998400000,0.00017700,3762.03720455
ETHUSDT,1717027200000,0.00025357,3770.00000000
ETHUSDT,1717056000000,0.00014202,3722.16000000
ETHUSDT,1717084800000,0.00018706,3778.20893939
ETHUSDT,1717113600000,0.00010000,3749.90932576
ETHUSDT,1717142400000,0.00010793,3730.65599242
ETHUSDT,1717171200000,0.00012319,3747.25000000
ETHUSDT,1717200000000,0.00017131,3764.04343182
ETHUSDT,1717228800000,0.00013009,3775.30400000
ETHUSDT,1717257600001,0.00011557,3801.17321212
ETHUSDT,1717286400000,0.00015695,3817.50000000
ETHUSDT,1717315200000,0.00010000,3795.13000000
ETHUSDT,1717344000000,0.00010000,3801.12573166
ETHUSDT,1717372800000,0.00012702,3783.62659848
ETHUSDT,1717401600000,0.00015803,3819.99000000
ETHUSDT,1717430400000,0.00012815,3797.88131818
ETHUSDT,1717459200000,0.00010000,3769.15000000
ETHUSDT,1717488000000,0.00010000,3776.79000000
ETHUSDT,1717516800000,0.00010800,3813.09632576
ETHUSDT,1717545600000,0.00016969,3813.02937121
ETHUSDT,1717574400000,0.00010000,3811.35000000
ETHUSDT,1717603200000,0.00010659,3816.56893182
ETHUSDT,1717632000000,0.00019461,3867.99527273
ETHUSDT,1717660800008,0.00020328,3854.28742947
ETHUSDT,1717689600000,0.00014989,3847.09508333
ETHUSDT,1717718400000,0.00016105,3815.77000000
ETHUSDT,1717747200000,0.00013228,3819.01178030
ETHUSDT,1717776000000,0.00017029,3802.93818182
ETHUSDT,1717804800000,0.00010000,3679.82000000
ETHUSDT,1717833600000,0.00010000,3710.26000000
ETHUSDT,1717862400000,0.00010000,3689.33000000
ETHUSDT,1717891200000,0.00010000,3682.11000000
ETHUSDT,1717920000000,0.00010000,3687.10000000
ETHUSDT,1717948800001,0.00010000,3691.62000000
ETHUSDT,1717977600000,0.00010000,3707.55763278
ETHUSDT,1718006400000,0.00010000,3650.44409091
ETHUSDT,1718035200001,0.00010000,3703.16574242
ETHUSDT,1718064000001,0.00010000,3669.65000000
ETHUSDT,1718092800000,0.00010000,3535.23000000
ETHUSDT,1718121600000,0.00010000,3448.26362879
ETHUSDT,1718150400000,0.00010000,3497.97481061
ETHUSDT,1718179200000,0.00010000,3526.99000000
ETHUSDT,1718208000000,0.00010000,3617.92588636
ETHUSDT,1718236800000,0.00010000,3560.35896212
ETHUSDT,1718265600001,0.00010000,3507.48000000
ETHUSDT,1718294400000,0.00010000,3442.84977273
ETHUSDT,1718323200000,0.00010000,3469.19000000
ETHUSDT,1718352000000,0.00010000,3515.97947727
ETHUSDT,1718380800000,0.00010000,3461.87205303
ETHUSDT,1718409600000,0.00010000,3480.87528788
ETHUSDT,1718438400000,0.00010000,3529.34816667
ETHUSDT,1718467200000,0.00010000,3565.31000000
ETHUSDT,1718496000001,0.00010000,3567.93938636
ETHUSDT,1718524800000,0.00010000,3561.37000000
ETHUSDT,1718553600000,0.00010000,3591.36355303
ETHUSDT,1718582400000,0.00010000,3623.15286643
ETHUSDT,1718611200000,0.00010000,3551.57000000
ETHUSDT,1718640000000,0.00009137,3495.80000000
ETHUSDT,1718668800000,0.00006649,3509.76769697
ETHUSDT,1718697600000,0.00007836,3442.50000000
ETHUSDT,1718726400000,0.00006211,3422.85571970
ETHUSDT,1718755200001,0.00010000,3482.34000000
ETHUSDT,1718784000001,0.00010000,3543.08000000
ETHUSDT,1718812800000,0.00006122,3527.99000000
ETHUSDT,1718841600000,0.00010000,3559.10481851
ETHUSDT,1718870400000,0.00006409,3606.10950000
ETHUSDT,1718899200000,0.00003148,3505.36793182
ETHUSDT,1718928000000,0.00000746,3511.60560606
ETHUSDT,1718956800000,0.00002103,3473.58000000
ETHUSDT,1718985600000,0.00010000,3491.39000000
ETHUSDT,1719014400000,0.00004564,3517.18000000
ETHUSDT,1719043200000,0.00005837,3492.53000000
ETHUSDT,1719072000000,0.00003914,3504.60000000
ETHUSDT,1719100800000,0.00006710,3494.26000000
ETHUSDT,1719129600000,0.00004594,3510.92535606
ETHUSDT,1719158400000,0.00003591,3473.12753030
ETHUSDT,1719187200002,0.00007672,3419.57059091
ETHUSDT,1719216000000,0.00010000,3367.68000000
ETHUSDT,1719244800000,0.00007410,3278.79000000
ETHUSDT,1719273600000,0.00010000,3352.00000000
ETHUSDT,1719302400000,0.00010000,3360.18204545
ETHUSDT,1719331200000,0.00010000,3418.83318182
ETHUSDT,1719360000002,0.00010000,3393.16864394
ETHUSDT,1719388800000,0.00010000,3400.60412879
ETHUSDT,1719417600000,0.00010000,3360.80000000
ETHUSDT,1719446400000,0.00010000,3370.66046212
ETHUSDT,1719475200001,0.00010000,3374.47000000
ETHUSDT,1719504000000,0.00010000,3452.00560606
ETHUSDT,1719532800000,0.00010000,3450.33018025
ETHUSDT,1719561600000,0.00010000,3431.27000000
ETHUSDT,1719590400000,0.00010000,3412.13582576
ETHUSDT,1719619200001,0.00010000,3379.57099242
ETHUSDT,1719648000000,0.00010000,3398.18000000
ETHUSDT,1719676800000,0.00010000,3393.45000000
ETHUSDT,1719705600000,0.00010000,3377.62159848
ETHUSDT,1719734400000,0.00010000,3393.06000000
ETHUSDT,1719763200000,0.00010000,3398.87000000
ETHUSDT,1719792000000,0.00010000,3436.73000000
ETHUSDT,1719820800000,0.00010000,3489.25000000
ETHUSDT,1719849600001,0.00010000,3473.87000000
ETHUSDT,1719878400000,0.00010000,3441.12724242
ETHUSDT,1719907200000,0.00010000,3438.50177273
ETHUSDT,1719936000000,0.00010000,3414.68000000
ETHUSDT,1719964800000,0.00010000,3420.43000000
ETHUSDT,1719993600001,0.00010000,3352.15688636
ETHUSDT,1720022400000,0.00010000,3302.94937121
ETHUSDT,1720051200000,0.00010000,3294.76000000
ETHUSDT,1720080000000,0.00010000,3181.58994697
ETHUSDT,1720108800000,0.00010000,3137.62000000
ETHUSDT,1720137600000,0.00010000,3059.23636364
ETHUSDT,1720166400000,0.00009550,2881.26000000
ETHUSDT,1720195200000,0.00004923,2990.22177273
ETHUSDT,1720224000000,0.00009007,2980.67000000
ETHUSDT,1720252800000,0.00006597,3003.19609091
ETHUSDT,1720281600000,0.00005847,3018.48308777
ETHUSDT,1720310400001,0.00003941,3065.50000000
ETHUSDT,1720339200000,0.00008938,3002.97278947
ETHUSDT,1720368000000,0.00005389,2969.63110606
ETHUSDT,1720396800000,0.00010000,2930.23000000
ETHUSDT,1720425600000,0.00003423,2925.58000000
ETHUSDT,1720454400000,0.00009357,2968.31426515
ETHUSDT,1720483200000,0.00005681,3017.93328030
ETHUSDT,1720512000001,0.00001078,3061.01000000
ETHUSDT,1720540800000,0.00007754,3066.14312879
ETHUSDT,1720569600000,0.00003746,3065.06000000
ETHUSDT,1720598400000,0.00001713,3095.87054075
ETHUSDT,1720627200000,0.00010000,3121.18937121
ETHUSDT,1720656000002,0.00004282,3099.48730303
ETHUSDT,1720684800002,0.00008656,3116.99000000
ETHUSDT,1720713600004,0.00005603,3116.72000000
ETHUSDT,1720742400000,0.00010000,3098.24000000
ETHUSDT,1720771200000,0.00004730,3071.31193182
ETHUSDT,1720800000000,0.00007154,3130.18000000
ETHUSDT,1720828800000,0.00010000,3133.24000000
ETHUSDT,1720857600000,0.00010000,3139.09000000
ETHUSDT,1720886400000,0.00007584,3153.75693182
ETHUSDT,1720915200000,0.00010000,3174.03778213
ETHUSDT,1720944000000,0.00006352,3194.34000000
ETHUSDT,1720972800000,0.00003194,3188.72962382
ETHUSDT,1721001600000,0.00009653,3244.10000000
ETHUSDT,1721030400000,0.00004043,3354.38000000
ETHUSDT,1721059200000,0.00004690,3366.12075000
ETHUSDT,1721088000000,0.00002643,3481.83237879
ETHUSDT,1721116800000,0.00009799,3376.01753788
ETHUSDT,1721145600000,0.00006395,3474.92496212
ETHUSDT,1721174400000,0.00005824,3442.87250758
ETHUSDT,1721203200001,0.00008064,3484.69353030
ETHUSDT,1721232000000,0.00006113,3436.30719697
ETHUSDT,1721260800000,0.00010000,3386.04000000
ETHUSDT,1721289600000,0.00006727,3431.72000000
ETHUSDT,1721318400000,0.00003237,3387.83491667
ETHUSDT,1721347200000,0.00004387,3424.99000000
ETHUSDT,1721376000000,0.00008153,3390.58000000
ETHUSDT,1721404800000,0.00010000,3463.76000000
ETHUSDT,1721433600001,0.00005271,3502.18000000
ETHUSDT,1721462400000,0.00008573,3485.99000000
ETHUSDT,1721491200000,0.00002468,3501.81000000
ETHUSDT,1721520000000,0.00010000,3515.94928788
ETHUSDT,1721548800000,0.00001524,3482.90283333
ETHUSDT,1721577600000,0.00006721,3498.66479545
ETHUSDT,1721606400000,0.00009867,3534.26000000
ETHUSDT,1721635200000,0.00007749,3477.03909091
ETHUSDT,1721664000000,0.00002820,3455.70000000
ETHUSDT,1721692800000,0.00007792,3438.32583333
ETHUSDT,1721721600000,0.00010000,3453.30000000
ETHUSDT,1721750400000,0.00009013,3453.76132576
ETHUSDT,1721779200000,0.00007865,3481.01000000
ETHUSDT,1721808000000,0.00008396,3445.74000000
ETHUSDT,1721836800000,0.00006706,3413.49000000
ETHUSDT,1721865600000,0.00009460,3334.25000000
ETHUSDT,1721894400000,0.00000204,3170.41348485
ETHUSDT,1721923200000,0.00003720,3140.81000000
ETHUSDT,1721952000000,0.00003903,3173.67000000
ETHUSDT,1721980800000,0.00004196,3249.62000000
ETHUSDT,1722009600000,0.00004001,3253.84000000
ETHUSDT,1722038400000,0.00003050,3273.01850758
ETHUSDT,1722067200000,0.00007422,3270.41000000
ETHUSDT,1722096000000,0.00001780,3279.78000000
ETHUSDT,1722124800000,0.00010000,3248.17000000
ETHUSDT,1722153600000,0.00010000,3226.68000000
ETHUSDT,1722182400001,0.00010000,3267.55000000
ETHUSDT,1722211200001,0.00008174,3268.27439075
ETHUSDT,1722240000000,0.00010000,3366.02474242
ETHUSDT,1722268800001,0.00010000,3307.06362879
ETHUSDT,1722297600000,0.00010000,3316.62000000
ETHUSDT,1722326400001,0.00010000,3339.65157576
ETHUSDT,1722355200000,0.00010000,3319.81270455
ETHUSDT,1722384000000,0.00010000,3278.18000000
ETHUSDT,1722412800000,0.00010000,3316.51846212
ETHUSDT,1722441600000,0.00010000,3301.20000000
ETHUSDT,1722470400000,0.00010000,3231.48000000
ETHUSDT,1722499200000,0.00005973,3165.59420455
ETHUSDT,1722528000000,0.00010000,3115.41645455
ETHUSDT,1722556800000,0.00007641,3201.93043182
ETHUSDT,1722585600001,0.00007771,3146.57568939
ETHUSDT,1722614400000,0.00003785,3037.91004545
ETHUSDT,1722643200000,0.00008493,2988.52112121
ETHUSDT,1722672000000,0.00002920,2983.00000000
ETHUSDT,1722700800001,0.00004820,2941.27083333
ETHUSDT,1722729600000,0.00004181,2902.08109848
ETHUSDT,1722758400000,0.00001635,2892.00000000
ETHUSDT,1722787200000,0.00006815,2826.05545455
ETHUSDT,1722816000000,-0.00001700,2687.60000000
ETHUSDT,1722844800000,-0.00000458,2357.71056061
ETHUSDT,1722873600000,-0.00005766,2448.97000000
ETHUSDT,1722902400000,-0.00002276,2417.88000000
ETHUSDT,1722931200000,-0.00010667,2522.33484091
ETHUSDT,1722960000000,-0.00001110,2526.35828030
ETHUSDT,1722988800000,-0.00004250,2460.33297727
ETHUSDT,1723017600001,-0.00000616,2509.77000000
ETHUSDT,1723046400000,-0.00004478,2411.71000000
ETHUSDT,1723075200001,-0.00004377,2341.44000000
ETHUSDT,1723104000000,-0.00001083,2412.92000000
ETHUSDT,1723132800000,-0.00003437,2505.85000000
ETHUSDT,1723161600000,0.00001139,2682.32086364
ETHUSDT,1723190400000,0.00004212,2668.97000000
ETHUSDT,1723219200000,-0.00002753,2557.41975758
ETHUSDT,1723248000000,-0.00004249,2597.89000000
ETHUSDT,1723276800000,0.00003504,2633.07000000
ETHUSDT,1723305600000,0.00001614,2598.24000000
ETHUSDT,1723334400000,-0.00000882,2608.77000000
ETHUSDT,1723363200000,0.00000973,2676.00000000
ETHUSDT,1723392000001,0.00000346,2612.82000000
ETHUSDT,1723420800000,0.00001047,2554.65000000
ETHUSDT,1723449600000,0.00006766,2566.07606061
ETHUSDT,1723478400000,0.00006424,2687.88237879
ETHUSDT,1723507200000,0.00007892,2721.15000000
ETHUSDT,1723536000000,-0.00006036,2647.14000000
ETHUSDT,1723564800000,-0.00004532,2650.88137121
ETHUSDT,1723593600000,0.00000555,2701.01000000
ETHUSDT,1723622400000,0.00003166,2726.46000000
ETHUSDT,1723651200000,-0.00003462,2672.94227273
ETHUSDT,1723680000000,0.00005044,2659.95137879
ETHUSDT,1723708800000,0.00007775,2613.84000000
ETHUSDT,1723737600000,0.00000662,2667.19000000
ETHUSDT,1723766400000,-0.00001182,2568.81935606
ETHUSDT,1723795200000,0.00002105,2616.02889394
ETHUSDT,1723824000000,0.00003363,2568.34188636
ETHUSDT,1723852800000,0.00002448,2591.52000000
ETHUSDT,1723881600000,-0.00002485,2599.01752273
ETHUSDT,1723910400000,-0.00003471,2605.56000000
ETHUSDT,1723939200000,0.00000782,2613.18000000
ETHUSDT,1723968000000,-0.00004706,2606.84133333
ETHUSDT,1723996800000,-0.00000142,2671.00000000
ETHUSDT,1724025600000,-0.00003660,2610.67000000
ETHUSDT,1724054400000,0.00000859,2612.88430303
ETHUSDT,1724083200002,-0.00001530,2583.43204545
ETHUSDT,1724112000000,0.00000969,2635.29000000
ETHUSDT,1724140800000,0.00001977,2673.63000000
ETHUSDT,1724169600001,-0.00002726,2573.65617424
ETHUSDT,1724198400001,0.00001330,2571.58093939
ETHUSDT,1724227200000,0.00002306,2599.22000000
ETHUSDT,1724256000001,0.00004139,2600.81306061
ETHUSDT,1724284800000,-0.00000946,2629.38000000
ETHUSDT,1724313600000,0.00003544,2635.02609848
ETHUSDT,1724342400008,0.00002010,2598.30000000
ETHUSDT,1724371200000,0.00006601,2622.00000000
ETHUSDT,1724400000000,0.00006071,2668.07000000
ETHUSDT,1724428800000,-0.00000172,2669.80000000
ETHUSDT,1724457600000,-0.00001504,2761.58000000
ETHUSDT,1724486400005,0.00000970,2757.39533333
ETHUSDT,1724515200000,0.00000581,2759.62509848
ETHUSDT,1724544000000,-0.00003389,2767.26575758
ETHUSDT,1724572800000,0.00003311,2742.47151515
ETHUSDT,1724601600000,0.00002579,2762.79000000
ETHUSDT,1724630400000,0.00002145,2744.90300758
ETHUSDT,1724659200001,0.00005677,2732.33410606
ETHUSDT,1724688000000,0.00006339,2720.58960031
ETHUSDT,1724716800001,0.00009438,2679.59469697
ETHUSDT,1724745600000,0.00005093,2686.91000000
ETHUSDT,1724774400000,0.00007429,2578.03712121
ETHUSDT,1724803200000,-0.00006098,2455.98000000
ETHUSDT,1724832000000,-0.00000762,2435.86000000
ETHUSDT,1724860800001,0.00001459,2495.44611364
ETHUSDT,1724889600000,0.00001160,2527.32000000
ETHUSDT,1724918400001,0.00000212,2546.07893939
ETHUSDT,1724947200000,-0.00000409,2574.71375000
ETHUSDT,1724976000000,0.00005490,2526.63606061
ETHUSDT,1725004800000,0.00003483,2516.10566667
ETHUSDT,1725033600000,0.00001032,2448.03000000
ETHUSDT,1725062400000,0.00007976,2524.99000000
ETHUSDT,1725091200000,0.00007237,2519.81428788
ETHUSDT,1725120000000,0.00007811,2518.01000000
ETHUSDT,1725148800000,0.00004499,2512.10891667
ETHUSDT,1725177600001,0.00005272,2485.62000000
ETHUSDT,1725206400000,0.00004183,2479.54416667
ETHUSDT,1725235200001,-0.00002406,2425.24272727
ETHUSDT,1725264000001,0.00003904,2439.94000000
ETHUSDT,1725292800000,0.00007064,2512.29000000
ETHUSDT,1725321600000,0.00005670,2536.93559848
ETHUSDT,1725350400001,0.00004883,2518.89000000
ETHUSDT,1725379200000,0.00005216,2443.45323485
ETHUSDT,1725408000000,0.00008054,2424.19488636
ETHUSDT,1725436800000,-0.00001109,2399.88940909
ETHUSDT,1725465600000,0.00005833,2454.17973485
ETHUSDT,1725494400000,0.00004539,2449.69385606
ETHUSDT,1725523200000,0.00002410,2411.50000000
ETHUSDT,1725552000005,0.00003166,2370.53785606
ETHUSDT,1725580800000,0.00003662,2367.47462121
ETHUSDT,1725609600001,0.00004871,2343.32471787
ETHUSDT,1725638400000,0.00004007,2289.45653788
ETHUSDT,1725667200000,0.00000241,2223.99711364
ETHUSDT,1725696000000,-0.00000537,2287.29786364
ETHUSDT,1725724800000,0.00002652,2299.30000000
ETHUSDT,1725753600000,0.00005363,2272.63397727
ETHUSDT,1725782400000,0.00003089,2293.69532576
ETHUSDT,1725811200000,0.00001827,2244.47000000
ETHUSDT,1725840000000,0.00000767,2296.27520455
ETHUSDT,1725868800000,0.00003085,2313.49376515
ETHUSDT,1725897600001,-0.00001156,2291.50000000
ETHUSDT,1725926400000,0.00001082,2358.25805303
ETHUSDT,1725955200000,-0.00003453,2362.34147727
ETHUSDT,1725984000000,0.00000228,2323.63000000
ETHUSDT,1726012800000,0.00002484,2387.63000000
ETHUSDT,1726041600000,0.00001804,2340.48028997
ETHUSDT,1726070400000,-0.00001796,2325.06475000
ETHUSDT,1726099200000,0.00002592,2339.50906818
ETHUSDT,1726128000000,0.00002496,2358.51614394
ETHUSDT,1726156800000,0.00001134,2321.92672727
ETHUSDT,1726185600000,0.00004291,2360.79000000
ETHUSDT,1726214400001,0.00005003,2347.64000000
ETHUSDT,1726243200001,0.00005073,2406.80000000
ETHUSDT,1726272000000,0.00000845,2438.15000000
ETHUSDT,1726300800000,-0.00000415,2419.30369906
ETHUSDT,1726329600001,0.00000135,2417.36000000
ETHUSDT,1726358400000,-0.00000267,2416.65000000
ETHUSDT,1726387200000,0.00001355,2421.60000000
ETHUSDT,1726416000000,0.00002131,2407.59000000
ETHUSDT,1726444800000,0.00003228,2314.86000000
ETHUSDT,1726473600001,-0.00006942,2309.36154545
ETHUSDT,1726502400000,-0.00001149,2286.71000000
ETHUSDT,1726531200001,0.00007742,2294.73073485
ETHUSDT,1726560000000,0.00002423,2308.10396212
ETHUSDT,1726588800000,0.00005730,2382.87000000
ETHUSDT,1726617600000,0.00004792,2340.61881061
ETHUSDT,1726646400000,0.00003074,2328.79163793
ETHUSDT,1726675200004,0.00002329,2295.11064394
ETHUSDT,1726704000000,0.00007727,2373.72314394
ETHUSDT,1726732800000,0.00008266,2436.37435737
ETHUSDT,1726761600001,0.00002391,2439.05709091
ETHUSDT,1726790400000,0.00010000,2464.55000000
ETHUSDT,1726819200001,0.00009734,2559.65922727
ETHUSDT,1726848000000,0.00010000,2559.17000000
ETHUSDT,1726876800001,0.00006668,2560.22775000
ETHUSDT,1726905600000,0.00006665,2554.64264394
ETHUSDT,1726934400000,0.00004536,2558.55585606
ETHUSDT,1726963200000,0.00004896,2611.63898119
ETHUSDT,1726992000000,0.00005198,2586.73000000
ETHUSDT,1727020800000,0.00010000,2569.75564394
ETHUSDT,1727049600000,0.00002548,2580.14776515
ETHUSDT,1727078400000,0.00006821,2645.28000000
ETHUSDT,1727107200000,0.00006476,2674.07000000
ETHUSDT,1727136000000,0.00003850,2645.99311364
ETHUSDT,1727164800000,0.00004791,2645.98000000
ETHUSDT,1727193600001,0.00004739,2611.67000000
ETHUSDT,1727222400000,0.00002445,2652.00000000
ETHUSDT,1727251200003,0.00005722,2620.58424242
ETHUSDT,1727280000000,0.00003538,2599.91000000
ETHUSDT,1727308800005,0.00007493,2578.81250758
ETHUSDT,1727337600000,0.00008119,2628.89389498
ETHUSDT,1727366400000,0.00010000,2651.09612879
ETHUSDT,1727395200000,0.00009625,2631.15838636
ETHUSDT,1727424000000,0.00007694,2656.06000000
ETHUSDT,1727452800000,0.00006276,2682.35957576
ETHUSDT,1727481600000,0.00010000,2693.53000000
ETHUSDT,1727510400001,0.00006231,2676.99000000
ETHUSDT,1727539200000,0.00007162,2668.81135088
ETHUSDT,1727568000001,0.00003315,2673.89000000
ETHUSDT,1727596800000,0.00006785,2639.59000000
ETHUSDT,1727625600000,0.00008854,2664.95000000
ETHUSDT,1727654400000,0.00006161,2656.53223485
ETHUSDT,1727683200001,0.00008620,2636.70000000
ETHUSDT,1727712000000,0.00010000,2595.04000000
ETHUSDT,1727740800000,0.00010000,2601.50855303
ETHUSDT,1727769600000,0.00010000,2644.79000000
ETHUSDT,1727798400001,0.00008397,2524.43405303
ETHUSDT,1727827200000,0.00010000,2447.37462121
ETHUSDT,1727856000000,0.00006859,2480.93055303
ETHUSDT,1727884800000,0.00010000,2459.84993182
ETHUSDT,1727913600000,0.00002418,2363.05760606
ETHUSDT,1727942400000,0.00004124,2363.74407576
ETHUSDT,1727971200000,0.00004621,2339.54000000
ETHUSDT,1728000000000,0.00005138,2348.74142424
ETHUSDT,1728028800000,0.00003739,2380.55000000
ETHUSDT,1728057600001,0.00003900,2415.86506061
ETHUSDT,1728086400000,0.00010000,2413.38000000
ETHUSDT,1728115200000,0.00007909,2414.26390909
ETHUSDT,1728144000000,0.00005458,2414.17883333
ETHUSDT,1728172800000,0.00009056,2413.61399687
ETHUSDT,1728201600001,0.00005234,2416.25000000
ETHUSDT,1728230400000,0.00003309,2445.67000000
ETHUSDT,1728259200000,0.00003360,2439.00112121
ETHUSDT,1728288000000,0.00009258,2479.56000000
ETHUSDT,1728316800001,0.00002612,2473.23508333
ETHUSDT,1728345600000,0.00006592,2421.75000000
ETHUSDT,1728374400000,0.00010000,2427.54000000
ETHUSDT,1728403200000,0.00008377,2418.43456061
ETHUSDT,1728432000000,0.00010000,2439.94553030
ETHUSDT,1728460800000,0.00003640,2434.91602273
ETHUSDT,1728489600000,0.00010000,2460.34000000
ETHUSDT,1728518400000,0.00006663,2369.63528997
ETHUSDT,1728547200000,0.00010000,2394.70969697
ETHUSDT,1728576000000,0.00010000,2403.95000000
ETHUSDT,1728604800000,0.00010000,2385.24000000
ETHUSDT,1728633600000,0.00009474,2406.74475758
ETHUSDT,1728662400001,0.00005977,2443.01857576
ETHUSDT,1728691200000,0.00004445,2438.46000000
ETHUSDT,1728720000001,0.00010000,2445.52084091
ETHUSDT,1728748800000,0.00007350,2471.79351515
ETHUSDT,1728777600000,0.00007928,2475.09000000
ETHUSDT,1728806400000,0.00003958,2463.98000000
ETHUSDT,1728835200000,0.00001763,2439.30859848
ETHUSDT,1728864000000,0.00006559,2467.88007576
ETHUSDT,1728892800000,0.00010000,2534.75000000
ETHUSDT,1728921600000,0.00010000,2634.95000000
ETHUSDT,1728950400000,0.00010000,2629.02475000
ETHUSDT,1728979200000,0.00010000,2615.20000000
ETHUSDT,1729008000000,0.00010000,2572.58000000
ETHUSDT,1729036800000,0.00010000,2606.85259091
ETHUSDT,1729065600001,0.00010000,2606.13990596
ETHUSDT,1729094400000,0.00010000,2606.71000000
ETHUSDT,1729123200000,0.00010000,2610.39000000
ETHUSDT,1729152000000,0.00010000,2627.87656061
ETHUSDT,1729180800001,0.00010000,2630.41000000
ETHUSDT,1729209600010,0.00010000,2605.01000000
ETHUSDT,1729238400001,0.00010000,2643.73988245
ETHUSDT,1729267200000,0.00010000,2652.12000000
ETHUSDT,1729296000000,0.00010000,2641.11000000
ETHUSDT,1729324800000,0.00010000,2640.05533575
ETHUSDT,1729353600000,0.00010000,2644.96379310
ETHUSDT,1729382400000,0.00010000,2647.45000000
ETHUSDT,1729411200000,0.00010000,2645.39000000
ETHUSDT,1729440000000,0.00010000,2705.92874242
ETHUSDT,1729468800000,0.00010000,2746.99113636
ETHUSDT,1729497600000,0.00010000,2722.69000000
ETHUSDT,1729526400000,0.00010000,2680.20000000
ETHUSDT,1729555200000,0.00010000,2666.60318182
ETHUSDT,1729584000000,0.00010000,2646.60909091
ETHUSDT,1729612800000,0.00010000,2624.00577273
ETHUSDT,1729641600000,0.00010000,2621.77483333
ETHUSDT,1729670400000,0.00010000,2602.15659875
ETHUSDT,1729699200000,0.00010000,2539.59437879
ETHUSDT,1729728000000,0.00010000,2523.84000000
ETHUSDT,1729756800000,0.00010000,2544.08723354
ETHUSDT,1729785600000,0.00010000,2525.31296212
ETHUSDT,1729814400000,0.00010000,2535.40438636
ETHUSDT,1729843200000,0.00010000,2483.30000000
ETHUSDT,1729872000000,0.00010000,2524.56563636
ETHUSDT,1729900800000,0.00010000,2440.19591693
ETHUSDT,1729929600001,0.00010000,2464.72000000
ETHUSDT,1729958400000,0.00010000,2456.86000000
ETHUSDT,1729987200000,0.00010000,2482.04000000
ETHUSDT,1730016000000,0.00010000,2480.12572727
ETHUSDT,1730044800000,0.00010000,2501.09000000
ETHUSDT,1730073600000,0.00010000,2507.43000000
ETHUSDT,1730102400001,0.00010000,2511.06000000
ETHUSDT,1730131200000,0.00010000,2500.30000000
ETHUSDT,1730160000000,0.00010000,2566.49000000
ETHUSDT,1730188800000,0.00010000,2612.70363636
ETHUSDT,1730217600004,0.00010000,2648.46282576
ETHUSDT,1730246400000,0.00010000,2639.28000000
ETHUSDT,1730275200000,0.00010000,2669.43000000
ETHUSDT,1730304000013,0.00010000,2683.58000000
ETHUSDT,1730332800000,0.00010000,2659.36000000
ETHUSDT,1730361600000,0.00010000,2647.04000000
ETHUSDT,1730390400000,0.00010000,2562.98285266
ETHUSDT,1730419200000,0.00010000,2518.59175758
ETHUSDT,1730448000000,0.00010000,2504.22762879
ETHUSDT,1730476800000,0.00010000,2500.03000000
ETHUSDT,1730505600000,0.00010000,2511.64234330
ETHUSDT,1730534400000,0.00010000,2507.47772727
ETHUSDT,1730563200000,0.00010000,2488.35234848
ETHUSDT,1730592000000,0.00010000,2493.71793182
ETHUSDT,1730620800000,0.00010000,2449.71112281
ETHUSDT,1730649600000,0.00010000,2442.84556818
ETHUSDT,1730678400000,0.00010000,2457.33609848
ETHUSDT,1730707200000,0.00010000,2458.97773171
ETHUSDT,1730736000000,0.00010000,2442.03068939
ETHUSDT,1730764800000,0.00010000,2397.69198485
ETHUSDT,1730793600003,0.00010000,2442.41237879
ETHUSDT,1730822400001,0.00010000,2439.95318182
ETHUSDT,1730851200000,0.00009511,2421.41000000
ETHUSDT,1730880000000,0.00010000,2594.62043182
ETHUSDT,1730908800000,0.00010000,2634.31947727
ETHUSDT,1730937600000,0.00010000,2722.59809848
ETHUSDT,1730966400000,0.00014885,2821.55919697
ETHUSDT,1730995200000,0.00010000,2848.17000000
ETHUSDT,1731024000000,0.00010000,2895.32496212
ETHUSDT,1731052800000,0.00010000,2912.93000000
ETHUSDT,1731081600000,0.00010000,2937.37760188
ETHUSDT,1731110400000,0.00010000,2961.99611364
ETHUSDT,1731139200000,0.00010000,3030.61000000
ETHUSDT,1731168000000,0.00010000,3041.29000000
ETHUSDT,1731196800000,0.00010000,3127.02000000
ETHUSDT,1731225600000,0.00010000,3186.94784848
ETHUSDT,1731254400000,0.00026708,3212.08415152
ETHUSDT,1731283200001,0.00028976,3185.19000000
ETHUSDT,1731312000000,0.00018810,3141.41000000
ETHUSDT,1731340800000,0.00017298,3239.51057576
ETHUSDT,1731369600002,0.00017687,3375.01000000
ETHUSDT,1731398400000,0.00057620,3371.20585606
ETHUSDT,1731427200000,0.00046001,3263.00402038
ETHUSDT,1731456000000,0.00013607,3245.38177273
ETHUSDT,1731484800010,0.00033556,3162.23196384
ETHUSDT,1731513600000,0.00012894,3312.07000000
ETHUSDT,1731542400001,0.00010580,3188.90000000
ETHUSDT,1731571200000,0.00010000,3219.52860163
ETHUSDT,1731600000000,0.00010000,3079.25000000
ETHUSDT,1731628800000,0.00013133,3061.03000000
ETHUSDT,1731657600000,0.00013108,3041.09000000
ETHUSDT,1731686400000,0.00010000,3025.00000000
ETHUSDT,1731715200001,0.00018215,3091.75000000
ETHUSDT,1731744000001,0.00010000,3108.59000000
ETHUSDT,1731772800000,0.00011351,3143.18000000
ETHUSDT,1731801600000,0.00010000,3134.03664634
ETHUSDT,1731830400000,0.00010000,3138.71667480
ETHUSDT,1731859200001,0.00019685,3088.26000000
ETHUSDT,1731888000000,0.00019865,3077.96172358
ETHUSDT,1731916800000,0.00031651,3133.17667368
ETHUSDT,1731945600000,0.00019762,3146.40000000
ETHUSDT,1731974400000,0.00040458,3210.48000000
ETHUSDT,1732003200000,0.00021234,3120.42000000
ETHUSDT,1732032000000,0.00015353,3106.47000000
ETHUSDT,1732060800003,0.00017369,3109.03724390
ETHUSDT,1732089600000,0.00019505,3111.12000000
ETHUSDT,1732118400000,0.00013619,3131.98000000
ETHUSDT,1732147200001,0.00010000,3070.99000000
ETHUSDT,1732176000000,0.00010000,3139.03000000
ETHUSDT,1732204800001,0.00020146,3278.67979394
ETHUSDT,1732233600000,0.00034180,3358.68000000
ETHUSDT,1732262400000,0.00029201,3365.52929545
ETHUSDT,1732291200001,0.00022123,3316.36000000
ETHUSDT,1732320000000,0.00015103,3329.61233333
ETHUSDT,1732348800000,0.00032558,3343.76475000
ETHUSDT,1732377600000,0.00037006,3463.05068182
ETHUSDT,1732406400001,0.00027011,3396.10584091
ETHUSDT,1732435200000,0.00023721,3424.98000000
ETHUSDT,1732464000000,0.00027264,3296.86402821
ETHUSDT,1732492800000,0.00017259,3362.97000000
ETHUSDT,1732521600000,0.00023935,3401.66000000
ETHUSDT,1732550400000,0.00031797,3521.34000000
ETHUSDT,1732579200000,0.00024480,3416.46168939
ETHUSDT,1732608000000,0.00012270,3396.99000000
ETHUSDT,1732636800000,0.00018190,3298.08000000
ETHUSDT,1732665600000,0.00021068,3327.17000000
ETHUSDT,1732694400000,0.00020895,3426.06000000
ETHUSDT,1732723200001,0.00015706,3554.42000000
ETHUSDT,1732752000000,0.00015948,3655.59450758
ETHUSDT,1732780800000,0.00016470,3594.47405303
ETHUSDT,1732809600000,0.00010000,3542.64016667
ETHUSDT,1732838400000,0.00010000,3581.44333072
ETHUSDT,1732867200000,0.00015354,3547.16385606
ETHUSDT,1732896000000,0.00010000,3615.20000000
ETHUSDT,1732924800000,0.00017097,3594.51000000
ETHUSDT,1732953600000,0.00024740,3705.28774242
ETHUSDT,1732982400000,0.00012425,3676.60000000
ETHUSDT,1733011200000,0.00011863,3705.41968182
ETHUSDT,1733040000000,0.00013737,3704.67849242
ETHUSDT,1733068800000,0.00015064,3730.99000000
ETHUSDT,1733097600001,0.00036131,3711.24000000
ETHUSDT,1733126400001,0.00029310,3669.22102273
ETHUSDT,1733155200000,0.00028383,3674.54000000
ETHUSDT,1733184000000,0.00026464,3646.27000000
ETHUSDT,1733212800000,0.00034689,3619.60000000
ETHUSDT,1733241600000,0.00014297,3573.61879545
ETHUSDT,1733270400000,0.00018732,3616.78947727
ETHUSDT,1733299200000,0.00015899,3717.78000000
ETHUSDT,1733328000000,0.00019842,3824.29992424
ETHUSDT,1733356800001,0.00023652,3841.13000000
ETHUSDT,1733385600000,0.00049482,3852.64968182
ETHUSDT,1733414400000,0.00031177,3890.40000000
ETHUSDT,1733443200000,0.00014294,3787.30000000
ETHUSDT,1733472000000,0.00025540,3896.68563636
ETHUSDT,1733500800000,0.00026350,3996.27962121
ETHUSDT,1733529600000,0.00030590,4001.74286364
ETHUSDT,1733558400000,0.00024299,3989.09000000
ETHUSDT,1733587200000,0.00023099,4007.67000000
ETHUSDT,1733616000000,0.00020864,3999.36495455
ETHUSDT,1733644800000,0.00023941,3983.18000000
ETHUSDT,1733673600000,0.00018574,3993.64846212
ETHUSDT,1733702400000,0.00020272,4006.47402273
ETHUSDT,1733731200000,0.00010000,3919.89340152
ETHUSDT,1733760000001,0.00013421,3826.04000000
ETHUSDT,1733788800007,0.00010000,3714.03181818
ETHUSDT,1733817600000,0.00010000,3734.51000000
ETHUSDT,1733846400000,0.00010000,3566.68454545
ETHUSDT,1733875200000,0.00010000,3628.34049242
ETHUSDT,1733904000000,0.00010000,3652.17000000
ETHUSDT,1733932800001,0.00010000,3786.25952273
ETHUSDT,1733961600001,0.00010000,3830.46375000
ETHUSDT,1733990400000,0.00010000,3904.09295455
ETHUSDT,1734019200001,0.00010000,3956.90000000
ETHUSDT,1734048000000,0.00010000,3880.57898485
ETHUSDT,1734076800000,0.00010000,3884.14000000
ETHUSDT,1734105600001,0.00010000,3885.20000000
ETHUSDT,1734134400000,0.00010000,3905.59000000
ETHUSDT,1734163200000,0.00010000,3920.31000000
ETHUSDT,1734192000000,0.00010000,3887.45480303
ETHUSDT,1734220800000,0.00010000,3868.89247687
ETHUSDT,1734249600000,0.00010000,3843.45000000
ETHUSDT,1734278400000,0.00009404,3893.85392424
ETHUSDT,1734307200000,0.00008662,3958.27000000
ETHUSDT,1734336000001,0.00010000,3973.40130303
ETHUSDT,1734364800000,0.00010000,3940.78566667
ETHUSDT,1734393600000,0.00010000,3984.95412879
ETHUSDT,1734422400000,0.00010000,3993.12712879
ETHUSDT,1734451200000,0.00010000,3937.66000000
ETHUSDT,1734480000000,0.00008046,3891.04875000
ETHUSDT,1734508800000,0.00010000,3845.84731061
ETHUSDT,1734537600000,0.00010000,3867.00562121
ETHUSDT,1734566400000,0.00006104,3625.66968939
ETHUSDT,1734595200000,0.00007438,3691.68740909
ETHUSDT,1734624000000,0.00007373,3614.08556061
ETHUSDT,1734652800000,0.00010000,3416.70000000
ETHUSDT,1734681600001,0.00010000,3390.32762121
ETHUSDT,1734710400014,0.00010000,3373.10965909
ETHUSDT,1734739200000,0.00006352,3470.94545455
ETHUSDT,1734768000000,0.00010000,3521.66000000
ETHUSDT,1734796800001,0.00010000,3389.12000000
ETHUSDT,1734825600000,0.00010000,3337.53000000
ETHUSDT,1734854400000,0.00010000,3331.32000000
ETHUSDT,1734883200000,0.00005370,3300.95000000
ETHUSDT,1734912000000,0.00005686,3280.74000000
ETHUSDT,1734940800000,0.00005398,3303.43000000
ETHUSDT,1734969600001,0.00008674,3276.40000000
ETHUSDT,1734998400000,0.00010000,3420.95183333
ETHUSDT,1735027200000,0.00008121,3399.92000000
ETHUSDT,1735056000001,0.00002757,3491.42672727
ETHUSDT,1735084800001,0.00004454,3491.97000000
ETHUSDT,1735113600000,0.00006550,3488.08760606
ETHUSDT,1735142400000,0.00001254,3471.58000000
ETHUSDT,1735171200000,0.00010000,3495.39000000
ETHUSDT,1735200000000,0.00010000,3420.83000000
ETHUSDT,1735228800000,0.00006305,3342.43617424
ETHUSDT,1735257600000,0.00010000,3333.53222727
ETHUSDT,1735286400000,0.00008428,3324.55045455
ETHUSDT,1735315200000,0.00005349,3325.00000000
ETHUSDT,1735344000001,0.00010000,3332.09000000
ETHUSDT,1735372800000,0.00010000,3334.44495574
ETHUSDT,1735401600000,0.00009336,3366.70000000
ETHUSDT,1735430400000,0.00005941,3402.98461364
ETHUSDT,1735459200000,0.00005146,3405.79325235
ETHUSDT,1735488000000,0.00009485,3372.38333333
ETHUSDT,1735516800000,0.00010000,3355.47000000
ETHUSDT,1735545600001,0.00010000,3426.63934848
ETHUSDT,1735574400000,0.00010000,3323.48000000
ETHUSDT,1735603200000,0.00010000,3360.23223485
ETHUSDT,1735632000000,0.00008514,3352.60000000
ETHUSDT,1735660800000,0.00010000,3412.90488636
ETHUSDT,1735689600015,0.00010000,3336.65582576
ETHUSDT,1735718400000,0.00010000,3345.84000000
ETHUSDT,1735747200001,0.00010000,3352.09496411
ETHUSDT,1735776000000,0.00010000,3359.36000000
ETHUSDT,1735804800006,0.00010000,3419.70487879
ETHUSDT,1735833600000,0.00010000,3462.76000000
ETHUSDT,1735862400000,0.00010000,3455.04366746
ETHUSDT,1735891200000,0.00010000,3432.56215517
ETHUSDT,1735920000000,0.00010000,3564.48346970
ETHUSDT,1735948800000,0.00010000,3607.89000000
ETHUSDT,1735977600000,0.00010000,3593.04000000
ETHUSDT,1736006400000,0.00010000,3606.81199242
ETHUSDT,1736035200000,0.00010000,3655.99000000
ETHUSDT,1736064000000,0.00010000,3630.37000000
ETHUSDT,1736092800000,0.00010000,3628.45000000
ETHUSDT,1736121600000,0.00010000,3634.96000000
ETHUSDT,1736150400001,0.00010000,3649.43421212
ETHUSDT,1736179200000,0.00010000,3712.15000000
ETHUSDT,1736208000000,0.00010000,3686.16854545
ETHUSDT,1736236800000,0.00010000,3666.62087719
ETHUSDT,1736265600008,0.00010000,3462.06815909
ETHUSDT,1736294400001,0.00009658,3379.66537121
ETHUSDT,1736323200000,0.00010000,3353.51190909
ETHUSDT,1736352000000,0.00010000,3345.99000000
ETHUSDT,1736380800000,0.00006609,3325.60962121
ETHUSDT,1736409600000,0.00010000,3288.17000000
ETHUSDT,1736438400000,0.00010000,3318.79000000
ETHUSDT,1736467200000,0.00007573,3218.24000000
ETHUSDT,1736496000000,0.00006162,3294.73666928
ETHUSDT,1736524800000,0.00010000,3243.70000000
ETHUSDT,1736553600000,0.00006574,3265.64516667
ETHUSDT,1736582400000,0.00005650,3234.79000000
ETHUSDT,1736611200000,0.00010000,3270.07000000
ETHUSDT,1736640000000,0.00010000,3281.85000000
ETHUSDT,1736668800000,0.00010000,3265.74000000
ETHUSDT,1736697600000,0.00008134,3284.40000000
ETHUSDT,1736726400000,0.00010000,3265.70000000
ETHUSDT,1736755200000,0.00009353,3200.54000000
ETHUSDT,1736784000000,0.00003392,3048.06267480
ETHUSDT,1736812800000,0.00005423,3136.13000000
ETHUSDT,1736841600000,0.00007452,3170.39000000
ETHUSDT,1736870400000,0.00007652,3197.87000000
ETHUSDT,1736899200000,0.00004503,3223.99000000
ETHUSDT,1736928000000,0.00005924,3231.31000000
ETHUSDT,1736956800000,0.00005443,3333.19000000
ETHUSDT,1736985600000,0.00010000,3449.80000000
ETHUSDT,1737014400000,0.00008311,3382.61535772
ETHUSDT,1737043200000,0.00005275,3332.05626423
ETHUSDT,1737072000004,0.00010000,3306.94000000
ETHUSDT,1737100800000,0.00010000,3371.64284693
ETHUSDT,1737129600008,0.00010000,3420.44000000
ETHUSDT,1737158400000,0.00010000,3472.37000000
ETHUSDT,1737187200007,0.00010000,3286.58371545
ETHUSDT,1737216000000,0.00010000,3305.47000000
ETHUSDT,1737244800000,0.00010000,3306.79597561
ETHUSDT,1737273600000,0.00010000,3275.02000000
ETHUSDT,1737302400000,0.00010000,3383.98005046
ETHUSDT,1737331200000,0.00010000,3213.98000000
ETHUSDT,1737360000009,0.00010000,3381.85902439
ETHUSDT,1737388800000,0.00010000,3335.67609756
ETHUSDT,1737417600000,0.00010000,3283.20000000
ETHUSDT,1737446400000,0.00010000,3254.31536179
ETHUSDT,1737475200000,0.00010000,3294.29530894
ETHUSDT,1737504000000,0.00010000,3326.91778385
ETHUSDT,1737532800000,0.00010000,3286.92000000
ETHUSDT,1737561600000,0.00010000,3277.47000000
ETHUSDT,1737590400001,0.00010000,3241.99000000
ETHUSDT,1737619200000,0.00010000,3232.07000000
ETHUSDT,1737648000000,0.00010000,3258.51000000
ETHUSDT,1737676800000,0.00010000,3337.88000000
ETHUSDT,1737705600000,0.00010000,3380.59000000
ETHUSDT,1737734400000,0.00010000,3382.95525397
ETHUSDT,1737763200000,0.00006904,3308.62136508
ETHUSDT,1737792000000,0.00007065,3289.99000000
ETHUSDT,1737820800001,0.00008410,3333.22352381
ETHUSDT,1737849600000,0.00009663,3317.90000000
ETHUSDT,1737878400000,0.00009725,3337.74384127
ETHUSDT,1737907200000,0.00003849,3313.92919841
ETHUSDT,1737936000000,-0.00000276,3231.86504762
ETHUSDT,1737964800000,0.00003922,3069.22191270
ETHUSDT,1737993600000,0.00003069,3131.06000000
ETHUSDT,1738022400000,0.00010000,3180.78452381
ETHUSDT,1738051200000,0.00004046,3194.66126190
ETHUSDT,1738080000000,0.00005904,3180.16000000
ETHUSDT,1738108800000,0.00010000,3075.95000000
ETHUSDT,1738137600000,0.00006567,3155.64000000
ETHUSDT,1738166400000,0.00008686,3099.82631746
ETHUSDT,1738195200000,0.00002287,3112.54000000
ETHUSDT,1738224000000,0.00010000,3189.70955556
ETHUSDT,1738252800000,0.00007055,3254.00000000
ETHUSDT,1738281600000,0.00009386,3245.86000000
ETHUSDT,1738310400000,0.00007998,3240.66432540
ETHUSDT,1738339200000,0.00010000,3427.00000000
ETHUSDT,1738368000000,0.00008432,3299.50000000
ETHUSDT,1738396800000,0.00009742,3279.00000000
ETHUSDT,1738425600000,0.00003573,3249.40000000
ETHUSDT,1738454400001,0.00007609,3116.38138889
ETHUSDT,1738483200000,0.00010000,3100.08000000
ETHUSDT,1738512000000,0.00002600,3079.51029365
ETHUSDT,1738540800000,0.00003237,2868.28196032
ETHUSDT,1738569600000,-0.00016657,2619.54513492
ETHUSDT,1738598400000,-0.00025121,2699.12000000
ETHUSDT,1738627200000,-0.00010653,2878.85095238
ETHUSDT,1738656000001,0.00001070,2701.90771429
ETHUSDT,1738684800000,-0.00008177,2775.60000000
ETHUSDT,1738713600001,-0.00008329,2729.84000000
ETHUSDT,1738742400001,0.00005754,2758.18000000
ETHUSDT,1738771200000,-0.00002404,2772.15000000
ETHUSDT,1738800000001,0.00004939,2787.00000000
ETHUSDT,1738828800001,-0.00000535,2830.40000000
ETHUSDT,1738857600000,-0.00007747,2704.38000000
ETHUSDT,1738886400000,0.00002439,2685.49575397
ETHUSDT,1738915200000,0.00002905,2711.75472085
ETHUSDT,1738944000000,-0.00001197,2720.66266667
ETHUSDT,1738972800000,-0.00001894,2620.66288095
ETHUSDT,1739001600000,0.00009532,2628.33000000
ETHUSDT,1739030400000,0.00006930,2604.17014286
ETHUSDT,1739059200000,-0.00000364,2631.00000000
ETHUSDT,1739088000000,0.00005479,2661.30000000
ETHUSDT,1739116800000,0.00005020,2651.97135714
ETHUSDT,1739145600000,0.00000911,2626.00000000
ETHUSDT,1739174400000,0.00007074,2636.11000000
ETHUSDT,1739203200000,0.00005396,2657.38649206
ETHUSDT,1739232000000,-0.00000572,2660.07700000
ETHUSDT,1739260800000,0.00004260,2711.35780159
ETHUSDT,1739289600000,-0.00001236,2661.42000000
ETHUSDT,1739318400000,0.00006151,2601.52231746
ETHUSDT,1739347200000,0.00003350,2617.51000000
ETHUSDT,1739376000001,0.00008407,2605.99000000
ETHUSDT,1739404800001,0.00009540,2737.14000000
ETHUSDT,1739433600000,0.00010000,2680.13588889
ETHUSDT,1739462400001,0.00001027,2646.97477833
ETHUSDT,1739491200000,0.00000239,2674.52000000
ETHUSDT,1739520000001,0.00008242,2698.21374603
ETHUSDT,1739548800000,0.00007834,2733.36000000
ETHUSDT,1739577600000,0.00004385,2724.41000000
ETHUSDT,1739606400000,0.00003822,2696.89234921
ETHUSDT,1739635200000,0.00000844,2689.85000000
ETHUSDT,1739664000000,0.00003859,2691.90181746
ETHUSDT,1739692800000,0.00005945,2694.55437302
ETHUSDT,1739721600000,0.00003775,2693.10178571
ETHUSDT,1739750400000,0.00003649,2660.36088095
ETHUSDT,1739779200000,0.00005610,2680.76096032
ETHUSDT,1739808000000,0.00010000,2755.01133333
ETHUSDT,1739836800000,0.00004742,2742.99604762
ETHUSDT,1739865600000,-0.00001595,2671.01000000
ETHUSDT,1739894400000,0.00005441,2672.38000000
ETHUSDT,1739923200000,0.00004964,2670.57000000
ETHUSDT,1739952000000,0.00007273,2707.09558292
ETHUSDT,1739980800000,0.00003185,2695.61807143
ETHUSDT,1740009600000,-0.00000207,2714.23273016
ETHUSDT,1740038400000,0.00005629,2729.18799206
ETHUSDT,1740067200000,0.00006405,2710.93000000
ETHUSDT,1740096000001,0.00003574,2736.87000000
ETHUSDT,1740124800000,0.00006624,2754.90000000
ETHUSDT,1740153600000,0.00004228,2722.25000000
ETHUSDT,1740182400000,0.00003254,2661.00246032
ETHUSDT,1740211200000,-0.00001427,2682.81000000
ETHUSDT,1740240000000,0.00003410,2774.99000000
ETHUSDT,1740268800000,0.00009726,2762.16142063
ETHUSDT,1740297600000,0.00003796,2823.78114286
ETHUSDT,1740326400000,0.00000213,2781.67002381
ETHUSDT,1740355200000,0.00007127,2818.55000000
ETHUSDT,1740384000000,0.00000924,2720.74977778
ETHUSDT,1740412800000,0.00003082,2657.59000000
ETHUSDT,1740441600000,-0.00003589,2513.08800000
ETHUSDT,1740470400000,0.00000471,2368.46179803
ETHUSDT,1740499200000,0.00002913,2408.56378489
ETHUSDT,1740528000000,0.00001860,2494.21000000
ETHUSDT,1740556800000,0.00006103,2482.67000000
ETHUSDT,1740585600000,0.00003433,2427.58000000
ETHUSDT,1740614400001,0.00008515,2335.43765079
ETHUSDT,1740643200000,0.00010000,2355.38000000
ETHUSDT,1740672000000,0.00005027,2322.58465079
ETHUSDT,1740700800001,0.00004097,2306.65000000
ETHUSDT,1740729600000,0.00001219,2105.62862698
ETHUSDT,1740758400000,0.00001248,2221.68000000
ETHUSDT,1740787200000,0.00004855,2236.07630952
ETHUSDT,1740816000000,-0.00001061,2228.15000000
ETHUSDT,1740844800001,-0.00000931,2172.35000000
ETHUSDT,1740873600000,0.00003173,2216.50000000
ETHUSDT,1740902400000,0.00006221,2220.24000000
ETHUSDT,1740931200000,0.00006102,2228.34704762
ETHUSDT,1740960000001,-0.00000788,2517.34928571
ETHUSDT,1740988800000,0.00003061,2386.80000000
ETHUSDT,1741017600000,0.00000625,2286.32000000
ETHUSDT,1741046400001,-0.00004308,2148.22000000
ETHUSDT,1741075200005,-0.00003762,2079.65000000
ETHUSDT,1741104000000,0.00000204,2073.64000000
ETHUSDT,1741132800000,0.00006417,2170.51000000
ETHUSDT,1741161600000,0.00007146,2206.99475397
ETHUSDT,1741190400000,0.00002539,2185.78508730
ETHUSDT,1741219200000,-0.00001037,2240.45000000
ETHUSDT,1741248000001,0.00001125,2285.20772222
ETHUSDT,1741276800000,0.00002685,2256.60609524
ETHUSDT,1741305600000,-0.00002474,2201.34000000
ETHUSDT,1741334400001,0.00002874,2191.78992857
ETHUSDT,1741363200000,0.00005628,2208.49550794
ETHUSDT,1741392000000,0.00003124,2140.72000000
ETHUSDT,1741420800001,0.00003760,2136.91946032
ETHUSDT,1741449600001,0.00006837,2180.40000000
ETHUSDT,1741478400001,0.00006871,2202.84000000
ETHUSDT,1741507200000,0.00003637,2184.17950000
ETHUSDT,1741536000000,-0.00000013,2096.15786508
ETHUSDT,1741564800000,-0.00004249,2019.25000000
ETHUSDT,1741593600000,0.00002575,2074.40057937
ETHUSDT,1741622400000,0.00003433,2016.94127778
ETHUSDT,1741651200000,-0.00004045,1864.36000000
ETHUSDT,1741680000000,0.00002173,1903.50981938
ETHUSDT,1741708800001,0.00007553,1913.58000000
ETHUSDT,1741737600000,0.00001672,1922.60000000
ETHUSDT,1741766400000,0.00001107,1910.49414286
ETHUSDT,1741795200001,-0.00003413,1868.99963492
ETHUSDT,1741824000000,0.00002931,1907.37000000
ETHUSDT,1741852800000,-0.00000005,1871.20000000
ETHUSDT,1741881600000,0.00004218,1874.72000000
ETHUSDT,1741910400000,0.00002744,1863.98951560
ETHUSDT,1741939200000,0.00007681,1892.13000000
ETHUSDT,1741968000000,0.00005537,1921.17000000
ETHUSDT,1741996800000,0.00002924,1910.98000000
ETHUSDT,1742025600000,0.00005445,1916.86000000
ETHUSDT,1742054400000,0.00001250,1936.80000000
ETHUSDT,1742083200000,-0.00003041,1936.27000000
ETHUSDT,1742112000000,-0.00002357,1925.21000000
ETHUSDT,1742140800000,-0.00002967,1894.21000000
ETHUSDT,1742169600000,0.00002057,1886.20129060
ETHUSDT,1742198400000,0.00005669,1900.13000000
ETHUSDT,1742227200000,0.00003697,1918.50000000
ETHUSDT,1742256000000,0.00005319,1925.37789819
ETHUSDT,1742284800000,0.00004099,1904.15778571
ETHUSDT,1742313600000,0.00001465,1879.97000000
ETHUSDT,1742342400000,0.00005983,1930.68823016
ETHUSDT,1742371200000,0.00008986,1930.98000000
ETHUSDT,1742400000000,0.00006676,2047.87000000
ETHUSDT,1742428800000,-0.00001704,2055.29887302
ETHUSDT,1742457600000,0.00001553,2006.47000000
ETHUSDT,1742486400000,-0.00000857,1971.36017460
ETHUSDT,1742515200000,0.00005235,1982.98311111
ETHUSDT,1742544000000,0.00006749,1976.00000000
ETHUSDT,1742572800000,0.00002613,1949.78000000
ETHUSDT,1742601600000,-0.00001402,1964.88967460
ETHUSDT,1742630400004,-0.00002617,1983.15000000
ETHUSDT,1742659200000,0.00002587,1985.42480159
ETHUSDT,1742688000000,0.00001553,1979.84956349
ETHUSDT,1742716800000,0.00006053,2007.20000000
ETHUSDT,1742745600000,-0.00000336,2006.25524603
ETHUSDT,1742774400000,-0.00001290,2005.00000000
ETHUSDT,1742803200000,0.00009456,2068.40000000
ETHUSDT,1742832000000,0.00003069,2088.80000000
ETHUSDT,1742860800001,0.00006736,2080.41000000
ETHUSDT,1742889600000,0.00001456,2054.80000000
ETHUSDT,1742918400000,-0.00000475,2066.59089683
ETHUSDT,1742947200000,0.00002976,2065.24099343
ETHUSDT,1742976000000,0.00001074,2068.54289683
ETHUSDT,1743004800001,-0.00002235,2011.88234921
ETHUSDT,1743033600001,0.00004542,2008.69000000
ETHUSDT,1743062400001,0.00007427,2025.49000794
ETHUSDT,1743091200002,0.00003127,2004.54466667
ETHUSDT,1743120000001,0.00006551,2002.80000000
ETHUSDT,1743148800001,-0.00002896,1909.08424603
ETHUSDT,1743177600000,-0.00001109,1871.49325397
ETHUSDT,1743206400000,0.00000356,1896.03000000
ETHUSDT,1743235200000,0.00004498,1879.55482540
ETHUSDT,1743264000000,0.00003469,1838.40000000
ETHUSDT,1743292800000,-0.00001072,1827.32000000
ETHUSDT,1743321600000,-0.00001999,1836.69000000
ETHUSDT,1743350400000,0.00001191,1812.82000000
ETHUSDT,1743379200000,-0.00000326,1807.00000000
ETHUSDT,1743408000000,0.00002663,1798.05000000
ETHUSDT,1743436800000,0.00002009,1841.39123016
ETHUSDT,1743465600000,-0.00000652,1821.59000000
ETHUSDT,1743494400001,0.00002877,1853.39356349
ETHUSDT,1743523200000,0.00003314,1917.90000000
ETHUSDT,1743552000001,0.00003676,1904.20000000
ETHUSDT,1743580800000,-0.00000045,1864.30988889
ETHUSDT,1743609600000,0.00004262,1900.10000000
ETHUSDT,1743638400000,-0.00000639,1794.26434127
ETHUSDT,1743667200000,0.00006390,1814.69311987
ETHUSDT,1743696000000,-0.00000615,1781.23825944
ETHUSDT,1743724800000,0.00006701,1816.30000000
ETHUSDT,1743753600000,-0.00002093,1816.87000000
ETHUSDT,1743782400000,0.00003780,1794.47000000
ETHUSDT,1743811200000,0.00002181,1816.18508730
ETHUSDT,1743840000000,0.00005939,1812.40000000
ETHUSDT,1743868800000,-0.00000782,1781.10160317
ETHUSDT,1743897600000,0.00002389,1805.04000000
ETHUSDT,1743926400000,0.00005410,1796.86100794
ETHUSDT,1743955200002,-0.00002372,1759.59000000
ETHUSDT,1743984000000,-0.00003784,1579.98000000
ETHUSDT,1744012800000,-0.00000965,1459.71000000
ETHUSDT,1744041600000,-0.00003451,1556.02875397
ETHUSDT,1744070400000,-0.00000438,1552.44000000
ETHUSDT,1744099200000,0.00001155,1569.98000000
ETHUSDT,1744128000000,-0.00001429,1530.89000000
ETHUSDT,1744156800000,-0.00004820,1472.68000000
ETHUSDT,1744185600001,-0.00006596,1482.90000000
ETHUSDT,1744214400000,0.00001591,1484.58000000
ETHUSDT,1744243200000,0.00010000,1668.69000000
ETHUSDT,1744272000000,0.00003042,1595.02000000
ETHUSDT,1744300800000,-0.00000078,1494.94000000
ETHUSDT,1744329600001,-0.00000918,1521.79074603
ETHUSDT,1744358400000,-0.00005857,1551.99000000
ETHUSDT,1744387200000,-0.00000461,1564.80000000
ETHUSDT,1744416000000,0.00002511,1565.96000000
ETHUSDT,1744444800001,-0.00000600,1581.23000000
ETHUSDT,1744473600000,0.00002416,1655.20279146
ETHUSDT,1744502400000,0.00007676,1643.60000000
ETHUSDT,1744531200000,0.00005203,1612.94861640
ETHUSDT,1744560000000,0.00005299,1586.15506349
ETHUSDT,1744588800000,0.00007387,1596.93000000
ETHUSDT,1744617600000,0.00005913,1634.92172222
ETHUSDT,1744646400000,0.00005384,1627.19251232
ETHUSDT,1744675200000,0.00002560,1623.03000000
ETHUSDT,1744704000000,0.00001812,1644.24902778
ETHUSDT,1744732800001,0.00000335,1620.11000000
ETHUSDT,1744761600000,0.00004294,1588.05889163
ETHUSDT,1744790400000,-0.00002960,1563.51188013
ETHUSDT,1744819200000,-0.00002514,1589.76000000
ETHUSDT,1744848000001,0.00004479,1576.74085714
ETHUSDT,1744876800000,0.00005184,1600.99000000
ETHUSDT,1744905600001,-0.00001791,1582.34000000
ETHUSDT,1744934400000,-0.00003125,1582.88586243
ETHUSDT,1744963200000,0.00002747,1583.45000000
ETHUSDT,1744992000000,-0.00001492,1582.35157143
ETHUSDT,1745020800000,-0.00002388,1587.92270252
ETHUSDT,1745049600000,0.00008846,1600.28000000
ETHUSDT,1745078400000,0.00007189,1606.66150583
ETHUSDT,1745107200000,0.00005765,1612.66000000
ETHUSDT,1745136000000,0.00007724,1596.67526984
ETHUSDT,1745164800000,-0.00005358,1572.81000000
ETHUSDT,1745193600000,-0.00000124,1586.62694048
ETHUSDT,1745222400005,0.00010000,1645.12210317
ETHUSDT,1745251200003,0.00008017,1622.50000000
ETHUSDT,1745280000008,-0.00003600,1578.67764286
ETHUSDT,1745308800000,0.00000022,1618.74385714
ETHUSDT,1745337600000,0.00008105,1702.06476190
ETHUSDT,1745366400000,0.00006679,1755.58000000
ETHUSDT,1745395200002,0.00009616,1791.51582102
ETHUSDT,1745424000000,0.00010000,1794.38221127
ETHUSDT,1745452800000,0.00010000,1794.46000000
ETHUSDT,1745481600001,0.00007229,1755.61000000
ETHUSDT,1745510400001,0.00000620,1763.83000000
ETHUSDT,1745539200007,0.00005922,1768.80000000
ETHUSDT,1745568000002,0.00007829,1776.59313615
ETHUSDT,1745596800003,-0.00000965,1805.70000000
ETHUSDT,1745625600002,0.00000830,1783.77000000
ETHUSDT,1745654400000,-0.00002999,1799.44000000
ETHUSDT,1745683200002,0.00000728,1799.38000000
ETHUSDT,1745712000001,0.00005635,1819.99000000
ETHUSDT,1745740800000,-0.00006737,1802.97000000
ETHUSDT,1745769600000,-0.00003852,1792.89000000
ETHUSDT,1745798400001,0.00000132,1790.27458993
ETHUSDT,1745827200003,-0.00004703,1803.96000000
ETHUSDT,1745856000005,-0.00008681,1762.19000000
ETHUSDT,1745884800000,0.00008281,1799.17000000
ETHUSDT,1745913600000,0.00005790,1820.79297674
ETHUSDT,1745942400010,-0.00001396,1814.21000000
ETHUSDT,1745971200001,-0.00007371,1797.10017054
ETHUSDT,1746000000000,0.00000904,1795.55000000
ETHUSDT,1746028800003,-0.00006069,1764.03953101
ETHUSDT,1746057600000,0.00005430,1792.81359690
ETHUSDT,1746086400000,0.00004500,1809.74000000
ETHUSDT,1746115200001,0.00000723,1851.99000000
ETHUSDT,1746144000000,-0.00000591,1837.35080746
ETHUSDT,1746172800000,-0.00005797,1815.24087597
ETHUSDT,1746201600003,-0.00000588,1840.38514729
ETHUSDT,1746230400000,0.00004901,1841.21000000
ETHUSDT,1746259200000,0.00001565,1825.66213178
ETHUSDT,1746288000000,0.00002092,1833.71244186
ETHUSDT,1746316800001,0.00006708,1832.81789922
ETHUSDT,1746345600001,0.00003289,1840.24000000
ETHUSDT,1746374400002,-0.00002670,1829.85000000
ETHUSDT,1746403200000,0.00000181,1807.88000000
ETHUSDT,1746432000000,0.00001998,1825.74000000
ETHUSDT,1746460800006,0.00001194,1800.17766667
ETHUSDT,1746489600002,0.00006899,1819.43000000
ETHUSDT,1746518400005,-0.00001836,1805.07810078
ETHUSDT,1746547200000,-0.00003589,1769.25000000
ETHUSDT,1746576000002,0.00003273,1816.22000000
ETHUSDT,1746604800000,0.00008548,1837.32937984
ETHUSDT,1746633600006,-0.00000648,1816.73000000
ETHUSDT,1746662400000,0.00004564,1810.30300775
ETHUSDT,1746691200001,0.00010000,1927.66530620
ETHUSDT,1746720000002,0.00008717,2050.93411628
ETHUSDT,1746748800001,0.00010000,2207.38250388
ETHUSDT,1746777600006,0.00010000,2364.22000000
ETHUSDT,1746806400000,0.00010000,2300.55000000
ETHUSDT,1746835200001,0.00010000,2344.29000000
ETHUSDT,1746864000000,0.00009797,2398.56000000
ETHUSDT,1746892800001,0.00009016,2433.00000000
ETHUSDT,1746921600000,0.00010000,2583.07662403
ETHUSDT,1746950400001,0.00007363,2472.73715310
ETHUSDT,1746979200001,0.00002438,2461.22000000
ETHUSDT,1747008000004,0.00007088,2513.58951938
ETHUSDT,1747036800000,0.00010000,2553.45000000
ETHUSDT,1747065600000,0.00005717,2486.74000000
ETHUSDT,1747094400000,0.00006233,2494.35227132
ETHUSDT,1747123200008,0.00010000,2459.93641085
ETHUSDT,1747152000001,0.00010000,2564.75327519
ETHUSDT,1747180800007,0.00010000,2678.83579845
ETHUSDT,1747209600000,0.00005480,2639.65352132
ETHUSDT,1747238400002,0.00004737,2596.28000000
ETHUSDT,1747267200000,0.00010000,2608.71000000
ETHUSDT,1747296000003,0.00010000,2529.71000000
ETHUSDT,1747324800000,0.00005698,2563.09405814
ETHUSDT,1747353600001,0.00006801,2547.44981395
ETHUSDT,1747382400000,0.00010000,2600.60682558
ETHUSDT,1747411200000,0.00007202,2594.43856202
ETHUSDT,1747440000000,0.00002543,2536.20335271
ETHUSDT,1747468800001,-0.00001883,2491.50000000
ETHUSDT,1747497600004,0.00002339,2473.24241667
ETHUSDT,1747526400000,0.00005366,2474.09000000
ETHUSDT,1747555200000,0.00004909,2507.83256799
ETHUSDT,1747584000000,0.00000130,2577.87000000
ETHUSDT,1747612800000,-0.00004925,2496.74000000
ETHUSDT,1747641600006,0.00006531,2402.61575969
ETHUSDT,1747670400010,0.00009181,2465.55531783
ETHUSDT,1747699200000,0.00008013,2526.47294574
ETHUSDT,1747728000002,0.00006807,2531.79813756
ETHUSDT,1747756800000,0.00001174,2481.40000000
ETHUSDT,1747785600000,0.00003663,2523.08000000
ETHUSDT,1747814400001,0.00009338,2550.72000000
ETHUSDT,1747843200004,0.00000647,2566.00000000
ETHUSDT,1747872000001,0.00001141,2550.01000000
ETHUSDT,1747900800000,0.00010000,2633.82000000
ETHUSDT,1747929600002,0.00010000,2662.86000000
ETHUSDT,1747958400006,0.00010000,2663.73000000
ETHUSDT,1747987200000,0.00010000,2654.70000000
ETHUSDT,1748016000007,-0.00000726,2567.15597287
ETHUSDT,1748044800010,0.00010000,2525.58000000
ETHUSDT,1748073600000,0.00004033,2545.79000000
ETHUSDT,1748102400003,0.00002114,2554.51168992
ETHUSDT,1748131200004,0.00006041,2529.27000000
ETHUSDT,1748160000000,0.00003750,2493.29000000
ETHUSDT,1748188800000,0.00008487,2510.47000000
ETHUSDT,1748217600000,0.00000385,2549.92378295
ETHUSDT,1748246400000,0.00008047,2579.70000000
ETHUSDT,1748275200002,0.00004711,2564.76000000
ETHUSDT,1748304000003,0.00004026,2562.70241821
ETHUSDT,1748332800001,0.00010000,2606.56000000
ETHUSDT,1748361600005,0.00010000,2667.09000000
ETHUSDT,1748390400002,0.00010000,2659.89356202
ETHUSDT,1748419200003,0.00010000,2635.36000000
ETHUSDT,1748448000002,0.00010000,2625.99000000
ETHUSDT,1748476800000,0.00010000,2680.57340310
ETHUSDT,1748505600006,0.00010000,2730.00000000
ETHUSDT,1748534400000,0.00008321,2642.45000000
ETHUSDT,1748563200003,0.00007477,2630.57163566
ETHUSDT,1748592000003,0.00010000,2617.68000000
ETHUSDT,1748620800000,0.00005699,2596.91371502
ETHUSDT,1748649600000,0.00003389,2529.90736628
ETHUSDT,1748678400000,0.00008054,2520.00000000
ETHUSDT,1748707200000,0.00002739,2535.05310078
ETHUSDT,1748736000001,0.00007520,2527.09000000
ETHUSDT,1748764800002,0.00003946,2507.65977519
ETHUSDT,1748793600000,0.00003370,2522.00000000
ETHUSDT,1748822400001,0.00001586,2538.09462016
ETHUSDT,1748851200000,0.00005378,2505.79000000
ETHUSDT,1748880000000,0.00008588,2543.24000000
ETHUSDT,1748908800000,0.00003263,2606.48000000
ETHUSDT,1748937600000,0.00006067,2608.68000000
ETHUSDT,1748966400001,0.00005397,2622.56000000
ETHUSDT,1748995200000,0.00004390,2592.16000000
ETHUSDT,1749024000000,0.00007623,2626.51640991
ETHUSDT,1749052800000,0.00007897,2666.91000000
ETHUSDT,1749081600016,0.00002359,2606.63000000
ETHUSDT,1749110400000,0.00008508,2603.21000000
ETHUSDT,1749139200000,0.00006396,2588.34000000
ETHUSDT,1749168000002,-0.00001147,2412.93361240
ETHUSDT,1749196800000,0.00002643,2454.18000000
ETHUSDT,1749225600006,0.00002684,2508.55342442
ETHUSDT,1749254400000,0.00008699,2475.37000000
ETHUSDT,1749283200000,0.00005456,2490.21000000
ETHUSDT,1749312000002,0.00006753,2518.77600775
ETHUSDT,1749340800000,0.00010000,2523.68777132
ETHUSDT,1749369600000,0.00009522,2513.55530233
ETHUSDT,1749398400000,0.00004695,2513.39986434
ETHUSDT,1749427200000,0.00002206,2508.49123256
ETHUSDT,1749456000001,0.00001950,2490.55416667
ETHUSDT,1749484800001,0.00008643,2532.98000000
ETHUSDT,1749513600000,0.00010000,2679.23765891
ETHUSDT,1749542400001,0.00010000,2676.48000000
ETHUSDT,1749571200003,0.00010000,2731.83000000
ETHUSDT,1749600000000,0.00010000,2815.75000000
ETHUSDT,1749628800000,0.00010000,2790.85000000
ETHUSDT,1749657600010,0.00010000,2864.21000000
ETHUSDT,1749686400002,0.00006036,2770.61909933
ETHUSDT,1749715200003,0.00010000,2739.99036250
ETHUSDT,1749744000001,0.00005333,2718.25000000
ETHUSDT,1749772800000,-0.00001372,2641.31365116
ETHUSDT,1749801600001,-0.00001069,2525.00000000
ETHUSDT,1749830400004,0.00002083,2550.26000000
ETHUSDT,1749859200000,0.00004572,2578.08000000
ETHUSDT,1749888000000,0.00001962,2536.12897714
ETHUSDT,1749916800000,0.00000440,2518.30475581
ETHUSDT,1749945600005,0.00001767,2529.67000000
ETHUSDT,1749974400009,0.00008487,2527.49070155
ETHUSDT,1750003200000,0.00007131,2540.80593023
ETHUSDT,1750032000000,0.00004573,2546.33974031
ETHUSDT,1750060800000,0.00009060,2627.71000000
ETHUSDT,1750089600003,0.00003960,2630.87000000
ETHUSDT,1750118400000,-0.00000906,2542.89843992
ETHUSDT,1750147200006,0.00010000,2581.28983333
ETHUSDT,1750176000001,0.00005558,2497.82614729
ETHUSDT,1750204800001,0.00005830,2508.98000000
ETHUSDT,1750233600001,0.00006782,2532.33000000
ETHUSDT,1750262400001,0.00002338,2507.99563566
ETHUSDT,1750291200005,0.00005403,2523.80623643
ETHUSDT,1750320000003,0.00004793,2517.80142248
ETHUSDT,1750348800000,0.00004883,2491.89000000
ETHUSDT,1750377600000,0.00008145,2520.18000000
ETHUSDT,1750406400002,0.00008963,2548.35000000
ETHUSDT,1750435200001,0.00002590,2492.46000000
ETHUSDT,1750464000002,-0.00004990,2405.43000000
ETHUSDT,1750492800005,-0.00001379,2425.65727132
ETHUSDT,1750521600000,0.00005011,2422.48512791
ETHUSDT,1750550400005,-0.00000798,2294.25720142
ETHUSDT,1750579200000,-0.00001761,2269.63000000
ETHUSDT,1750608000003,0.00004714,2174.25338195
ETHUSDT,1750636800000,0.00002289,2226.66781783
ETHUSDT,1750665600004,-0.00001401,2257.83166667
ETHUSDT,1750694400013,0.00000130,2247.35465504
ETHUSDT,1750723200003,0.00002127,2410.39000000
ETHUSDT,1750752000000,0.00001201,2392.05589535
ETHUSDT,1750780800000,0.00000446,2436.85000000
ETHUSDT,1750809600005,-0.00000833,2447.58000000
ETHUSDT,1750838400000,-0.00000026,2443.44000000
ETHUSDT,1750867200005,0.00001198,2404.64666667
ETHUSDT,1750896000000,0.00002757,2417.27000000
ETHUSDT,1750924800006,0.00008057,2489.24298837
ETHUSDT,1750953600007,0.00000906,2432.17414147
ETHUSDT,1750982400000,0.00000379,2414.93000000
ETHUSDT,1751011200000,0.00000506,2441.19000000
ETHUSDT,1751040000009,0.00005546,2437.43000000
ETHUSDT,1751068800001,0.00008436,2421.99000000
ETHUSDT,1751097600002,0.00000658,2430.45193411
ETHUSDT,1751126400000,0.00004011,2435.08000000
ETHUSDT,1751155200004,0.00006176,2434.80000000
ETHUSDT,1751184000001,0.00008777,2439.10803876
ETHUSDT,1751212800001,0.00000042,2435.60000000
ETHUSDT,1751241600000,0.00005102,2499.38032171
ETHUSDT,1751270400005,0.00009119,2479.70235271
ETHUSDT,1751299200002,0.00000394,2473.80902519
ETHUSDT,1751328000007,0.00008191,2484.33713566
ETHUSDT,1751356800002,0.00001541,2463.71000000
ETHUSDT,1751385600000,-0.00001429,2422.48000000
ETHUSDT,1751414400001,0.00001952,2403.74040310
ETHUSDT,1751443200000,0.00004864,2445.88160078
ETHUSDT,1751472000003,0.00005236,2498.33576357
ETHUSDT,1751500800006,0.00010000,2569.56654651
ETHUSDT,1751529600003,0.00009820,2599.24000000
ETHUSDT,1751558400003,0.00004398,2569.31682558
ETHUSDT,1751587200005,0.00001353,2590.17000000
ETHUSDT,1751616000003,0.00006619,2533.84000000
ETHUSDT,1751644800001,0.00002691,2499.61877132
ETHUSDT,1751673600004,0.00001406,2506.87000000
ETHUSDT,1751702400009,0.00003958,2520.36000000
ETHUSDT,1751731200006,0.00005542,2506.89000000
ETHUSDT,1751760000001,0.00003909,2515.26000000
ETHUSDT,1751788800002,0.00006583,2516.90000000
ETHUSDT,1751817600004,0.00008149,2557.70000000
ETHUSDT,1751846400000,0.00010000,2569.50603101
ETHUSDT,1751875200007,0.00010000,2577.57985659
ETHUSDT,1751904000000,-0.00003011,2532.61000000
ETHUSDT,1751932800010,0.00007589,2541.20732946
ETHUSDT,1751961600003,0.00002787,2552.16904651
ETHUSDT,1751990400000,0.00006466,2563.60000000
ETHUSDT,1752019200002,0.00004903,2613.98000000
ETHUSDT,1752048000006,0.00006771,2623.77394186
ETHUSDT,1752076800001,0.00006268,2655.40000000
ETHUSDT,1752105600003,0.00010000,2767.79068217
ETHUSDT,1752134400000,0.00002808,2789.75650775
ETHUSDT,1752163200004,0.00003187,2768.34000000
ETHUSDT,1752192000004,0.00010000,2951.00392196
ETHUSDT,1752220800007,0.00010000,2968.35000000
ETHUSDT,1752249600001,0.00010000,2950.27991920
ETHUSDT,1752278400000,0.00008032,2957.03212403
ETHUSDT,1752307200001,0.00007671,2961.79344574
ETHUSDT,1752336000002,0.00006119,2914.74546899
ETHUSDT,1752364800006,0.00004151,2941.87000000
ETHUSDT,1752393600001,0.00004407,2961.48118605
ETHUSDT,1752422400003,0.00007205,2991.26778682
ETHUSDT,1752451200000,0.00000998,2970.48246124
ETHUSDT,1752480000000,0.00010000,3043.65000000
ETHUSDT,1752508800000,0.00010000,3011.18300388
ETHUSDT,1752537600002,0.00006134,3012.55427519
ETHUSDT,1752566400000,0.00010000,2976.35000000
ETHUSDT,1752595200000,0.00010000,3038.99000000
ETHUSDT,1752624000000,0.00010000,3138.47018605
ETHUSDT,1752652800000,0.00010000,3160.84107752
ETHUSDT,1752681600008,0.00010000,3243.40000000
ETHUSDT,1752710400003,0.00010000,3371.07215891
ETHUSDT,1752739200000,0.00010000,3448.20200000
ETHUSDT,1752768000000,0.00010000,3420.15697674
ETHUSDT,1752796800004,0.00010000,3476.66000000
ETHUSDT,1752825600000,0.00010000,3608.01628876
ETHUSDT,1752854400000,0.00010000,3565.00000000
ETHUSDT,1752883200009,0.00010000,3546.36000000
ETHUSDT,1752912000000,0.00010000,3570.57573643
ETHUSDT,1752940800002,0.00010000,3551.36022093
ETHUSDT,1752969600000,0.00010000,3591.31000000
ETHUSDT,1752998400000,0.00010000,3667.19986434
ETHUSDT,1753027200000,0.00010000,3785.38000000
ETHUSDT,1753056000001,0.00010000,3755.99508915
ETHUSDT,1753084800000,0.00010000,3786.97000000
ETHUSDT,1753113600001,0.00010000,3808.90000000
ETHUSDT,1753142400000,0.00010000,3760.96000000
ETHUSDT,1753171200010,0.00010000,3676.29012403
ETHUSDT,1753200000007,0.00010000,3717.78744186
ETHUSDT,1753228800000,0.00010000,3746.14636047
ETHUSDT,1753257600004,0.00010000,3672.59889922
ETHUSDT,1753286400002,0.00010000,3643.58769574
ETHUSDT,1753315200000,0.00010000,3627.41000000
ETHUSDT,1753344000001,0.00010000,3590.44418992
ETHUSDT,1753372800000,0.00010000,3730.40000000
ETHUSDT,1753401600000,0.00010000,3705.61000000
ETHUSDT,1753430400000,0.00010000,3631.66711628
ETHUSDT,1753459200000,0.00010000,3632.12027907
ETHUSDT,1753488000001,0.00010000,3724.17000000
ETHUSDT,1753516800005,0.00010000,3741.03000000
ETHUSDT,1753545600001,0.00010000,3734.52000000
ETHUSDT,1753574400001,0.00009322,3740.00000000
ETHUSDT,1753603200000,0.00008879,3766.68744961
ETHUSDT,1753632000008,0.00010000,3817.84531977
ETHUSDT,1753660800005,0.00010000,3871.48000000
ETHUSDT,1753689600000,0.00010000,3892.24032171
ETHUSDT,1753718400000,0.00010000,3806.41156504
ETHUSDT,1753747200001,0.00004494,3796.29532927
ETHUSDT,1753776000000,0.00010000,3876.53000000
ETHUSDT,1753804800000,0.00010000,3760.15457752
ETHUSDT,1753833600011,0.00002488,3791.72222093
ETHUSDT,1753862400000,0.00005083,3809.50083721
ETHUSDT,1753891200008,0.00001540,3795.76000000
ETHUSDT,1753920000000,0.00005162,3808.66000000
ETHUSDT,1753948800009,0.00010000,3862.30686822
ETHUSDT,1753977600000,-0.00001180,3786.17831395
ETHUSDT,1754006400001,-0.00003749,3696.57000000
ETHUSDT,1754035200003,0.00001113,3649.40456589
ETHUSDT,1754064000000,0.00004859,3614.54152713
ETHUSDT,1754092800004,0.00005795,3486.42000000
ETHUSDT,1754121600000,0.00000657,3517.54000000
ETHUSDT,1754150400000,0.00007965,3457.78000000
ETHUSDT,1754179200000,0.00006733,3392.41000000
ETHUSDT,1754208000000,0.00005752,3454.28105814
ETHUSDT,1754236800003,0.00003767,3474.80000000
ETHUSDT,1754265600004,0.00001719,3495.01000000
ETHUSDT,1754294400000,0.00001113,3550.47000000
ETHUSDT,1754323200002,0.00003611,3646.90090310
ETHUSDT,1754352000000,0.00000147,3719.41000000
ETHUSDT,1754380800000,0.00003116,3611.75000000
ETHUSDT,1754409600000,0.00001370,3569.54463953
ETHUSDT,1754438400005,0.00002413,3610.19000000
ETHUSDT,1754467200000,0.00008200,3638.40000000
ETHUSDT,1754496000000,0.00006246,3663.51893411
ETHUSDT,1754524800003,0.00006227,3681.32459302
ETHUSDT,1754553600002,0.00004285,3701.00000000
ETHUSDT,1754582400002,0.00010000,3835.15000000
ETHUSDT,1754611200002,0.00004260,3908.70249885
ETHUSDT,1754640000004,0.00010000,3914.88000000
ETHUSDT,1754668800000,0.00010000,3953.00564865
ETHUSDT,1754697600005,0.00010000,4009.04000000
ETHUSDT,1754726400000,0.00010000,4169.71000000
ETHUSDT,1754755200007,0.00010000,4207.61204505
ETHUSDT,1754784000003,0.00009916,4259.25177027
ETHUSDT,1754812800005,0.00010000,4184.36000000
ETHUSDT,1754841600002,0.00010000,4216.37707658
ETHUSDT,1754870400000,0.00008873,4248.78000000
ETHUSDT,1754899200000,0.00009354,4273.17322868
ETHUSDT,1754928000000,0.00010000,4328.87000000
ETHUSDT,1754956800000,0.00003659,4221.31000000
ETHUSDT,1754985600001,0.00010000,4314.23000000
ETHUSDT,1755014400005,0.00010000,4470.98000000
ETHUSDT,1755043200000,0.00010000,4589.31000000
ETHUSDT,1755072000002,0.00010000,4624.29000000
ETHUSDT,1755100800006,0.00010000,4664.38954070
ETHUSDT,1755129600002,0.00010000,4748.37000000
ETHUSDT,1755158400003,0.00010000,4747.72583333
ETHUSDT,1755187200000,0.00010000,4618.00000000
ETHUSDT,1755216000000,0.00010000,4545.65822868
ETHUSDT,1755244800000,0.00009765,4639.52553876
ETHUSDT,1755273600000,0.00006474,4428.82236822
ETHUSDT,1755302400004,0.00005967,4437.36567568
ETHUSDT,1755331200000,0.00008990,4449.25000000
ETHUSDT,1755360000002,0.00001968,4398.62610811
ETHUSDT,1755388800000,0.00004669,4420.21000000
ETHUSDT,1755417600001,-0.00000668,4465.00000000
ETHUSDT,1755446400007,0.00005334,4559.57000000
ETHUSDT,1755475200000,0.00000632,4470.87273874
ETHUSDT,1755504000001,0.00009191,4255.03000000
ETHUSDT,1755532800002,0.00008959,4343.33752713
ETHUSDT,1755561600000,0.00010000,4311.97000000
ETHUSDT,1755590400001,0.00010000,4232.60000000
ETHUSDT,1755619200000,0.00010000,4190.33000000
ETHUSDT,1755648000000,0.00010000,4073.93000000
ETHUSDT,1755676800000,0.00000318,4183.66000000
ETHUSDT,1755705600000,0.00009070,4253.61408915
ETHUSDT,1755734400006,0.00006232,4334.50000000
ETHUSDT,1755763200000,0.00005834,4309.00000000
ETHUSDT,1755792000003,0.00002689,4240.90000000
ETHUSDT,1755820800010,0.00006376,4223.69000000
ETHUSDT,1755849600007,0.00006670,4326.35375388
ETHUSDT,1755878400001,0.00006004,4613.93000000
ETHUSDT,1755907200004,0.00010000,4829.83000000
ETHUSDT,1755936000006,0.00010000,4712.85000000
ETHUSDT,1755964800000,0.00010000,4749.55669380
ETHUSDT,1755993600001,0.00010000,4777.42490540
ETHUSDT,1756022400002,0.00010000,4757.66000000
ETHUSDT,1756051200001,0.00010000,4796.45056589
ETHUSDT,1756080000000,0.00004932,4778.33000000
ETHUSDT,1756108800002,0.00004567,4589.77243023
ETHUSDT,1756137600002,0.00001732,4610.84970543
ETHUSDT,1756166400000,-0.00000739,4374.35998450
ETHUSDT,1756195200000,0.00001080,4427.38000000
ETHUSDT,1756224000000,0.00001029,4517.19067829
ETHUSDT,1756252800003,-0.00000819,4598.68597674
ETHUSDT,1756281600000,0.00001933,4578.60000000
ETHUSDT,1756310400009,0.00004152,4655.31000000
ETHUSDT,1756339200000,0.00005965,4504.93858140
ETHUSDT,1756368000005,0.00002643,4594.81000000
ETHUSDT,1756396800004,0.00002175,4502.00051550
ETHUSDT,1756425600000,0.00001728,4509.34136822
ETHUSDT,1756454400000,0.00004981,4379.50601938
ETHUSDT,1756483200005,0.00001496,4313.86000000
ETHUSDT,1756512000000,0.00004162,4358.64000000
ETHUSDT,1756540800002,-0.00001108,4400.08000000
ETHUSDT,1756569600003,0.00004057,4374.27000000
ETHUSDT,1756598400016,-0.00001390,4371.99000000
ETHUSDT,1756627200000,0.00005543,4449.41955039
ETHUSDT,1756656000001,-0.00001154,4482.69935271
ETHUSDT,1756684800000,-0.00002114,4390.47237485
ETHUSDT,1756713600000,-0.00001300,4461.17395349
ETHUSDT,1756742400001,0.00000122,4360.43208915
ETHUSDT,1756771200000,0.00000406,4313.01000000
ETHUSDT,1756800000005,0.00005513,4376.35000000
ETHUSDT,1756828800007,0.00003026,4293.55000000
ETHUSDT,1756857600006,0.00001812,4324.59000000
ETHUSDT,1756886400002,-0.00000111,4308.42511240
ETHUSDT,1756915200002,0.00003174,4477.11681783
ETHUSDT,1756944000002,0.00002311,4448.63827907
ETHUSDT,1756972800000,-0.00002012,4368.81000000
ETHUSDT,1757001600000,-0.00002527,4303.28791860
ETHUSDT,1757030400001,-0.00005540,4296.12586822
ETHUSDT,1757059200006,-0.00003456,4415.35654651
ETHUSDT,1757088000000,0.00002866,4280.61000000
ETHUSDT,1757116800000,-0.00002104,4305.70000000
ETHUSDT,1757145600005,0.00003956,4310.42317442
ETHUSDT,1757174400000,0.00004060,4267.82208915
ETHUSDT,1757203200000,0.00005946,4271.31000000
ETHUSDT,1757232000000,0.00008938,4292.99000000
ETHUSDT,1757260800000,0.00003335,4297.20504651
ETHUSDT,1757289600007,0.00002556,4304.15389147
ETHUSDT,1757318400000,0.00002063,4289.82000000
ETHUSDT,1757347200000,0.00009082,4369.83000000
ETHUSDT,1757376000000,0.00004706,4303.98665891
ETHUSDT,1757404800000,0.00010000,4360.43000000
ETHUSDT,1757433600000,0.00006645,4282.78335659
ETHUSDT,1757462400000,0.00006156,4308.55254264
ETHUSDT,1757491200002,0.00008820,4327.97353876
ETHUSDT,1757520000000,0.00010000,4403.50000000
ETHUSDT,1757548800000,0.00001341,4347.83000000
ETHUSDT,1757577600000,0.00010000,4439.00000000
ETHUSDT,1757606400001,0.00008501,4410.41000000
ETHUSDT,1757635200002,0.00004858,4456.91765504
ETHUSDT,1757664000001,0.00010000,4524.39000000
ETHUSDT,1757692800005,0.00010000,4540.16000000
ETHUSDT,1757721600005,0.00010000,4710.92940698
ETHUSDT,1757750400002,0.00009815,4709.88593023
ETHUSDT,1757779200000,0.00010000,4651.44000000
ETHUSDT,1757808000006,0.00000375,4664.46632946
ETHUSDT,1757836800000,0.00008307,4648.80000000
ETHUSDT,1757865600001,0.00005553,4580.66847655
ETHUSDT,1757894400006,0.00007366,4602.25855426
ETHUSDT,1757923200002,0.00006603,4595.07828682
ETHUSDT,1757952000001,0.00003563,4498.40769380
ETHUSDT,1757980800001,0.00004540,4521.54000000
ETHUSDT,1758009600000,0.00004526,4510.65000000
ETHUSDT,1758038400000,0.00002037,4465.73000000
ETHUSDT,1758067200001,0.00002419,4499.53808915
ETHUSDT,1758096000000,0.00005358,4542.26000000
ETHUSDT,1758124800003,0.00004406,4487.65000000
ETHUSDT,1758153600006,0.00005150,4588.68344186
ETHUSDT,1758182400002,0.00004292,4573.10000000
ETHUSDT,1758211200000,0.00001971,4597.16415504
ETHUSDT,1758240000000,0.00005745,4585.31000000
ETHUSDT,1758268800005,-0.00000904,4536.85290698
ETHUSDT,1758297600000,-0.00004324,4472.12543411
ETHUSDT,1758326400000,-0.00004366,4466.49000000
ETHUSDT,1758355200000,-0.00000597,4480.82192248
ETHUSDT,1758384000002,0.00004189,4496.36000000
ETHUSDT,1758412800000,-0.00002372,4478.27366667
ETHUSDT,1758441600000,0.00004828,4475.86645736
ETHUSDT,1758470400000,0.00003039,4480.92020930
ETHUSDT,1758499200005,-0.00002051,4443.33000000
ETHUSDT,1758528000003,-0.00000518,4191.68000000
ETHUSDT,1758556800000,0.00000508,4165.82000000
ETHUSDT,1758585600000,-0.00000193,4196.97614729
ETHUSDT,1758614400001,0.00005594,4203.24000000
ETHUSDT,1758643200000,-0.00002189,4179.12000000
ETHUSDT,1758672000003,0.00000973,4162.24000000
ETHUSDT,1758700800001,0.00000719,4173.43000000
ETHUSDT,1758729600002,-0.00003616,4163.81000000
ETHUSDT,1758758400000,-0.00008602,4150.51304651
ETHUSDT,1758787200001,-0.00008110,4006.94000000
ETHUSDT,1758816000000,0.00010000,4000.97000000
ETHUSDT,1758844800000,0.00008976,3873.10000000
ETHUSDT,1758873600000,0.00003202,3936.60000000
ETHUSDT,1758902400008,0.00004775,3944.84769767
ETHUSDT,1758931200000,-0.00001608,4030.50897674
ETHUSDT,1758960000010,0.00004387,4005.99000000
ETHUSDT,1758988800003,0.00010000,4017.20000000
ETHUSDT,1759017600000,0.00007975,4017.01000000
ETHUSDT,1759046400000,0.00004229,4013.00000000
ETHUSDT,1759075200000,0.00008200,4019.93404651
ETHUSDT,1759104000000,0.00003512,4140.63316279
ETHUSDT,1759132800002,0.00003842,4106.69554264
ETHUSDT,1759161600001,-0.00003490,4162.67086822
ETHUSDT,1759190400002,0.00000916,4213.26955814
ETHUSDT,1759219200005,-0.00001307,4181.00000000
ETHUSDT,1759248000000,0.00000472,4118.09000000
ETHUSDT,1759276800000,-0.00001572,4142.98000000
ETHUSDT,1759305600000,0.00002569,4144.52900962
ETHUSDT,1759334400000,-0.00000744,4325.01000000
ETHUSDT,1759363200000,0.00001487,4346.06000000
ETHUSDT,1759392000013,0.00003033,4373.65557364
ETHUSDT,1759420800000,0.00003733,4435.81462791
ETHUSDT,1759449600006,0.00001312,4481.70000000
ETHUSDT,1759478400006,0.00007933,4460.84000000
ETHUSDT,1759507200000,0.00005593,4532.88000000
ETHUSDT,1759536000001,0.00005570,4510.94000000
ETHUSDT,1759564800000,0.00000725,4496.24000000
ETHUSDT,1759593600000,0.00004800,4452.22000000
ETHUSDT,1759622400000,0.00005761,4485.32701550
ETHUSDT,1759651200003,0.00010000,4604.91000000
ETHUSDT,1759680000009,0.00009708,4530.60000000
ETHUSDT,1759708800004,0.00007894,4512.50461240
ETHUSDT,1759737600002,0.00010000,4531.30000000
ETHUSDT,1759766400004,0.00010000,4671.46368992
ETHUSDT,1759795200000,0.00010000,4682.42000000
ETHUSDT,1759824000003,0.00010000,4676.83000000
ETHUSDT,1759852800000,0.00010000,4510.41339535
ETHUSDT,1759881600000,0.00001254,4445.60000000
ETHUSDT,1759910400006,0.00006038,4461.08000000
ETHUSDT,1759939200002,0.00001261,4445.23296124
ETHUSDT,1759968000001,0.00003613,4523.67000000
ETHUSDT,1759996800000,-0.00000226,4424.43000000
ETHUSDT,1760025600000,0.00005752,4313.13313953
ETHUSDT,1760054400005,0.00002565,4365.89155974
ETHUSDT,1760083200002,0.00002511,4321.08889147
ETHUSDT,1760112000014,-0.00005147,4100.48000000
ETHUSDT,1760140800000,0.00010000,3820.04284109
ETHUSDT,1760169600003,-0.00013094,3757.27000000
ETHUSDT,1760198400000,-0.00000173,3822.65671318
ETHUSDT,1760227200004,-0.00006965,3744.54000000
ETHUSDT,1760256000002,0.00000839,3825.69493023
ETHUSDT,1760284800000,-0.00004563,4033.07592248
ETHUSDT,1760313600003,-0.00002591,4150.00000000
ETHUSDT,1760342400002,0.00005255,4176.37485271
ETHUSDT,1760371200003,0.00005202,4133.44000000
ETHUSDT,1760400000000,0.00005602,4239.70000000
ETHUSDT,1760428800000,0.00000352,3979.88000000
ETHUSDT,1760457600000,0.00002693,4084.13926357
ETHUSDT,1760486400006,0.00001420,4123.05000000
ETHUSDT,1760515200002,0.00004258,4120.11372093
ETHUSDT,1760544000000,0.00002500,3979.78179845
ETHUSDT,1760572800000,-0.00000499,3983.80000000
ETHUSDT,1760601600003,0.00000765,4003.38165891
ETHUSDT,1760630400002,0.00000618,3906.25694186
ETHUSDT,1760659200001,0.00003354,3892.18452713
ETHUSDT,1760688000005,0.00005630,3755.06874419
ETHUSDT,1760716800003,0.00002963,3796.16006977
ETHUSDT,1760745600000,0.00001423,3830.02745736
ETHUSDT,1760774400002,0.00001510,3890.47000000
ETHUSDT,1760803200001,0.00006086,3876.05548062
ETHUSDT,1760832000001,0.00006239,3887.01000000
ETHUSDT,1760860800001,0.00002101,3886.70000000
ETHUSDT,1760889600001,0.00003514,3977.55000000
ETHUSDT,1760918400004,0.00002481,3980.85823256
ETHUSDT,1760947200001,0.00005413,4053.55528682
ETHUSDT,1760976000000,0.00005999,4002.92856202
ETHUSDT,1761004800009,0.00003530,3977.55000000
ETHUSDT,1761033600000,0.00000047,3890.72004651
ETHUSDT,1761062400000,0.00007724,4080.42079070
ETHUSDT,1761091200004,-0.00002491,3871.11000000
ETHUSDT,1761120000000,0.00002192,3866.99136728
ETHUSDT,1761148800000,0.00002392,3839.72000000
ETHUSDT,1761177600000,0.00000529,3803.71000000
ETHUSDT,1761206400001,0.00004173,3879.85388372
ETHUSDT,1761235200004,0.00005185,3874.88000000
ETHUSDT,1761264000000,0.00000888,3855.43300775
ETHUSDT,1761292800000,0.00009418,3947.65000000
ETHUSDT,1761321600009,0.00003074,3887.10000000
ETHUSDT,1761350400000,0.00001282,3933.20000000
ETHUSDT,1761379200001,0.00001546,3927.29000000
ETHUSDT,1761408000001,0.00006413,3931.49100000
ETHUSDT,1761436800001,0.00010000,3952.26246899
ETHUSDT,1761465600001,0.00002079,3949.72000000
ETHUSDT,1761494400000,0.00010000,4073.54621705
ETHUSDT,1761523200000,0.00010000,4157.36870543
ETHUSDT,1761552000005,0.00010000,4199.99000000
ETHUSDT,1761580800000,0.00007827,4171.24000000
ETHUSDT,1761609600000,0.00003936,4118.47000000
ETHUSDT,1761638400000,0.00004615,4115.70196899
ETHUSDT,1761667200004,0.00001796,4095.35000000
ETHUSDT,1761696000004,-0.00005159,3977.58941085
ETHUSDT,1761724800005,-0.00001008,4022.83000000
ETHUSDT,1761753600000,0.00003915,3950.23000000
ETHUSDT,1761782400004,-0.00003389,3900.84131783
ETHUSDT,1761811200008,-0.00002243,3938.48378295
ETHUSDT,1761840000001,-0.00006394,3771.81851938
ETHUSDT,1761868800000,0.00003219,3802.31000000
ETHUSDT,1761897600008,0.00007777,3829.62250388
ETHUSDT,1761926400007,-0.00001283,3859.04427132
ETHUSDT,1761955200001,0.00006032,3846.41000000
ETHUSDT,1761984000000,0.00007748,3859.28000000
ETHUSDT,1762012800000,0.00010000,3893.12116680
ETHUSDT,1762041600007,0.00006688,3872.13000000
ETHUSDT,1762070400000,0.00009258,3905.13814729
ETHUSDT,1762099200001,0.00003269,3851.64000000
ETHUSDT,1762128000000,0.00008937,3905.02096124
ETHUSDT,1762156800010,0.00002373,3713.11919380
ETHUSDT,1762185600000,0.00000524,3587.37000000
ETHUSDT,1762214400002,0.00007890,3602.37986822
ETHUSDT,1762243200004,0.00008984,3492.95644186
ETHUSDT,1762272000000,0.00004875,3505.85000000
ETHUSDT,1762300800000,0.00001174,3285.29000000
ETHUSDT,1762329600000,0.00000656,3329.26889147
ETHUSDT,1762358400004,0.00004337,3396.32000000
ETHUSDT,1762387200001,0.00004919,3423.36609690
ETHUSDT,1762416000000,0.00004986,3379.00000000
ETHUSDT,1762444800001,0.00000071,3300.00000000
ETHUSDT,1762473600005,0.00007583,3313.86843411
ETHUSDT,1762502400003,0.00004780,3356.50945870
ETHUSDT,1762531200005,0.00008277,3296.61312403
ETHUSDT,1762560000011,0.00007722,3434.90193023
ETHUSDT,1762588800015,0.00008414,3446.59017054
ETHUSDT,1762617600001,0.00006487,3375.68000000
ETHUSDT,1762646400004,0.00001158,3400.07000000
ETHUSDT,1762675200000,0.00006622,3421.21175194
ETHUSDT,1762704000005,0.00004710,3514.06362791
ETHUSDT,1762732800000,0.00003686,3581.40451938
ETHUSDT,1762761600000,0.00009099,3608.31591473
ETHUSDT,1762790400003,0.00007806,3518.59824806
ETHUSDT,1762819200007,0.00002962,3566.38000000
ETHUSDT,1762848000000,-0.00002557,3542.83000000
ETHUSDT,1762876800009,0.00002827,3479.61000000
ETHUSDT,1762905600000,0.00003618,3416.32000000
ETHUSDT,1762934400002,-0.00003940,3426.89084496
ETHUSDT,1762963200000,0.00007040,3427.16393023
ETHUSDT,1762992000002,0.00006967,3413.45000000
ETHUSDT,1763020800000,0.00010000,3538.14021705
ETHUSDT,1763049600001,0.00002321,3386.08135659
ETHUSDT,1763078400000,-0.00000382,3230.12706977
ETHUSDT,1763107200000,0.00003573,3214.12926357
ETHUSDT,1763136000001,0.00007962,3195.87000000
ETHUSDT,1763164800005,0.00004979,3111.41544106
ETHUSDT,1763193600000,0.00004397,3174.99000000
ETHUSDT,1763222400001,0.00004679,3184.50000000
ETHUSDT,1763251200001,0.00010000,3166.55000000
ETHUSDT,1763280000000,0.00010000,3218.40003101
ETHUSDT,1763308800000,0.00007779,3103.51000000
ETHUSDT,1763337600003,0.00010000,3095.01727132
ETHUSDT,1763366400003,0.00010000,3197.29000000
ETHUSDT,1763395200000,0.00005992,3119.24000000
ETHUSDT,1763424000002,0.00009056,3030.07000000
ETHUSDT,1763452800004,0.00010000,3024.38991473
ETHUSDT,1763481600000,0.00005928,3105.25403769
ETHUSDT,1763510400000,0.00010000,3122.20000000
ETHUSDT,1763539200000,0.00006727,3083.92845736
ETHUSDT,1763568000008,0.00003204,2972.28232558
ETHUSDT,1763596800000,0.00007097,3024.09000000
ETHUSDT,1763625600000,0.00007838,3038.21689147
ETHUSDT,1763654400000,0.00006788,2954.52000000
ETHUSDT,1763683200001,0.00003335,2833.48894574
ETHUSDT,1763712000000,0.00001947,2719.22072868
ETHUSDT,1763740800001,0.00005440,2703.69000000
ETHUSDT,1763769600004,0.00001859,2764.63000000
ETHUSDT,1763798400000,0.00007195,2755.13000000
ETHUSDT,1763827200000,0.00004657,2737.64817054
ETHUSDT,1763856000000,0.00006445,2769.13278295
ETHUSDT,1763884800008,-0.00002356,2792.32000000
ETHUSDT,1763913600003,-0.00000587,2835.31565116
ETHUSDT,1763942400004,-0.00000010,2800.96685245
ETHUSDT,1763971200000,0.00007615,2828.77000000
ETHUSDT,1764000000006,0.00004931,2845.26537209
ETHUSDT,1764028800000,0.00004020,2952.18000000
ETHUSDT,1764057600009,0.00003624,2901.54000000
ETHUSDT,1764086400007,0.00000556,2894.18000000
ETHUSDT,1764115200001,0.00004707,2958.29194574
ETHUSDT,1764144000001,-0.00000920,2943.11770543
ETHUSDT,1764172800000,0.00001886,2926.63055814
ETHUSDT,1764201600013,0.00002467,3025.05000000
ETHUSDT,1764230400000,0.00001646,3032.24509302
ETHUSDT,1764259200004,0.00000988,3009.75889922
ETHUSDT,1764288000008,-0.00000145,3013.89000000
ETHUSDT,1764316800000,0.00002638,3000.26055000
ETHUSDT,1764345600008,-0.00000903,3072.13665196
ETHUSDT,1764374400000,0.00002574,3029.80000000
ETHUSDT,1764403200005,0.00000510,3003.23000000
ETHUSDT,1764432000001,-0.00000152,3006.09641139
ETHUSDT,1764460800003,0.00007916,2987.96000000
ETHUSDT,1764489600000,0.00004019,3003.55172093
ETHUSDT,1764518400004,0.00003707,3027.88000000
ETHUSDT,1764547200000,0.00005374,2990.24148837
ETHUSDT,1764576000004,0.00007757,2838.60395750
ETHUSDT,1764604800000,-0.00002535,2745.14208527
ETHUSDT,1764633600004,0.00006949,2797.62505426
ETHUSDT,1764662400000,0.00005552,2804.33772093
ETHUSDT,1764691200000,0.00004147,3005.55000000
ETHUSDT,1764720000000,0.00004698,2994.63000000
ETHUSDT,1764748800000,0.00001107,3056.40000000
ETHUSDT,1764777600005,0.00005015,3084.84000000
ETHUSDT,1764806400012,0.00006305,3187.29982946
ETHUSDT,1764835200000,0.00010000,3189.02000000
ETHUSDT,1764864000011,0.00009628,3206.70000000
ETHUSDT,1764892800000,0.00002405,3132.00000000
ETHUSDT,1764921600000,0.00009771,3172.27000000
ETHUSDT,1764950400010,0.00004884,3105.37104264
ETHUSDT,1764979200001,0.00004481,3020.33458140
ETHUSDT,1765008000001,0.00000455,3024.98000000
ETHUSDT,1765036800008,0.00003188,3040.10000000
ETHUSDT,1765065600000,0.00003716,3036.53000000
ETHUSDT,1765094400004,-0.00000974,3036.00000000
ETHUSDT,1765123200000,0.00001448,3027.53720930
ETHUSDT,1765152000000,0.00002807,3058.13000000
ETHUSDT,1765180800000,0.00007240,3132.81955814
ETHUSDT,1765209600001,0.00004139,3099.69000000
ETHUSDT,1765238400001,0.00005283,3123.15000000
ETHUSDT,1765267200001,0.00006214,3120.99000000
ETHUSDT,1765296000007,0.00003873,3244.57465116
ETHUSDT,1765324800007,0.00010000,3316.50000000
ETHUSDT,1765353600002,0.00007429,3325.66941860
ETHUSDT,1765382400012,0.00003462,3326.70315504
ETHUSDT,1765411200001,0.00006920,3322.84322481
ETHUSDT,1765440000000,0.00000138,3200.04512831
ETHUSDT,1765468800000,0.00002616,3178.20453488
ETHUSDT,1765497600005,-0.00000248,3235.78000000
ETHUSDT,1765526400007,0.00003217,3245.00000000
ETHUSDT,1765555200002,-0.00000236,3072.10405814
ETHUSDT,1765584000001,0.00000107,3083.34000000
ETHUSDT,1765612800006,-0.00001354,3093.20392793
ETHUSDT,1765641600000,0.00003292,3108.65233270
ETHUSDT,1765670400000,0.00008266,3113.00076744
ETHUSDT,1765699200003,0.00004872,3113.88258140
ETHUSDT,1765728000005,0.00008259,3083.33000000
ETHUSDT,1765756800000,0.00006154,3061.33000000
ETHUSDT,1765785600000,0.00003415,3127.34000000
ETHUSDT,1765814400000,0.00002051,3009.47985565
ETHUSDT,1765843200002,-0.00000641,2963.26000000
ETHUSDT,1765872000000,0.00002281,2922.62000000
ETHUSDT,1765900800002,-0.00001870,2961.85000000
ETHUSDT,1765929600004,0.00000352,2960.73833333
ETHUSDT,1765958400000,0.00003718,2946.59000000
ETHUSDT,1765987200000,0.00000086,2903.39000000
ETHUSDT,1766016000005,-0.00001833,2832.00000000
ETHUSDT,1766044800007,-0.00003186,2834.98000000
ETHUSDT,1766073600001,0.00005890,2964.16000000
ETHUSDT,1766102400000,0.00005783,2827.28557364
ETHUSDT,1766131200001,0.00007285,2950.56593023
ETHUSDT,1766160000000,0.00009196,2963.53419006
ETHUSDT,1766188800005,0.00001997,2978.40965891
ETHUSDT,1766217600000,0.00001909,2980.30465891
ETHUSDT,1766246400002,0.00000903,2975.58000000
ETHUSDT,1766275200000,0.00001836,2976.54000000
ETHUSDT,1766304000009,0.00004198,2979.86175194
ETHUSDT,1766332800000,0.00000337,2973.41665891
ETHUSDT,1766361600000,-0.00002332,3000.72510853
ETHUSDT,1766390400005,0.00000576,3028.38000000
ETHUSDT,1766419200009,-0.00000569,3051.42631783
ETHUSDT,1766448000000,0.00003812,3008.10000000
ETHUSDT,1766476800000,0.00006790,2963.57000000
ETHUSDT,1766505600001,0.00002640,2927.74589922
ETHUSDT,1766534400001,0.00002584,2963.29000000
ETHUSDT,1766563200001,0.00006186,2931.36000000
ETHUSDT,1766592000000,0.00005629,2924.43882171
ETHUSDT,1766620800000,0.00006527,2946.23000000
ETHUSDT,1766649600001,0.00006688,2940.84000000
ETHUSDT,1766678400005,0.00004970,2959.48000000
ETHUSDT,1766707200004,0.00005028,2902.63771318
ETHUSDT,1766736000001,0.00006473,2955.52842636
ETHUSDT,1766764800007,0.00003451,2921.51000000
ETHUSDT,1766793600000,0.00004038,2926.82235365
ETHUSDT,1766822400000,-0.00000519,2931.47000000
ETHUSDT,1766851200011,0.00008133,2925.53000000
ETHUSDT,1766880000008,0.00005105,2947.61000000
ETHUSDT,1766908800000,0.00007910,2937.78866667
ETHUSDT,1766937600000,0.00004862,2948.08154264
ETHUSDT,1766966400016,0.00009172,2949.59000000
ETHUSDT,1766995200001,0.00008496,3018.46000000
ETHUSDT,1767024000000,0.00001862,2934.04247287
ETHUSDT,1767052800005,-0.00001536,2936.46000000
ETHUSDT,1767081600001,0.00003920,2949.50734964
ETHUSDT,1767110400003,0.00010000,2988.49000000
ETHUSDT,1767139200004,0.00005157,2972.28718605
ETHUSDT,1767168000001,0.00001205,2975.56608527
ETHUSDT,1767196800001,0.00003527,2984.30000000
ETHUSDT,1767225600008,0.00010000,2970.46519820
ETHUSDT,1767254400002,0.00008799,2977.34010078
ETHUSDT,1767283200001,-0.00000560,2988.45000000
ETHUSDT,1767312000006,0.00005053,3002.50000000
ETHUSDT,1767340800007,0.00003090,3016.99000000
ETHUSDT,1767369600000,0.00010000,3085.09000000
ETHUSDT,1767398400001,0.00005187,3123.89000000
ETHUSDT,1767427200000,0.00003421,3089.51000000
ETHUSDT,1767456000000,0.00003231,3099.91000000
ETHUSDT,1767484800000,0.00007598,3125.59455039
ETHUSDT,1767513600000,0.00000212,3139.60639535
ETHUSDT,1767542400001,0.00007231,3134.42257364
ETHUSDT,1767571200000,0.00007926,3143.75382171
ETHUSDT,1767600000000,0.00000966,3156.17000000
ETHUSDT,1767628800000,0.00005085,3195.50585806
ETHUSDT,1767657600010,0.00008035,3223.72000000
ETHUSDT,1767686400000,0.00006876,3218.05831783
ETHUSDT,1767715200000,0.00004250,3270.74000000
ETHUSDT,1767744000001,0.00007658,3295.45000000
ETHUSDT,1767772800001,0.00007268,3254.00000000
ETHUSDT,1767801600001,0.00003902,3163.52000000
ETHUSDT,1767830400001,0.00007044,3167.31000000
ETHUSDT,1767859200000,0.00007658,3126.43916279
ETHUSDT,1767888000000,0.00000049,3103.45000000
ETHUSDT,1767916800003,0.00006634,3105.14000000
ETHUSDT,1767945600000,0.00003789,3109.75000000
ETHUSDT,1767974400001,0.00005562,3111.39000000
ETHUSDT,1768003200000,0.00008959,3087.15000000
ETHUSDT,1768032000002,0.00010000,3091.50000000
ETHUSDT,1768060800001,0.00005277,3094.12000000
ETHUSDT,1768089600003,0.00009824,3085.47162016
ETHUSDT,1768118400006,0.00006573,3094.03000000
ETHUSDT,1768147200000,0.00005876,3117.21564341
ETHUSDT,1768176000005,0.00010000,3122.46500775
ETHUSDT,1768204800000,0.00003472,3133.95000000
ETHUSDT,1768233600000,0.00006663,3128.99000000
ETHUSDT,1768262400007,0.00004704,3093.98831783
ETHUSDT,1768291200009,0.00009164,3121.08000000
ETHUSDT,1768320000002,0.00002672,3183.10000000
ETHUSDT,1768348800000,0.00010000,3324.69000000
ETHUSDT,1768377600001,0.00010000,3334.88000000
ETHUSDT,1768406400004,0.00008331,3344.20000000
ETHUSDT,1768435200000,0.00005358,3353.28000000
ETHUSDT,1768464000004,0.00000658,3328.64000000
ETHUSDT,1768492800002,0.00009722,3330.13646124
ETHUSDT,1768521600000,0.00003284,3317.02828682
ETHUSDT,1768550400000,0.00003558,3308.16000000
ETHUSDT,1768579200001,0.00002767,3263.05000000
ETHUSDT,1768608000000,0.00008371,3294.69000000
ETHUSDT,1768636800000,0.00008079,3290.17573643
ETHUSDT,1768665600002,0.00006017,3328.13000000
ETHUSDT,1768694400001,0.00003761,3308.91089147
ETHUSDT,1768723200000,0.00001351,3305.66000000
ETHUSDT,1768752000000,0.00002477,3332.52959941
ETHUSDT,1768780800007,0.00005221,3283.10320930
ETHUSDT,1768809600007,-0.00001140,3205.71000000
ETHUSDT,1768838400007,0.00001428,3214.56658915
ETHUSDT,1768867200005,0.00008611,3188.17400901
ETHUSDT,1768896000001,0.00006101,3121.56937209
ETHUSDT,1768924800009,0.00001232,3031.71069767
ETHUSDT,1768953600001,0.00000552,2938.29662016
ETHUSDT,1768982400011,0.00000530,2969.25408527
ETHUSDT,1769011200011,0.00001113,3001.22000000
ETHUSDT,1769040000010,0.00002119,2980.80246512
ETHUSDT,1769068800003,0.00007681,3000.01000000
ETHUSDT,1769097600005,-0.00002933,2941.55707752
ETHUSDT,1769126400005,0.00001674,2951.21000000
ETHUSDT,1769155200000,0.00002868,2946.97571318
ETHUSDT,1769184000011,0.00005045,2951.24000000
ETHUSDT,1769212800011,0.00003675,2955.08000000
ETHUSDT,1769241600002,0.00001171,2956.00000000
ETHUSDT,1769270400001,0.00001292,2955.54000000
ETHUSDT,1769299200002,0.00004065,2952.08000000
ETHUSDT,1769328000011,0.00006759,2938.43000000
ETHUSDT,1769356800005,0.00004059,2925.57100775
ETHUSDT,1769385600000,-0.00013629,2815.96000000
ETHUSDT,1769414400003,0.00006540,2903.00000000
ETHUSDT,1769443200000,0.00001326,2898.08531008
ETHUSDT,1769472000002,0.00007255,2928.90000000
ETHUSDT,1769500800000,0.00008694,2927.95000000
ETHUSDT,1769529600000,0.00009488,2936.46734964
ETHUSDT,1769558400000,0.00008698,3024.92000000
ETHUSDT,1769587200000,0.00009559,3004.06000000
ETHUSDT,1769616000000,0.00004501,3006.11000000
ETHUSDT,1769644800000,0.00004731,3009.43262791
ETHUSDT,1769673600009,0.00004078,2960.11000000
ETHUSDT,1769702400000,-0.00001167,2822.98037690
ETHUSDT,1769731200008,0.00000473,2821.16860465
ETHUSDT,1769760000000,-0.00000308,2738.97818605
ETHUSDT,1769788800001,-0.00000056,2728.23081395
ETHUSDT,1769817600000,-0.00007003,2705.70828682
ETHUSDT,1769846400001,0.00001854,2678.85000000
ETHUSDT,1769875200009,-0.00008908,2532.73000000
ETHUSDT,1769904000001,-0.00016427,2450.28496124
ETHUSDT,1769932800004,0.00001415,2410.09168992
ETHUSDT,1769961600000,-0.00007308,2313.97000000
ETHUSDT,1769990400000,-0.00015302,2269.04000000
ETHUSDT,1770019200014,-0.00008208,2227.81549612
ETHUSDT,1770048000000,-0.00010921,2370.86000000
ETHUSDT,1770076800000,-0.00015482,2345.61148757
ETHUSDT,1770105600007,0.00001010,2322.00000000
ETHUSDT,1770134400000,-0.00003903,2302.36555814
ETHUSDT,1770163200002,-0.00002474,2232.23000000
ETHUSDT,1770192000007,0.00002076,2282.97981395
ETHUSDT,1770220800000,-0.00006117,2150.29837610
ETHUSDT,1770249600011,0.00005503,2147.46000000
ETHUSDT,1770278400000,-0.00000504,2090.27147955
ETHUSDT,1770307200007,-0.00007797,1959.31603876
ETHUSDT,1770336000000,-0.00027709,1825.43212403
ETHUSDT,1770364800001,-0.00008430,1897.98374419
ETHUSDT,1770393600000,0.00001852,1979.44000000
ETHUSDT,1770422400003,0.00010000,2062.55000000
ETHUSDT,1770451200000,-0.00000183,2027.29000000
ETHUSDT,1770480000010,0.00001636,2051.48000000
ETHUSDT,1770508800003,0.00002665,2086.11494387
ETHUSDT,1770537600000,-0.00003046,2083.49000000
ETHUSDT,1770566400000,-0.00005398,2107.30000000
ETHUSDT,1770595200002,-0.00004033,2088.75428682
ETHUSDT,1770624000001,-0.00004865,2064.47652713
ETHUSDT,1770652800007,-0.00000334,2060.83712403
ETHUSDT,1770681600000,0.00004269,2103.96000000
ETHUSDT,1770710400007,-0.00015210,2006.06000000
ETHUSDT,1770739200000,-0.00019437,2021.35000000
ETHUSDT,1770768000000,-0.00008436,2021.51000000
ETHUSDT,1770796800006,-0.00012968,1949.68625581
ETHUSDT,1770825600000,-0.00012326,1928.52912403
ETHUSDT,1770854400000,-0.00002549,1941.76651938
ETHUSDT,1770883200001,0.00002239,1968.92914729
ETHUSDT,1770912000001,-0.00004103,1947.61516279
ETHUSDT,1770940800007,-0.00010652,1947.15000000
ETHUSDT,1770969600003,-0.00002874,1934.88000000
ETHUSDT,1770998400005,0.00004260,2033.96000000
ETHUSDT,1771027200002,-0.00000268,2047.88078619
ETHUSDT,1771056000004,0.00001442,2056.14024806
ETHUSDT,1771084800002,-0.00001921,2086.68243384
ETHUSDT,1771113600000,-0.00006367,2085.43000000
ETHUSDT,1771142400002,0.00006204,2090.58000000
ETHUSDT,1771171200000,-0.00007550,2010.49714729
ETHUSDT,1771200000001,-0.00005314,1965.48000000
ETHUSDT,1771228800003,-0.00005925,1970.21229457
ETHUSDT,1771257600000,-0.00003499,1955.64000000
ETHUSDT,1771286400008,0.00005298,1997.35000000
ETHUSDT,1771315200001,0.00000843,1984.85000000
ETHUSDT,1771344000002,-0.00004733,1967.70000000
ETHUSDT,1771372800000,0.00001121,1990.67000000
ETHUSDT,1771401600000,-0.00003783,2017.19000000
ETHUSDT,1771430400011,-0.00000866,1984.71284496
ETHUSDT,1771459200013,-0.00010561,1954.81500775
ETHUSDT,1771488000000,-0.00003009,1980.92974419
ETHUSDT,1771516800003,-0.00007865,1925.28112403
ETHUSDT,1771545600000,-0.00004637,1948.15000000
ETHUSDT,1771574400000,-0.00003190,1959.93202326
ETHUSDT,1771603200000,-0.00007160,1963.06000000
ETHUSDT,1771632000004,0.00003050,1967.91587597
ETHUSDT,1771660800000,0.00004592,1962.01000000
ETHUSDT,1771689600005,0.00006628,1987.20836006
ETHUSDT,1771718400001,0.00003845,1972.79506202
ETHUSDT,1771747200004,0.00001584,1975.00000000
ETHUSDT,1771776000000,-0.00004379,1953.10791099
ETHUSDT,1771804800001,-0.00003343,1957.01000000
ETHUSDT,1771833600000,-0.00036526,1884.29258140
ETHUSDT,1771862400000,0.00001654,1895.00985271
ETHUSDT,1771891200007,0.00002610,1855.60082171
ETHUSDT,1771920000000,-0.00004446,1824.77000000
ETHUSDT,1771948800001,-0.00002974,1846.81313953
ETHUSDT,1771977600001,-0.00002455,1851.10000000
ETHUSDT,1772006400007,0.00004558,1892.48311628
ETHUSDT,1772035200000,0.00005753,2012.98563566
ETHUSDT,1772064000000,0.00007787,2056.85373643
ETHUSDT,1772092800006,-0.00002591,2052.48000000
ETHUSDT,1772121600002,0.00003926,2032.33000000
ETHUSDT,1772150400007,0.00001390,2026.70000000
ETHUSDT,1772179200000,0.00000334,2031.54000000
ETHUSDT,1772208000001,-0.00011015,1947.49694066
ETHUSDT,1772236800000,-0.00008821,1928.71803128
ETHUSDT,1772265600000,-0.00009456,1865.63000000
ETHUSDT,1772294400004,-0.00007186,1897.78000000
ETHUSDT,1772323200005,-0.00003406,1963.60241085
ETHUSDT,1772352000000,0.00004986,2006.28889147
ETHUSDT,1772380800002,0.00005291,1992.10000000
ETHUSDT,1772409600001,-0.00007621,1938.57000000
ETHUSDT,1772438400007,-0.00004310,1940.25000000
ETHUSDT,1772467200000,-0.00006736,2046.41481395
ETHUSDT,1772496000000,0.00004930,2026.70000000
ETHUSDT,1772524800000,-0.00002809,1995.33233761
ETHUSDT,1772553600007,-0.00009532,1968.23864074
ETHUSDT,1772582400001,-0.00000392,1981.85000000
ETHUSDT,1772611200005,-0.00007107,2006.39296124
ETHUSDT,1772640000000,0.00006615,2149.30000000
ETHUSDT,1772668800000,-0.00001331,2126.39948837
ETHUSDT,1772697600000,-0.00000837,2104.43954264
ETHUSDT,1772726400004,-0.00001463,2086.19674419
ETHUSDT,1772755200001,0.00004376,2072.10115504
ETHUSDT,1772784000001,-0.00002383,2081.89000000
ETHUSDT,1772812800004,-0.00009858,1976.72941860
ETHUSDT,1772841600001,-0.00004995,1977.78678295
ETHUSDT,1772870400012,-0.00000916,1982.18000000
ETHUSDT,1772899200001,-0.00002260,1980.18000000
ETHUSDT,1772928000001,-0.00004775,1968.40000000
ETHUSDT,1772956800000,-0.00008766,1954.22631783
ETHUSDT,1772985600002,-0.00007522,1942.16876744
ETHUSDT,1773014400000,-0.00022545,1936.17904170
ETHUSDT,1773043200004,0.00002557,1982.61000000
ETHUSDT,1773072000003,0.00005482,2021.88922481
ETHUSDT,1773100800012,0.00004253,1992.63307752
ETHUSDT,1773129600002,0.00005082,2049.99000000
ETHUSDT,1773158400001,0.00002672,2078.40825581
ETHUSDT,1773187200000,-0.00000394,2035.59637984
ETHUSDT,1773216000007,-0.00000074,2011.58000000
ETHUSDT,1773244800010,0.00002992,2048.84000000
ETHUSDT,1773273600000,0.00000902,2051.23000000
ETHUSDT,1773302400000,-0.00006811,2039.95117054
ETHUSDT,1773331200000,-0.00001513,2071.52148062
ETHUSDT,1773360000006,0.00002264,2072.68000000
ETHUSDT,1773388800001,-0.00000063,2098.45000000
ETHUSDT,1773417600000,0.00002099,2127.21085271
ETHUSDT,1773446400001,0.00002679,2091.60681395
ETHUSDT,1773475200000,-0.00002367,2076.46232663
ETHUSDT,1773504000007,-0.00004100,2073.66222481
ETHUSDT,1773532800000,-0.00004662,2095.28000000
ETHUSDT,1773561600000,0.00001371,2104.96000000
ETHUSDT,1773590400000,0.00003459,2092.93000000
ETHUSDT,1773619200000,0.00007611,2177.73000000
ETHUSDT,1773648000010,0.00010000,2248.44000000
ETHUSDT,1773676800000,0.00007073,2272.54772868
ETHUSDT,1773705600000,0.00005155,2351.67000000
ETHUSDT,1773734400002,0.00001964,2327.07070543
ETHUSDT,1773763200011,-0.00001057,2314.99991473
ETHUSDT,1773792000002,0.00001504,2316.45000000
ETHUSDT,1773820800002,0.00001301,2316.60000000
ETHUSDT,1773849600005,-0.00001399,2186.25000000
ETHUSDT,1773878400000,-0.00000380,2202.12897674
ETHUSDT,1773907200003,-0.00000871,2165.24121318
ETHUSDT,1773936000003,0.00000066,2117.61000000
ETHUSDT,1773964800002,-0.00006348,2136.68000000
ETHUSDT,1773993600000,-0.00005947,2149.38421705
ETHUSDT,1774022400000,-0.00000072,2133.08000000
ETHUSDT,1774051200000,0.00002359,2145.21475969
ETHUSDT,1774080000000,0.00001136,2154.40000000
ETHUSDT,1774108800014,0.00002063,2154.26000000
ETHUSDT,1774137600012,-0.00001052,2084.01704651
ETHUSDT,1774166400007,0.00001140,2092.89450388
ETHUSDT,1774195200002,-0.00007418,2082.05246512
ETHUSDT,1774224000000,-0.00005929,2052.99970543
ETHUSDT,1774252800003,-0.00000316,2043.32076744
ETHUSDT,1774281600002,0.00006110,2127.55000000
ETHUSDT,1774310400000,0.00002880,2151.06048062
ETHUSDT,1774339200000,0.00002122,2164.49000000
ETHUSDT,1774368000003,-0.00002682,2134.52000000
ETHUSDT,1774396800000,0.00003540,2155.29000000
ETHUSDT,1774425600000,-0.00004168,2163.70000000
ETHUSDT,1774454400013,0.00000527,2161.67000000
ETHUSDT,1774483200001,0.00004453,2168.08242636
ETHUSDT,1774512000001,0.00000715,2122.43552713
ETHUSDT,1774540800000,-0.00008212,2069.59154264
ETHUSDT,1774569600006,-0.00000208,2059.18000000
ETHUSDT,1774598400000,-0.00005164,2064.86000000
ETHUSDT,1774627200000,-0.00018104,1990.35509302
ETHUSDT,1774656000005,-0.00004999,1991.75000000
ETHUSDT,1774684800005,-0.00008079,2005.96252713
ETHUSDT,1774713600000,0.00000045,2025.69879845
ETHUSDT,1774742400003,-0.00001122,1993.66239374
ETHUSDT,1774771200001,-0.00003677,2005.00000000
ETHUSDT,1774800000000,-0.00003760,1991.80000000
ETHUSDT,1774828800000,-0.00002586,1983.27000000
ETHUSDT,1774857600005,0.00001177,2058.86000000
ETHUSDT,1774886400000,0.00004113,2073.54000000
ETHUSDT,1774915200000,0.00000257,2025.69000000
ETHUSDT,1774944000000,0.00001748,2055.00000000
ETHUSDT,1774972800000,-0.00000962,2053.67000000
ETHUSDT,1775001600000,-0.00000257,2104.65000000
ETHUSDT,1775030400000,0.00004782,2130.24000000
ETHUSDT,1775059200000,0.00004428,2134.01000000
ETHUSDT,1775088000003,-0.00008956,2138.81169607
ETHUSDT,1775116800001,-0.00013372,2054.80000000
ETHUSDT,1775145600001,-0.00007283,2058.84375194
ETHUSDT,1775174400000,-0.00002988,2056.16189922
ETHUSDT,1775203200008,0.00000637,2064.90000000
ETHUSDT,1775232000008,-0.00000958,2050.31030233
ETHUSDT,1775260800000,-0.00000030,2053.00000000
ETHUSDT,1775289600003,0.00004915,2052.73000000
ETHUSDT,1775318400000,0.00000735,2055.16693694
ETHUSDT,1775347200008,0.00002442,2064.43732558
ETHUSDT,1775376000000,0.00000623,2036.27572693
ETHUSDT,1775404800001,-0.00004340,2053.27900962
ETHUSDT,1775433600004,0.00002356,2109.35000000
ETHUSDT,1775462400001,0.00006201,2134.02000000
ETHUSDT,1775491200003,0.00002033,2163.49493798
ETHUSDT,1775520000000,-0.00003933,2106.37611628
ETHUSDT,1775548800000,-0.00002975,2103.19301123
ETHUSDT,1775577600000,0.00001031,2079.37158140
ETHUSDT,1775606400000,0.00010000,2239.40704651
ETHUSDT,1775635200000,0.00005834,2252.81156757
ETHUSDT,1775664000006,0.00006711,2214.57000000
ETHUSDT,1775692800000,0.00003320,2189.13055734
ETHUSDT,1775721600010,-0.00001493,2179.96000000
ETHUSDT,1775750400001,0.00001917,2217.00000000
ETHUSDT,1775779200000,0.00001250,2189.27786822
ETHUSDT,1775808000005,0.00000283,2178.62000000
ETHUSDT,1775836800000,-0.00000448,2222.95000000
ETHUSDT,1775865600000,-0.00006627,2243.90127718
ETHUSDT,1775894400000,-0.00007635,2231.68000000
ETHUSDT,1775923200003,-0.00003260,2248.51793023
ETHUSDT,1775952000000,0.00008271,2283.85000000
ETHUSDT,1775980800000,-0.00003576,2217.04066961
ETHUSDT,1776009600000,-0.00005477,2185.27000000
ETHUSDT,1776038400011,-0.00000986,2190.46409383
ETHUSDT,1776067200006,0.00003028,2185.50000000
ETHUSDT,1776096000000,0.00003014,2208.26037209
ETHUSDT,1776124800005,0.00010000,2368.81000000
ETHUSDT,1776153600003,0.00010000,2376.97000000
ETHUSDT,1776182400001,0.00003490,2363.42000000
ETHUSDT,1776211200000,0.00001802,2321.24203101
ETHUSDT,1776240000000,0.00001648,2315.53000000
ETHUSDT,1776268800000,0.00000261,2331.16779070
ETHUSDT,1776297600013,-0.00001717,2358.87000000
ETHUSDT,1776326400000,-0.00005141,2340.52567442
ETHUSDT,1776355200000,-0.00003792,2337.75872093
ETHUSDT,1776384000001,0.00000861,2347.05294574
ETHUSDT,1776412800011,0.00000822,2333.23000000
ETHUSDT,1776441600001,0.00001819,2440.71000000
ETHUSDT,1776470400001,-0.00002327,2418.04379845
ETHUSDT,1776499200006,-0.00001075,2402.51363566
ETHUSDT,1776528000000,-0.00015064,2361.98000000
ETHUSDT,1776556800002,-0.00010377,2349.03208527
ETHUSDT,1776585600010,-0.00011438,2314.27000000
ETHUSDT,1776614400001,-0.00022976,2329.46000000
ETHUSDT,1776643200000,-0.00000927,2261.93000000
ETHUSDT,1776672000000,-0.00001408,2296.83000000
ETHUSDT,1776700800001,0.00000810,2312.71000000
ETHUSDT,1776729600000,-0.00004382,2312.60000000
ETHUSDT,1776758400004,-0.00003720,2316.96000000
ETHUSDT,1776787200004,-0.00003676,2309.31000000
ETHUSDT,1776816000004,-0.00002128,2326.13000000
ETHUSDT,1776844800000,0.00010000,2389.25000000
ETHUSDT,1776873600000,0.00007797,2402.68000000
ETHUSDT,1776902400000,0.00010000,2373.05000000
ETHUSDT,1776931200000,-0.00001984,2342.82000000
ETHUSDT,1776960000004,-0.00006025,2332.23521652
ETHUSDT,1776988800006,-0.00003645,2329.03075676
ETHUSDT,1777017600000,-0.00006980,2310.49000000
ETHUSDT,1777046400000,-0.00012145,2322.99572805
ETHUSDT,1777075200000,-0.00004387,2313.88000000
ETHUSDT,1777104000002,-0.00002141,2315.40000000
ETHUSDT,1777132800002,-0.00004431,2306.77290698
ETHUSDT,1777161600003,-0.00001131,2318.21440310
ETHUSDT,1777190400007,-0.00001931,2330.21000000
ETHUSDT,1777219200004,-0.00002842,2347.02646512
ETHUSDT,1777248000004,-0.00006636,2368.51000000
ETHUSDT,1777276800000,-0.00007865,2314.42000000
ETHUSDT,1777305600002,-0.00007593,2273.98913953
ETHUSDT,1777334400001,-0.00016104,2302.29286047
ETHUSDT,1777363200000,-0.00011678,2286.49000000
ETHUSDT,1777392000004,0.00000025,2278.66517829
ETHUSDT,1777420800006,0.00002842,2288.37000000
ETHUSDT,1777449600011,0.00004666,2322.88062791
ETHUSDT,1777478400003,0.00004782,2270.97000000
ETHUSDT,1777507200002,-0.00006092,2251.52000000
ETHUSDT,1777536000000,-0.00004636,2258.99000000
ETHUSDT,1777564800000,-0.00007717,2264.65000000
ETHUSDT,1777593600000,-0.00004000,2256.49000000
ETHUSDT,1777622400005,-0.00001877,2278.55000000
ETHUSDT,1777651200000,-0.00002131,2306.97617054
ETHUSDT,1777680000006,-0.00000436,2294.58083658
ETHUSDT,1777708800000,-0.00003820,2299.77000000
ETHUSDT,1777737600010,-0.00000388,2307.94787639
ETHUSDT,1777766400005,0.00003520,2315.94772654
ETHUSDT,1777795200003,-0.00001628,2308.19000000
ETHUSDT,1777824000000,0.00008747,2327.28890537
ETHUSDT,1777852800000,0.00004305,2321.67000000
ETHUSDT,1777881600000,0.00008648,2361.95456757
ETHUSDT,1777910400003,-0.00000209,2348.55000000
ETHUSDT,1777939200000,-0.00001957,2346.11000000
ETHUSDT,1777968000011,-0.00002410,2379.29967295
ETHUSDT,1777996800000,-0.00006520,2379.74000000
ETHUSDT,1778025600010,-0.00002041,2359.47060465
ETHUSDT,1778054400000,-0.00009447,2370.64217723
ETHUSDT,1778083200002,-0.00005114,2358.01905426
ETHUSDT,1778112000000,-0.00006585,2349.72656375
ETHUSDT,1778140800000,-0.00011993,2343.72275969
ETHUSDT,1778169600004,-0.00004319,2293.25000000
ETHUSDT,1778198400003,-0.00000968,2289.92000000
ETHUSDT,1778227200002,-0.00002849,2280.05375969
ETHUSDT,1778256000003,-0.00003358,2292.29000000
ETHUSDT,1778284800000,0.00006199,2306.16622088
ETHUSDT,1778313600001,0.00004314,2313.53673346
ETHUSDT,1778342400002,0.00008760,2316.81679070
ETHUSDT,1778371200003,0.00010000,2325.31050450
ETHUSDT,1778400000000,0.00008268,2326.30384685
ETHUSDT,1778428800000,0.00006714,2346.78000000
ETHUSDT,1778457600000,0.00007463,2370.21000000
ETHUSDT,1778486400000,0.00001995,2329.52000000
ETHUSDT,1778515200000,0.00003355,2332.40000000
ETHUSDT,1778544000002,0.00003946,2338.62000000
ETHUSDT,1778572800008,0.00000708,2294.19661187
ETHUSDT,1778601600000,0.00003956,2260.94334109
ETHUSDT,1778630400010,0.00001323,2273.89015504
ETHUSDT,1778659200003,0.00005046,2300.12000000
ETHUSDT,1778688000001,0.00000545,2235.69406202
ETHUSDT,1778716800005,0.00005942,2257.56153153
ETHUSDT,1778745600000,0.00005526,2264.23000000
ETHUSDT,1778774400000,0.00003946,2297.79276263
ETHUSDT,1778803200000,-0.00000693,2282.06000000
ETHUSDT,1778832000016,0.00000388,2263.95515504
ETHUSDT,1778860800012,0.00001397,2222.07602137
ETHUSDT,1778889600005,0.00007065,2223.66000000
ETHUSDT,1778918400000,0.00004496,2193.64284685
ETHUSDT,1778947200005,0.00006508,2178.96686047
ETHUSDT,1778976000000,0.00007161,2179.66177626
ETHUSDT,1779004800010,0.00004855,2185.55332432
ETHUSDT,1779033600009,0.00005341,2185.49000000
ETHUSDT,1779062400007,0.00001925,2129.97725581
ETHUSDT,1779091200002,0.00000652,2119.54518605
ETHUSDT,1779120000007,0.00005159,2106.66000000
ETHUSDT,1779148800001,0.00010000,2129.07768645
ETHUSDT,1779177600001,0.00005687,2139.98153195
ETHUSDT,1779206400009,0.00003588,2109.37000000
ETHUSDT,1779235200001,0.00005523,2111.00000000
ETHUSDT,1779264000006,0.00003051,2128.80000000
ETHUSDT,1779292800000,0.00005290,2135.90934643
ETHUSDT,1779321600001,0.00005867,2128.60000000
ETHUSDT,1779350400000,0.00002532,2134.06349612
ETHUSDT,1779379200000,0.00003837,2131.54118290
ETHUSDT,1779408000000,0.00004926,2132.90000000
ETHUSDT,1779436800004,0.00003093,2127.51238739
ETHUSDT,1779465600001,0.00005943,2118.51000000
ETHUSDT,1779494400009,0.00005720,2064.98000000
ETHUSDT,1779523200001,0.00004466,2027.49017829
ETHUSDT,1779552000003,0.00006360,2059.46097674
ETHUSDT,1779580800011,0.00008020,2116.74018605
ETHUSDT,1779609600008,0.00008039,2120.25000000
ETHUSDT,1779638400000,0.00004195,2095.10000000
ETHUSDT,1779667200001,0.00005359,2098.74000000
ETHUSDT,1779696000001,0.00005508,2115.29000000
ETHUSDT,1779724800001,0.00003249,2126.01000000
ETHUSDT,1779753600000,0.00003458,2111.73914595
ETHUSDT,1779782400003,0.00003793,2094.42855039
ETHUSDT,1779811200000,0.00003408,2086.29189922
ETHUSDT,1779840000000,0.00007351,2072.81908108
ETHUSDT,1779868800004,0.00003072,2082.82949612
ETHUSDT,1779897600009,0.00006097,2070.86000000
ETHUSDT,1779926400001,0.00002421,2023.74209302
ETHUSDT,1779955200000,0.00002543,1994.32491473
ETHUSDT,1779984000001,0.00002984,1989.83351938
ETHUSDT,1780012800000,0.00008553,2009.05085271
ETHUSDT,1780041600001,0.00007040,2006.61951938
ETHUSDT,1780070400008,0.00006595,2030.83000000
ETHUSDT,1780099200000,0.00004540,2013.41068217
ETHUSDT,1780128000001,0.00006842,2015.38418018
ETHUSDT,1780156800000,0.00005705,2025.95000000
ETHUSDT,1780185600000,0.00009397,2021.60352399
ETHUSDT,1780214400000,0.00007226,2023.13000000
ETHUSDT,1780243200004,0.00001691,2009.50000000
ETHUSDT,1780272000001,0.00006445,2006.31000000
ETHUSDT,1780300800001,0.00005339,1975.50624806
ETHUSDT,1780329600000,0.00009572,1967.67821705
ETHUSDT,1780358400000,0.00010000,2006.05918605
ETHUSDT,1780387200000,0.00010000,1980.90000000
ETHUSDT,1780416000000,0.00005699,1914.30556589
ETHUSDT,1780444800013,0.00002021,1859.15000000
ETHUSDT,1780473600000,0.00009862,1877.56199225
ETHUSDT,1780502400001,0.00007361,1835.99000000
ETHUSDT,1780531200009,0.00007651,1812.45000000
ETHUSDT,1780560000000,0.00004482,1776.58986822
ETHUSDT,1780588800003,0.00003946,1776.07138332
ETHUSDT,1780617600000,0.00004670,1770.00626704
ETHUSDT,1780646400004,-0.00003129,1678.49504651
ETHUSDT,1780675200009,-0.00007387,1582.68741860
ETHUSDT,1780704000000,-0.00007917,1582.45377519
ETHUSDT,1780732800000,-0.00003161,1574.54000000
ETHUSDT,1780761600000,-0.00003461,1559.71000000
ETHUSDT,1780790400001,-0.00006624,1568.65382171
ETHUSDT,1780819200000,-0.00010189,1614.22820155
ETHUSDT,1780848000000,0.00000472,1629.20000000
ETHUSDT,1780876800000,-0.00008235,1689.61651938
ETHUSDT,1780905600005,-0.00006599,1672.70000000
ETHUSDT,1780934400004,-0.00004515,1690.57000000
ETHUSDT,1780963200000,-0.00004506,1689.34211628
ETHUSDT,1780992000000,0.00000036,1679.19000000
ETHUSDT,1781020800001,-0.00005182,1636.00245736
ETHUSDT,1781049600001,-0.00004089,1638.64000000
ETHUSDT,1781078400011,-0.00004578,1639.32000000
ETHUSDT,1781107200009,-0.00003121,1657.11075194
ETHUSDT,1781136000000,-0.00003684,1620.76478295
ETHUSDT,1781164800004,0.00000754,1653.74918605
ETHUSDT,1781193600000,-0.00002432,1644.64000000
ETHUSDT,1781222400000,-0.00002404,1672.57000000
ETHUSDT,1781251200000,-0.00005854,1661.16000000
ETHUSDT,1781280000000,-0.00002216,1658.98000000
ETHUSDT,1781308800000,-0.00000631,1665.48000000
ETHUSDT,1781337600007,0.00003562,1675.52189147
ETHUSDT,1781366400002,0.00002664,1681.46893798
ETHUSDT,1781395200005,-0.00000644,1680.49144747
ETHUSDT,1781424000009,-0.00001080,1674.92628308
ETHUSDT,1781452800000,-0.00001919,1662.04000000
ETHUSDT,1781481600013,0.00002920,1724.83686047
ETHUSDT,1781510400013,-0.00000745,1715.65389922
ETHUSDT,1781539200004,0.00006867,1844.39000000
ETHUSDT,1781568000000,0.00002969,1795.18700000
ETHUSDT,1781596800000,-0.00002070,1773.26823256
ETHUSDT,1781625600001,0.00003160,1781.55242636
ETHUSDT,1781654400012,0.00003038,1792.32000000
ETHUSDT,1781683200000,0.00002339,1784.40000000
ETHUSDT,1781712000000,-0.00000737,1772.66861240
ETHUSDT,1781740800002,0.00004630,1749.84497674
ETHUSDT,1781769600000,0.00000687,1748.88811628
ETHUSDT,1781798400001,-0.00000691,1681.45000000
ETHUSDT,1781827200005,0.00006551,1710.18087597
ETHUSDT,1781856000001,-0.00002067,1695.15000000
ETHUSDT,1781884800001,-0.00000027,1706.91000000
ETHUSDT,1781913600001,0.00002505,1710.32427132
ETHUSDT,1781942400000,0.00003170,1725.16000000
ETHUSDT,1781971200001,0.00003209,1739.83814729
ETHUSDT,1782000000000,0.00002892,1740.13237209
ETHUSDT,1782028800000,0.00002602,1731.47858140
ETHUSDT,1782057600000,0.00000757,1729.90000000
ETHUSDT,1782086400000,0.00003880,1706.32900962
ETHUSDT,1782115200000,0.00001941,1745.76000000
ETHUSDT,1782144000002,0.00000789,1744.01000000
ETHUSDT,1782172800003,0.00002370,1727.36007752
ETHUSDT,1782201600005,0.00000335,1681.97000000
ETHUSDT,1782230400002,-0.00003854,1658.93058140
ETHUSDT,1782259200005,0.00004579,1666.39000000
ETHUSDT,1782288000005,0.00002212,1672.10217054
ETHUSDT,1782316800003,0.00000043,1617.82000000
ETHUSDT,1782345600000,0.00000542,1621.54000000
ETHUSDT,1782374400000,0.00004282,1656.49374098
ETHUSDT,1782403200000,-0.00008135,1569.43000000
ETHUSDT,1782432000010,-0.00001665,1566.87000000
ETHUSDT,1782460800002,-0.00001968,1579.92611628
ETHUSDT,1782489600000,0.00000522,1579.50000000
ETHUSDT,1782518400000,0.00001807,1577.86000000
ETHUSDT,1782547200000,-0.00000597,1584.81836808
ETHUSDT,1782576000009,0.00001769,1604.87000000
ETHUSDT,1782604800000,-0.00005389,1573.10000000
ETHUSDT,1782633600013,-0.00002947,1575.03000000
ETHUSDT,1782662400000,0.00001924,1579.85000000
ETHUSDT,1782691200006,-0.00000185,1571.17271318
ETHUSDT,1782720000013,0.00000216,1579.36000000
ETHUSDT,1782748800004,0.00002144,1579.56007752
ETHUSDT,1782777600000,0.00004490,1612.31918605
ETHUSDT,1782806400000,0.00004566,1591.67116279
ETHUSDT,1782835200005,0.00003059,1564.56000000
ETHUSDT,1782864000000,0.00006151,1571.48000000
ETHUSDT,1782892800000,0.00005330,1577.70000000
ETHUSDT,1782921600000,0.00002077,1619.44704651
ETHUSDT,1782950400000,0.00001960,1608.88000000
ETHUSDT,1782979200000,0.00005020,1615.58000000
ETHUSDT,1783008000000,0.00007321,1696.33000000
ETHUSDT,1783036800000,0.00007837,1699.94000000
ETHUSDT,1783065600007,0.00010000,1717.00000000
ETHUSDT,1783094400000,0.00005241,1730.43320930
ETHUSDT,1783123200000,0.00009748,1757.52903101
ETHUSDT,1783152000000,0.00007642,1757.61844961
ETHUSDT,1783180800007,0.00005167,1790.43000000
ETHUSDT,1783209600003,0.00007818,1779.98000000
ETHUSDT,1783238400001,0.00006162,1769.25858140
ETHUSDT,1783267200000,0.00004748,1773.91200775
ETHUSDT,1783296000000,0.00008332,1785.20895349
ETHUSDT,1783324800000,0.00004679,1771.44907752
ETHUSDT,1783353600000,0.00006963,1787.86000000
ETHUSDT,1783382400000,0.00007620,1798.84000000
ETHUSDT,1783411200000,0.00003271,1770.55000000
ETHUSDT,1783440000000,0.00004088,1796.73000000
ETHUSDT,1783468800000,0.00001519,1770.42000000
ETHUSDT,1783497600000,0.00002984,1756.00599225
ETHUSDT,1783526400000,0.00004537,1722.26238573
ETHUSDT,1783555200000,0.00007189,1742.68000000
ETHUSDT,1783584000001,0.00005342,1752.52930233
ETHUSDT,1783612800001,0.00002748,1738.61000000
ETHUSDT,1783641600000,0.00002613,1744.25797674
ETHUSDT,1783670400005,0.00003355,1772.50000000
ETHUSDT,1783699200005,0.00004632,1790.49000000
ETHUSDT,1783728000000,0.00005051,1796.03000000
ETHUSDT,1783756800000,0.00002190,1799.09901550
ETHUSDT,1783785600000,0.00006296,1814.11000000
ETHUSDT,1783814400000,0.00000646,1786.84562016
ETHUSDT,1783843200003,0.00000996,1797.97000000
ETHUSDT,1783872000000,0.00003016,1820.02386822
ETHUSDT,1783900800000,0.00002248,1805.93000000
ETHUSDT,1783929600001,0.00000542,1786.66000000
ETHUSDT,1783958400004,0.00001969,1776.04021705
ETHUSDT,1783987200000,0.00000126,1776.04445736
ETHUSDT,1784016000002,0.00003639,1780.10071318
ETHUSDT,1784044800001,0.00006925,1874.38000000
ETHUSDT,1784073600005,0.00003834,1890.79000000
ETHUSDT,1784102400002,0.00005006,1869.18749612
ETHUSDT,1784131200000,0.00008736,1931.01001550
ETHUSDT,1784160000000,0.00004350,1916.99717322
ETHUSDT,1784188800003,0.00006079,1909.96761427
ETHUSDT,1784217600002,0.00003526,1880.89000000
ETHUSDT,1784246400000,0.00006892,1863.80848062
ETHUSDT,1784275200010,0.00004774,1827.37000000
ETHUSDT,1784304000004,0.00002442,1830.20000000
ETHUSDT,1784332800000,0.00002552,1841.08000000
ETHUSDT,1784361600000,0.00003939,1843.43431008
ETHUSDT,1784390400001,0.00003042,1843.14000000
ETHUSDT,1784419200003,-0.00001262,1861.75000000
ETHUSDT,1784448000000,0.00004255,1869.35000000
ETHUSDT,1784476800001,0.00007448,1870.14404651
ETHUSDT,1784505600000,0.00002897,1871.49000000
ETHUSDT,1784534400001,0.00002124,1863.35000000
ETHUSDT,1784563200004,0.00002476,1901.67177519
ETHUSDT,1784592000001,0.00002585,1903.51539535
ETHUSDT,1784620800000,0.00004126,1933.31420930
ETHUSDT,1784649600002,0.00003598,1931.05158380
ETHUSDT,1784678400000,0.00001055,1929.30000000
ETHUSDT,1784707200000,0.00001429,1913.32614729
ETHUSDT,1784736000001,0.00006454,1942.33989922
ETHUSDT,1784764800000,0.00000414,1933.31000000
ETHUSDT,1784793600000,-0.00003313,1914.61000000
ETHUSDT,1784822400000,-0.00003252,1894.49000000
ETHUSDT,1784851200000,-0.00001139,1877.41000000
ETHUSDT,1784880000000,0.00001776,1895.00000000
ETHUSDT,1784908800008,0.00001716,1861.27000000
ETHUSDT,1784937600002,0.00005412,1860.65644961
ETHUSDT,1784966400000,0.00002278,1855.14522481
ETHUSDT,1784995200000,0.00003434,1867.04000000
ETHUSDT,1785024000000,-0.00001884,1873.95805426
ETHUSDT,1785052800002,0.00002358,1880.85000000
ETHUSDT,1785081600000,0.00001943,1913.97012403
ETHUSDT,1785110400010,0.00010000,1953.90018605
ETHUSDT,1785139200000,0.00008160,1963.58000000
ETHUSDT,1785168000001,0.00001607,1926.77000000
ETHUSDT,1785196800000,0.00001456,1891.48551323
ETHUSDT,1785225600000,-0.00003657,1882.77988372
ETHUSDT,1785254400000,0.00002816,1919.46104651
ETHUSDT,1785283200000,0.00005737,1921.17683721
ETHUSDT,1785312000002,0.00006871,1923.26640310
ETHUSDT,1785340800000,0.00002143,1891.45877519
ETHUSDT,1785369600000,0.00003854,1909.80514729
ETHUSDT,1785398400000,0.00004661,1902.38000000
ETHUSDT,1785427200000,0.00001990,1918.01699225
ETHUSDT,1785456000003,0.00005729,1917.38048062
ETHUSDT,1785484800000,0.00001208,1889.04277519
ETHUSDT,1785513600000,-0.00002045,1862.07726357
ETHUSDT,1785542400001,0.00006744,1861.69911628
ETHUSDT,1785571200000,0.00002308,1868.91000000
ETHUSDT,1785600000000,0.00005777,1869.20182883
ETHUSDT,1785628800000,0.00002775,1844.16000000
ETHUSDT,1785657600000,0.00005607,1875.32000000
ETHUSDT,1785686400000,0.00001434,1857.77000000
ETHUSDT,1785715200000,0.00010000,1884.38000000
ETHUSDT,1785744000000,-0.00000869,1842.99000000
ETHUSDT,1785772800000,0.00003664,1862.55382946
ETHUSDT,1785801600004,0.00005396,1859.78000000
ETHUSDT,1785830400002,0.00005342,1863.25552713
ETHUSDT,1785859200000,0.00007309,1872.25000000
ETHUSDT,1785888000003,0.00003467,1868.96170543
ETHUSDT,1785916800004,0.00000613,1871.85000000
ETHUSDT,1785945600000,0.00003054,1873.10000000
ETHUSDT,1785974400002,0.00000394,1908.00668217
