symbol,fundingTime,fundingRate,markPrice
SOLUSDT,1672531200000,-0.00092452,
SOLUSDT,1672560000008,-0.00039729,
SOLUSDT,1672588800000,-0.00097445,
SOLUSDT,1672617600000,-0.00105604,
SOLUSDT,1672646400008,-0.00073395,
SOLUSDT,1672675200015,-0.00036678,
SOLUSDT,1672704000003,-0.00137389,
SOLUSDT,1672732800018,-0.00322060,
SOLUSDT,1672761600000,-0.00820119,
SOLUSDT,1672790400000,-0.00349905,
SOLUSDT,1672819200016,-0.00927078,
SOLUSDT,1672848000011,-0.00145742,
SOLUSDT,1672876800009,-0.00197574,
SOLUSDT,1672905600011,-0.00017797,
SOLUSDT,1672934400000,-0.00035808,
SOLUSDT,1672963200005,-0.00286750,
SOLUSDT,1672992000001,-0.00005103,
SOLUSDT,1673020800000,-0.00097063,
SOLUSDT,1673049600006,-0.00063098,
SOLUSDT,1673078400017,-0.00008222,
SOLUSDT,1673107200000,-0.00049317,
SOLUSDT,1673136000015,-0.00032422,
SOLUSDT,1673164800000,-0.00041686,
SOLUSDT,1673193600010,-0.00023070,
SOLUSDT,1673222400003,-0.00022750,
SOLUSDT,1673251200000,0.00010000,
SOLUSDT,1673280000006,0.00010000,
SOLUSDT,1673308800003,0.00010000,
SOLUSDT,1673337600021,0.00010000,
SOLUSDT,1673366400000,-0.00015347,
SOLUSDT,1673395200011,-0.00024850,
SOLUSDT,1673424000006,-0.00001768,
SOLUSDT,1673452800004,0.00010000,
SOLUSDT,1673481600000,0.00010000,
SOLUSDT,1673510400000,0.00010000,
SOLUSDT,1673539200000,-0.00044772,
SOLUSDT,1673568000004,-0.00005616,
SOLUSDT,1673596800000,0.00002603,
SOLUSDT,1673625600018,-0.00058902,
SOLUSDT,1673654400000,0.00010000,
SOLUSDT,1673683200001,0.00027702,
SOLUSDT,1673712000000,0.00010000,
SOLUSDT,1673740800010,0.00023978,
SOLUSDT,1673769600002,0.00036502,
SOLUSDT,1673798400000,0.00012309,
SOLUSDT,1673827200010,0.00019979,
SOLUSDT,1673856000007,0.00041624,
SOLUSDT,1673884800000,0.00010000,
SOLUSDT,1673913600004,0.00012293,
SOLUSDT,1673942400005,0.00010000,
SOLUSDT,1673971200001,0.00010000,
SOLUSDT,1674000000008,0.00010000,
SOLUSDT,1674028800009,0.00010000,
SOLUSDT,1674057600017,0.00010000,
SOLUSDT,1674086400000,0.00010000,
SOLUSDT,1674115200015,0.00010000,
SOLUSDT,1674144000012,0.00010000,
SOLUSDT,1674172800000,0.00010000,
SOLUSDT,1674201600000,0.00010000,
SOLUSDT,1674230400000,0.00010000,
SOLUSDT,1674259200013,0.00010000,
SOLUSDT,1674288000001,0.00030268,
SOLUSDT,1674316800016,0.00010000,
SOLUSDT,1674345600000,0.00010000,
SOLUSDT,1674374400000,0.00010000,
SOLUSDT,1674403200023,0.00010000,
SOLUSDT,1674432000014,0.00010000,
SOLUSDT,1674460800014,0.00010000,
SOLUSDT,1674489600016,0.00010000,
SOLUSDT,1674518400008,0.00010000,
SOLUSDT,1674547200008,0.00013079,
SOLUSDT,1674576000000,0.00010000,
SOLUSDT,1674604800012,0.00010000,
SOLUSDT,1674633600000,0.00001239,
SOLUSDT,1674662400010,0.00010000,
SOLUSDT,1674691200010,0.00010000,
SOLUSDT,1674720000003,0.00010000,
SOLUSDT,1674748800020,0.00010000,
SOLUSDT,1674777600008,0.00010000,
SOLUSDT,1674806400000,0.00010000,
SOLUSDT,1674835200000,0.00010000,
SOLUSDT,1674864000009,0.00010000,
SOLUSDT,1674892800018,0.00013046,
SOLUSDT,1674921600005,0.00010000,
SOLUSDT,1674950400011,0.00010000,
SOLUSDT,1674979200000,0.00010000,
SOLUSDT,1675008000008,0.00010000,
SOLUSDT,1675036800001,0.00050275,
SOLUSDT,1675065600000,0.00010000,
SOLUSDT,1675094400000,0.00010000,
SOLUSDT,1675123200005,0.00010000,
SOLUSDT,1675152000000,0.00010000,
SOLUSDT,1675180800007,0.00010000,
SOLUSDT,1675209600013,0.00010000,
SOLUSDT,1675238400000,0.00010000,
SOLUSDT,1675267200012,0.00010000,
SOLUSDT,1675296000004,0.00010000,
SOLUSDT,1675324800023,0.00026236,
SOLUSDT,1675353600003,0.00010000,
SOLUSDT,1675382400010,0.00010000,
SOLUSDT,1675411200000,0.00006262,
SOLUSDT,1675440000000,0.00007317,
SOLUSDT,1675468800010,0.00010000,
SOLUSDT,1675497600000,0.00010000,
SOLUSDT,1675526400000,0.00010000,
SOLUSDT,1675555200016,0.00010000,
SOLUSDT,1675584000009,-0.00008182,
SOLUSDT,1675612800018,-0.00019779,
SOLUSDT,1675641600001,-0.00004068,
SOLUSDT,1675670400000,0.00010000,
SOLUSDT,1675699200012,0.00010000,
SOLUSDT,1675728000004,-0.00011165,
SOLUSDT,1675756800011,0.00002940,
SOLUSDT,1675785600018,0.00010000,
SOLUSDT,1675814400009,-0.00001031,
SOLUSDT,1675843200010,0.00010000,
SOLUSDT,1675872000000,0.00010000,
SOLUSDT,1675900800014,0.00010000,
SOLUSDT,1675929600006,-0.00018909,
SOLUSDT,1675958400001,0.00010000,
SOLUSDT,1675987200012,0.00010000,
SOLUSDT,1676016000005,-0.00018410,
SOLUSDT,1676044800020,-0.00011823,
SOLUSDT,1676073600007,-0.00020422,
SOLUSDT,1676102400002,-0.00007827,
SOLUSDT,1676131200021,-0.00029396,
SOLUSDT,1676160000004,-0.00043025,
SOLUSDT,1676188800000,-0.00045565,
SOLUSDT,1676217600002,-0.00025702,
SOLUSDT,1676246400006,-0.00021151,
SOLUSDT,1676275200008,-0.00021904,
SOLUSDT,1676304000002,0.00010000,
SOLUSDT,1676332800013,-0.00020755,
SOLUSDT,1676361600014,-0.00022864,
SOLUSDT,1676390400016,0.00001781,
SOLUSDT,1676419200011,0.00009858,
SOLUSDT,1676448000000,0.00008397,
SOLUSDT,1676476800005,-0.00007224,
SOLUSDT,1676505600019,0.00010000,
SOLUSDT,1676534400000,0.00010000,
SOLUSDT,1676563200001,0.00010000,
SOLUSDT,1676592000003,0.00010000,
SOLUSDT,1676620800016,0.00010000,
SOLUSDT,1676649600000,0.00010000,
SOLUSDT,1676678400011,0.00010000,
SOLUSDT,1676707200000,0.00010000,
SOLUSDT,1676736000007,0.00010000,
SOLUSDT,1676764800019,0.00010000,
SOLUSDT,1676793600005,0.00010000,
SOLUSDT,1676822400003,0.00014645,
SOLUSDT,1676851200006,0.00017117,
SOLUSDT,1676880000008,0.00019193,
SOLUSDT,1676908800006,0.00012760,
SOLUSDT,1676937600001,0.00010000,
SOLUSDT,1676966400004,0.00016004,
SOLUSDT,1676995200011,0.00010000,
SOLUSDT,1677024000009,0.00010000,
SOLUSDT,1677052800010,0.00010000,
SOLUSDT,1677081600000,0.00010000,
SOLUSDT,1677110400006,0.00010000,
SOLUSDT,1677139200005,0.00010000,
SOLUSDT,1677168000002,0.00010000,
SOLUSDT,1677196800015,0.00010000,
SOLUSDT,1677225600011,0.00010000,
SOLUSDT,1677254400014,0.00010000,
SOLUSDT,1677283200015,-0.00003219,
SOLUSDT,1677312000015,0.00010000,
SOLUSDT,1677340800015,0.00010000,
SOLUSDT,1677369600007,-0.00004144,
SOLUSDT,1677398400012,-0.00007838,
SOLUSDT,1677427200000,-0.00001898,
SOLUSDT,1677456000011,0.00005327,
SOLUSDT,1677484800003,0.00010000,
SOLUSDT,1677513600000,0.00008837,
SOLUSDT,1677542400011,0.00005760,
SOLUSDT,1677571200018,0.00010000,
SOLUSDT,1677600000005,0.00008349,
SOLUSDT,1677628800016,0.00005877,
SOLUSDT,1677657600000,0.00010000,
SOLUSDT,1677686400008,0.00010000,
SOLUSDT,1677715200009,0.00010000,
SOLUSDT,1677744000013,0.00010000,
SOLUSDT,1677772800000,-0.00008101,
SOLUSDT,1677801600000,0.00002047,
SOLUSDT,1677830400013,0.00002627,
SOLUSDT,1677859200000,0.00009745,
SOLUSDT,1677888000001,0.00006271,
SOLUSDT,1677916800008,0.00004321,
SOLUSDT,1677945600012,0.00010000,
SOLUSDT,1677974400000,0.00010000,
SOLUSDT,1678003200000,0.00010000,
SOLUSDT,1678032000015,0.00010000,
SOLUSDT,1678060800007,0.00010000,
SOLUSDT,1678089600017,0.00003586,
SOLUSDT,1678118400000,-0.00002168,
SOLUSDT,1678147200009,-0.00009600,
SOLUSDT,1678176000016,-0.00007843,
SOLUSDT,1678204800017,-0.00011785,
SOLUSDT,1678233600000,-0.00005279,
SOLUSDT,1678262400014,-0.00015628,
SOLUSDT,1678291200021,-0.00015932,
SOLUSDT,1678320000010,-0.00004860,
SOLUSDT,1678348800013,-0.00015189,
SOLUSDT,1678377600002,0.00010000,
SOLUSDT,1678406400000,-0.00018592,
SOLUSDT,1678435200000,0.00008585,
SOLUSDT,1678464000005,-0.00019429,
SOLUSDT,1678492800011,-0.00036773,
SOLUSDT,1678521600003,-0.00019190,
SOLUSDT,1678550400011,-0.00035499,
SOLUSDT,1678579200001,-0.00013186,
SOLUSDT,1678608000000,0.00006800,
SOLUSDT,1678636800005,-0.00019726,
SOLUSDT,1678665600010,0.00010000,
SOLUSDT,1678694400018,0.00010000,
SOLUSDT,1678723200003,0.00010000,
SOLUSDT,1678752000010,0.00010000,
SOLUSDT,1678780800009,0.00010000,
SOLUSDT,1678809600010,0.00010000,
SOLUSDT,1678838400011,0.00018064,
SOLUSDT,1678867200000,0.00010000,
SOLUSDT,1678896000012,0.00010000,
SOLUSDT,1678924800004,-0.00010063,
SOLUSDT,1678953600018,0.00010000,
SOLUSDT,1678982400005,-0.00017595,
SOLUSDT,1679011200017,0.00000618,
SOLUSDT,1679040000010,-0.00003828,
SOLUSDT,1679068800003,-0.00005870,
SOLUSDT,1679097600012,0.00010000,
SOLUSDT,1679126400000,0.00027581,
SOLUSDT,1679155200016,0.00010000,
SOLUSDT,1679184000013,0.00010000,
SOLUSDT,1679212800024,0.00010000,
SOLUSDT,1679241600000,0.00010000,
SOLUSDT,1679270400005,0.00010000,
SOLUSDT,1679299200012,0.00010000,
SOLUSDT,1679328000015,0.00010000,
SOLUSDT,1679356800006,0.00010000,
SOLUSDT,1679385600004,0.00010000,
SOLUSDT,1679414400003,0.00010000,
SOLUSDT,1679443200000,0.00010000,
SOLUSDT,1679472000003,0.00006109,
SOLUSDT,1679500800000,0.00010000,
SOLUSDT,1679529600016,-0.00008698,
SOLUSDT,1679558400001,0.00001638,
SOLUSDT,1679587200013,0.00010000,
SOLUSDT,1679616000013,0.00010000,
SOLUSDT,1679644800012,0.00010000,
SOLUSDT,1679673600027,0.00010000,
SOLUSDT,1679702400015,-0.00006551,
SOLUSDT,1679731200011,-0.00005825,
SOLUSDT,1679760000011,-0.00004600,
SOLUSDT,1679788800000,-0.00010361,
SOLUSDT,1679817600015,-0.00002291,
SOLUSDT,1679846400000,-0.00004191,
SOLUSDT,1679875200019,0.00010000,
SOLUSDT,1679904000009,0.00003888,
SOLUSDT,1679932800000,0.00002013,
SOLUSDT,1679961600007,-0.00017394,
SOLUSDT,1679990400000,0.00008360,
SOLUSDT,1680019200013,-0.00002188,
SOLUSDT,1680048000010,-0.00016763,
SOLUSDT,1680076800006,0.00010000,
SOLUSDT,1680105600014,0.00008936,
SOLUSDT,1680134400000,0.00004312,
SOLUSDT,1680163200000,0.00007675,
SOLUSDT,1680192000006,-0.00006110,
SOLUSDT,1680220800003,-0.00011842,
SOLUSDT,1680249600006,-0.00003734,
SOLUSDT,1680278400011,-0.00001814,
SOLUSDT,1680307200000,0.00010000,
SOLUSDT,1680336000000,0.00010000,
SOLUSDT,1680364800018,0.00010000,
SOLUSDT,1680393600013,0.00010000,
SOLUSDT,1680422400014,0.00010000,
SOLUSDT,1680451200001,0.00000611,
SOLUSDT,1680480000000,-0.00014684,
SOLUSDT,1680508800013,0.00002360,
SOLUSDT,1680537600011,0.00007659,
SOLUSDT,1680566400002,0.00007915,
SOLUSDT,1680595200017,0.00002383,
SOLUSDT,1680624000008,0.00010000,
SOLUSDT,1680652800000,0.00010000,
SOLUSDT,1680681600016,0.00010000,
SOLUSDT,1680710400004,0.00010000,
SOLUSDT,1680739200000,0.00010000,
SOLUSDT,1680768000011,0.00008021,
SOLUSDT,1680796800000,0.00001019,
SOLUSDT,1680825600006,0.00000042,
SOLUSDT,1680854400005,-0.00007207,
SOLUSDT,1680883200000,0.00000205,
SOLUSDT,1680912000000,0.00010000,
SOLUSDT,1680940800014,0.00004752,
SOLUSDT,1680969600018,0.00008084,
SOLUSDT,1680998400013,0.00000852,
SOLUSDT,1681027200024,-0.00001384,
SOLUSDT,1681056000010,0.00008973,
SOLUSDT,1681084800000,0.00010000,
SOLUSDT,1681113600010,0.00006116,
SOLUSDT,1681142400006,0.00010000,
SOLUSDT,1681171200008,0.00010000,
SOLUSDT,1681200000007,0.00010000,
SOLUSDT,1681228800016,0.00010000,
SOLUSDT,1681257600006,0.00010000,
SOLUSDT,1681286400008,0.00010000,
SOLUSDT,1681315200014,0.00010000,
SOLUSDT,1681344000027,0.00002795,
SOLUSDT,1681372800010,0.00006992,
SOLUSDT,1681401600000,0.00010000,
SOLUSDT,1681430400001,0.00010000,
SOLUSDT,1681459200008,0.00010000,
SOLUSDT,1681488000007,0.00010000,
SOLUSDT,1681516800007,0.00010000,
SOLUSDT,1681545600007,0.00010000,
SOLUSDT,1681574400011,0.00010000,
SOLUSDT,1681603200014,0.00010000,
SOLUSDT,1681632000007,0.00025575,
SOLUSDT,1681660800002,0.00010000,
SOLUSDT,1681689600017,0.00029250,
SOLUSDT,1681718400006,0.00035646,
SOLUSDT,1681747200000,0.00013821,
SOLUSDT,1681776000013,0.00010000,
SOLUSDT,1681804800017,0.00010000,
SOLUSDT,1681833600000,0.00010000,
SOLUSDT,1681862400022,0.00010000,
SOLUSDT,1681891200014,0.00010000,
SOLUSDT,1681920000000,-0.00005574,
SOLUSDT,1681948800010,0.00010000,
SOLUSDT,1681977600012,0.00010000,
SOLUSDT,1682006400012,0.00010000,
SOLUSDT,1682035200009,-0.00003575,
SOLUSDT,1682064000009,0.00010000,
SOLUSDT,1682092800003,0.00010000,
SOLUSDT,1682121600000,-0.00001147,
SOLUSDT,1682150400000,0.00000914,
SOLUSDT,1682179200016,-0.00003008,
SOLUSDT,1682208000009,-0.00004662,
SOLUSDT,1682236800020,0.00007476,
SOLUSDT,1682265600007,0.00009355,
SOLUSDT,1682294400000,0.00000383,
SOLUSDT,1682323200008,0.00009297,
SOLUSDT,1682352000006,0.00010000,
SOLUSDT,1682380800014,-0.00001610,
SOLUSDT,1682409600009,-0.00002918,
SOLUSDT,1682438400015,0.00001692,
SOLUSDT,1682467200015,0.00005839,
SOLUSDT,1682496000013,0.00001365,
SOLUSDT,1682524800001,0.00010000,
SOLUSDT,1682553600014,-0.00012155,
SOLUSDT,1682582400008,0.00002060,
SOLUSDT,1682611200005,0.00005188,
SOLUSDT,1682640000011,0.00010000,
SOLUSDT,1682668800007,0.00010000,
SOLUSDT,1682697600006,0.00010000,
SOLUSDT,1682726400004,0.00006328,
SOLUSDT,1682755200016,0.00010000,
SOLUSDT,1682784000001,0.00010000,
SOLUSDT,1682812800008,0.00005413,
SOLUSDT,1682841600000,0.00007129,
SOLUSDT,1682870400010,0.00010000,
SOLUSDT,1682899200004,0.00010000,
SOLUSDT,1682928000008,0.00001535,
SOLUSDT,1682956800014,0.00010000,
SOLUSDT,1682985600015,0.00000698,
SOLUSDT,1683014400018,0.00003889,
SOLUSDT,1683043200000,-0.00004732,
SOLUSDT,1683072000009,0.00002069,
SOLUSDT,1683100800003,0.00003138,
SOLUSDT,1683129600011,0.00003849,
SOLUSDT,1683158400000,-0.00000227,
SOLUSDT,1683187200000,0.00010000,
SOLUSDT,1683216000011,0.00010000,
SOLUSDT,1683244800002,0.00010000,
SOLUSDT,1683273600000,0.00003223,
SOLUSDT,1683302400000,0.00010000,
SOLUSDT,1683331200009,0.00010000,
SOLUSDT,1683360000000,0.00010000,
SOLUSDT,1683388800000,0.00002441,
SOLUSDT,1683417600000,0.00003648,
SOLUSDT,1683446400000,-0.00002120,
SOLUSDT,1683475200006,0.00006249,
SOLUSDT,1683504000000,0.00010000,
SOLUSDT,1683532800007,-0.00007742,
SOLUSDT,1683561600015,0.00002595,
SOLUSDT,1683590400015,-0.00019637,
SOLUSDT,1683619200000,-0.00005327,
SOLUSDT,1683648000000,-0.00005678,
SOLUSDT,1683676800007,-0.00004287,
SOLUSDT,1683705600003,0.00002809,
SOLUSDT,1683734400000,-0.00000029,
SOLUSDT,1683763200011,0.00007952,
SOLUSDT,1683792000000,0.00002605,
SOLUSDT,1683820800005,0.00002286,
SOLUSDT,1683849600020,0.00001031,
SOLUSDT,1683878400001,0.00008362,
SOLUSDT,1683907200010,0.00000803,
SOLUSDT,1683936000000,0.00001245,
SOLUSDT,1683964800000,0.00006953,
SOLUSDT,1683993600026,0.00010000,
SOLUSDT,1684022400029,0.00007690,
SOLUSDT,1684051200010,0.00006449,
SOLUSDT,1684080000008,0.00006799,
SOLUSDT,1684108800006,0.00000894,
SOLUSDT,1684137600005,0.00006491,
SOLUSDT,1684166400008,0.00008447,
SOLUSDT,1684195200021,0.00010000,
SOLUSDT,1684224000000,0.00006067,
SOLUSDT,1684252800000,0.00010000,
SOLUSDT,1684281600010,0.00003051,
SOLUSDT,1684310400000,0.00010000,
SOLUSDT,1684339200001,0.00009695,
SOLUSDT,1684368000000,0.00010000,
SOLUSDT,1684396800026,0.00010000,
SOLUSDT,1684425600019,0.00002950,
SOLUSDT,1684454400000,-0.00009122,
SOLUSDT,1684483200002,0.00002946,
SOLUSDT,1684512000000,0.00008946,
SOLUSDT,1684540800005,0.00009555,
SOLUSDT,1684569600014,0.00002515,
SOLUSDT,1684598400020,0.00003057,
SOLUSDT,1684627200014,0.00010000,
SOLUSDT,1684656000001,0.00010000,
SOLUSDT,1684684800015,0.00009479,
SOLUSDT,1684713600028,0.00002963,
SOLUSDT,1684742400000,0.00007846,
SOLUSDT,1684771200012,0.00010000,
SOLUSDT,1684800000006,0.00010000,
SOLUSDT,1684828800014,0.00009997,
SOLUSDT,1684857600008,0.00010000,
SOLUSDT,1684886400000,0.00010000,
SOLUSDT,1684915200025,0.00006455,
SOLUSDT,1684944000008,0.00009780,
SOLUSDT,1684972800000,0.00005668,
SOLUSDT,1685001600025,0.00005885,
SOLUSDT,1685030400016,0.00010000,
SOLUSDT,1685059200000,0.00010000,
SOLUSDT,1685088000024,0.00010000,
SOLUSDT,1685116800012,0.00010000,
SOLUSDT,1685145600012,0.00010000,
SOLUSDT,1685174400018,0.00010000,
SOLUSDT,1685203200008,0.00010000,
SOLUSDT,1685232000017,0.00010000,
SOLUSDT,1685260800015,0.00010000,
SOLUSDT,1685289600000,0.00010000,
SOLUSDT,1685318400000,0.00010000,
SOLUSDT,1685347200020,0.00010000,
SOLUSDT,1685376000011,0.00010000,
SOLUSDT,1685404800003,0.00010000,
SOLUSDT,1685433600000,0.00010000,
SOLUSDT,1685462400003,0.00010000,
SOLUSDT,1685491200013,0.00010000,
SOLUSDT,1685520000000,0.00010000,
SOLUSDT,1685548800000,0.00010000,
SOLUSDT,1685577600008,0.00010000,
SOLUSDT,1685606400012,0.00010000,
SOLUSDT,1685635200000,0.00010000,
SOLUSDT,1685664000000,0.00010000,
SOLUSDT,1685692800006,0.00010000,
SOLUSDT,1685721600012,0.00010000,
SOLUSDT,1685750400000,0.00010000,
SOLUSDT,1685779200011,0.00010000,
SOLUSDT,1685808000003,0.00010000,
SOLUSDT,1685836800000,0.00010000,
SOLUSDT,1685865600000,0.00010000,
SOLUSDT,1685894400000,0.00010000,
SOLUSDT,1685923200005,0.00010000,
SOLUSDT,1685952000000,0.00010000,
SOLUSDT,1685980800000,0.00010000,
SOLUSDT,1686009600000,-0.00007522,
SOLUSDT,1686038400009,-0.00001215,
SOLUSDT,1686067200013,0.00006245,
SOLUSDT,1686096000000,0.00010000,
SOLUSDT,1686124800016,0.00010000,
SOLUSDT,1686153600000,0.00008161,
SOLUSDT,1686182400006,-0.00002973,
SOLUSDT,1686211200000,-0.00006138,
SOLUSDT,1686240000000,-0.00003987,
SOLUSDT,1686268800000,-0.00001990,
SOLUSDT,1686297600000,0.00002244,
SOLUSDT,1686326400000,0.00004756,
SOLUSDT,1686355200000,0.00004312,
SOLUSDT,1686384000000,-0.00018689,
SOLUSDT,1686412800000,-0.00045568,
SOLUSDT,1686441600001,-0.00025962,
SOLUSDT,1686470400000,-0.00039139,
SOLUSDT,1686499200000,-0.00011432,
SOLUSDT,1686528000000,-0.00005452,
SOLUSDT,1686556800000,-0.00010351,
SOLUSDT,1686585600001,0.00010000,
SOLUSDT,1686614400000,-0.00000670,
SOLUSDT,1686643200000,0.00000895,
SOLUSDT,1686672000000,-0.00001734,
SOLUSDT,1686700800000,-0.00006216,
SOLUSDT,1686729600000,-0.00009959,
SOLUSDT,1686758400000,-0.00003849,
SOLUSDT,1686787200000,-0.00003913,
SOLUSDT,1686816000000,-0.00010960,
SOLUSDT,1686844800000,0.00010000,
SOLUSDT,1686873600000,0.00002986,
SOLUSDT,1686902400000,0.00003481,
SOLUSDT,1686931200000,-0.00000460,
SOLUSDT,1686960000000,-0.00003146,
SOLUSDT,1686988800000,0.00005237,
SOLUSDT,1687017600000,0.00006248,
SOLUSDT,1687046400000,-0.00002892,
SOLUSDT,1687075200000,-0.00005493,
SOLUSDT,1687104000000,-0.00000103,
SOLUSDT,1687132800000,-0.00006350,
SOLUSDT,1687161600000,-0.00008954,
SOLUSDT,1687190400000,-0.00004972,
SOLUSDT,1687219200001,-0.00014540,
SOLUSDT,1687248000000,-0.00000812,
SOLUSDT,1687276800000,0.00000170,
SOLUSDT,1687305600000,0.00000555,
SOLUSDT,1687334400000,0.00007670,
SOLUSDT,1687363200000,0.00001523,
SOLUSDT,1687392000000,0.00005684,
SOLUSDT,1687420800001,0.00001267,
SOLUSDT,1687449600000,-0.00000997,
SOLUSDT,1687478400000,0.00008860,
SOLUSDT,1687507200000,0.00010000,
SOLUSDT,1687536000000,-0.00000327,
SOLUSDT,1687564800000,-0.00005354,
SOLUSDT,1687593600000,0.00008164,
SOLUSDT,1687622400000,0.00001615,
SOLUSDT,1687651200000,-0.00009403,
SOLUSDT,1687680000000,0.00004045,
SOLUSDT,1687708800000,0.00002049,
SOLUSDT,1687737600000,0.00002481,
SOLUSDT,1687766400000,-0.00006749,
SOLUSDT,1687795200000,0.00005956,
SOLUSDT,1687824000000,-0.00002886,
SOLUSDT,1687852800000,0.00010000,
SOLUSDT,1687881600000,0.00010000,
SOLUSDT,1687910400000,0.00010000,
SOLUSDT,1687939200000,-0.00001801,
SOLUSDT,1687968000000,0.00005458,
SOLUSDT,1687996800000,0.00001700,
SOLUSDT,1688025600000,0.00010000,
SOLUSDT,1688054400000,0.00010000,
SOLUSDT,1688083200000,0.00004827,
SOLUSDT,1688112000000,0.00010000,
SOLUSDT,1688140800001,0.00010000,
SOLUSDT,1688169600000,0.00010000,
SOLUSDT,1688198400000,0.00010000,
SOLUSDT,1688227200000,0.00002201,
SOLUSDT,1688256000000,0.00010000,
SOLUSDT,1688284800000,0.00010000,
SOLUSDT,1688313600001,0.00010000,
SOLUSDT,1688342400000,0.00010000,
SOLUSDT,1688371200000,0.00010000,
SOLUSDT,1688400000000,0.00010000,
SOLUSDT,1688428800001,0.00006327,
SOLUSDT,1688457600000,0.00010000,
SOLUSDT,1688486400000,0.00010000,
SOLUSDT,1688515200000,0.00010000,
SOLUSDT,1688544000000,0.00010000,
SOLUSDT,1688572800000,0.00004304,
SOLUSDT,1688601600000,-0.00000529,
SOLUSDT,1688630400000,0.00010000,
SOLUSDT,1688659200000,0.00010000,
SOLUSDT,1688688000000,0.00010000,
SOLUSDT,1688716800000,0.00008838,
SOLUSDT,1688745600000,-0.00022841,
SOLUSDT,1688774400000,-0.00005703,
SOLUSDT,1688803200000,0.00001315,
SOLUSDT,1688832000000,0.00010000,
SOLUSDT,1688860800000,-0.00011345,
SOLUSDT,1688889600000,0.00001049,
SOLUSDT,1688918400000,0.00010000,
SOLUSDT,1688947200000,0.00010000,
SOLUSDT,1688976000000,0.00010000,
SOLUSDT,1689004800000,-0.00005346,
SOLUSDT,1689033600000,-0.00013561,
SOLUSDT,1689062400000,-0.00002651,
SOLUSDT,1689091200000,0.00002775,
SOLUSDT,1689120000000,0.00001497,
SOLUSDT,1689148800000,-0.00002714,
SOLUSDT,1689177600000,0.00004120,
SOLUSDT,1689206400000,0.00009789,
SOLUSDT,1689235200000,-0.00000637,
SOLUSDT,1689264000000,-0.00021919,
SOLUSDT,1689292800000,0.00010000,
SOLUSDT,1689321600000,0.00029523,
SOLUSDT,1689350400000,0.00017912,
SOLUSDT,1689379200000,0.00010000,
SOLUSDT,1689408000000,0.00010000,
SOLUSDT,1689436800000,0.00010000,
SOLUSDT,1689465600001,0.00010000,
SOLUSDT,1689494400000,0.00010000,
SOLUSDT,1689523200000,0.00010000,
SOLUSDT,1689552000000,0.00010000,
SOLUSDT,1689580800000,0.00010000,
SOLUSDT,1689609600000,0.00010000,
SOLUSDT,1689638400000,0.00009171,
SOLUSDT,1689667200000,0.00010000,
SOLUSDT,1689696000000,0.00010000,
SOLUSDT,1689724800000,0.00010000,
SOLUSDT,1689753600000,0.00010000,
SOLUSDT,1689782400001,0.00010000,
SOLUSDT,1689811200000,0.00007165,
SOLUSDT,1689840000000,0.00010000,
SOLUSDT,1689868800000,0.00010000,
SOLUSDT,1689897600001,0.00001250,
SOLUSDT,1689926400000,-0.00000151,
SOLUSDT,1689955200000,0.00007977,
SOLUSDT,1689984000000,0.00002099,
SOLUSDT,1690012800000,0.00010000,
SOLUSDT,1690041600000,0.00010000,
SOLUSDT,1690070400000,0.00008045,
SOLUSDT,1690099200000,0.00006786,
SOLUSDT,1690128000000,0.00010000,
SOLUSDT,1690156800000,0.00005539,
SOLUSDT,1690185600000,0.00008790,
SOLUSDT,1690214400000,0.00010000,
SOLUSDT,1690243200000,0.00002921,
SOLUSDT,1690272000000,0.00004666,
SOLUSDT,1690300800000,-0.00002252,
SOLUSDT,1690329600000,0.00009281,
SOLUSDT,1690358400001,-0.00000183,
SOLUSDT,1690387200000,0.00004654,
SOLUSDT,1690416000000,0.00010000,
SOLUSDT,1690444800000,0.00002473,
SOLUSDT,1690473600001,0.00001048,
SOLUSDT,1690502400000,0.00010000,
SOLUSDT,1690531200000,0.00010000,
SOLUSDT,1690560000000,0.00010000,
SOLUSDT,1690588800000,0.00010000,
SOLUSDT,1690617600000,0.00010000,
SOLUSDT,1690646400001,0.00008555,
SOLUSDT,1690675200000,0.00010000,
SOLUSDT,1690704000000,0.00009213,
SOLUSDT,1690732800000,0.00010000,
SOLUSDT,1690761600000,0.00009232,
SOLUSDT,1690790400000,-0.00002568,
SOLUSDT,1690819200001,0.00004713,
SOLUSDT,1690848000000,0.00010000,
SOLUSDT,1690876800000,0.00007943,
SOLUSDT,1690905600000,0.00006970,
SOLUSDT,1690934400000,0.00001932,
SOLUSDT,1690963200000,0.00001057,
SOLUSDT,1690992000000,0.00003245,
SOLUSDT,1691020800000,-0.00002370,
SOLUSDT,1691049600000,0.00010000,
SOLUSDT,1691078400001,-0.00003185,
SOLUSDT,1691107200000,0.00001777,
SOLUSDT,1691136000000,0.00000993,
SOLUSDT,1691164800000,0.00005856,
SOLUSDT,1691193600000,0.00010000,
SOLUSDT,1691222400000,0.00002082,
SOLUSDT,1691251200001,0.00004430,
SOLUSDT,1691280000000,-0.00003498,
SOLUSDT,1691308800001,0.00010000,
SOLUSDT,1691337600005,0.00010000,
SOLUSDT,1691366400000,0.00010000,
SOLUSDT,1691395200000,0.00007203,
SOLUSDT,1691424000000,0.00010000,
SOLUSDT,1691452800000,0.00007405,
SOLUSDT,1691481600000,0.00010000,
SOLUSDT,1691510400000,0.00009805,
SOLUSDT,1691539200000,0.00009326,
SOLUSDT,1691568000000,0.00000715,
SOLUSDT,1691596800000,0.00006361,
SOLUSDT,1691625600001,0.00010000,
SOLUSDT,1691654400000,0.00010000,
SOLUSDT,1691683200000,0.00010000,
SOLUSDT,1691712000000,0.00005018,
SOLUSDT,1691740800000,0.00010000,
SOLUSDT,1691769600000,0.00010000,
SOLUSDT,1691798400000,0.00010000,
SOLUSDT,1691827200000,0.00010000,
SOLUSDT,1691856000000,0.00010000,
SOLUSDT,1691884800000,0.00007464,
SOLUSDT,1691913600000,0.00005155,
SOLUSDT,1691942400000,0.00010000,
SOLUSDT,1691971200001,0.00010000,
SOLUSDT,1692000000000,0.00007157,
SOLUSDT,1692028800000,0.00003069,
SOLUSDT,1692057600001,0.00007225,
SOLUSDT,1692086400000,0.00010000,
SOLUSDT,1692115200000,0.00010000,
SOLUSDT,1692144000000,0.00010000,
SOLUSDT,1692172800001,0.00010000,
SOLUSDT,1692201600000,0.00005907,
SOLUSDT,1692230400000,0.00000069,
SOLUSDT,1692259200000,0.00010000,
SOLUSDT,1692288000000,0.00003019,
SOLUSDT,1692316800000,-0.00029147,
SOLUSDT,1692345600000,-0.00002584,
SOLUSDT,1692374400000,0.00008169,
SOLUSDT,1692403200000,-0.00007003,
SOLUSDT,1692432000000,-0.00005498,
SOLUSDT,1692460800000,-0.00006270,
SOLUSDT,1692489600000,-0.00006623,
SOLUSDT,1692518400000,-0.00007076,
SOLUSDT,1692547200000,-0.00003023,
SOLUSDT,1692576000000,-0.00003625,
SOLUSDT,1692604800000,-0.00007183,
SOLUSDT,1692633600000,-0.00000718,
SOLUSDT,1692662400000,0.00001569,
SOLUSDT,1692691200000,0.00005112,
SOLUSDT,1692720000000,0.00002087,
SOLUSDT,1692748800000,-0.00012671,
SOLUSDT,1692777600000,-0.00003319,
SOLUSDT,1692806400000,0.00003526,
SOLUSDT,1692835200000,-0.00007433,
SOLUSDT,1692864000000,-0.00009124,
SOLUSDT,1692892800000,-0.00000996,
SOLUSDT,1692921600000,-0.00008674,
SOLUSDT,1692950400000,-0.00005421,
SOLUSDT,1692979200000,-0.00018382,
SOLUSDT,1693008000000,-0.00014373,
SOLUSDT,1693036800000,-0.00024234,
SOLUSDT,1693065600000,-0.00018306,
SOLUSDT,1693094400000,-0.00017578,
SOLUSDT,1693123200000,-0.00011914,
SOLUSDT,1693152000000,-0.00016818,
SOLUSDT,1693180800000,-0.00003451,
SOLUSDT,1693209600001,-0.00002329,
SOLUSDT,1693238400001,0.00002945,
SOLUSDT,1693267200000,0.00008373,
SOLUSDT,1693296000000,0.00000529,
SOLUSDT,1693324800000,-0.00040362,
SOLUSDT,1693353600000,0.00010000,
SOLUSDT,1693382400000,0.00002088,
SOLUSDT,1693411200000,0.00008869,
SOLUSDT,1693440000000,-0.00005589,
SOLUSDT,1693468800000,-0.00007295,
SOLUSDT,1693497600000,-0.00009890,
SOLUSDT,1693526400000,-0.00013928,
SOLUSDT,1693555200000,-0.00009007,
SOLUSDT,1693584000001,0.00005200,
SOLUSDT,1693612800000,0.00000671,
SOLUSDT,1693641600000,-0.00008469,
SOLUSDT,1693670400000,-0.00005343,
SOLUSDT,1693699200000,-0.00000065,
SOLUSDT,1693728000000,-0.00003935,
SOLUSDT,1693756800000,-0.00003560,
SOLUSDT,1693785600000,-0.00005078,
SOLUSDT,1693814400000,-0.00007224,
SOLUSDT,1693843200000,0.00008919,
SOLUSDT,1693872000000,0.00001756,
SOLUSDT,1693900800000,-0.00006252,
SOLUSDT,1693929600000,-0.00010758,
SOLUSDT,1693958400000,-0.00001341,
SOLUSDT,1693987200000,0.00000804,
SOLUSDT,1694016000001,0.00002839,
SOLUSDT,1694044800000,-0.00002787,
SOLUSDT,1694073600000,0.00000288,
SOLUSDT,1694102400000,0.00000033,
SOLUSDT,1694131200000,-0.00008527,
SOLUSDT,1694160000000,-0.00013966,
SOLUSDT,1694188800000,-0.00021132,
SOLUSDT,1694217600000,-0.00010450,
SOLUSDT,1694246400000,-0.00021188,
SOLUSDT,1694275200000,-0.00016996,
SOLUSDT,1694304000000,-0.00023880,
SOLUSDT,1694332800000,-0.00038599,
SOLUSDT,1694361600000,-0.00047908,
SOLUSDT,1694390400000,-0.00036941,
SOLUSDT,1694419200000,-0.00022734,
SOLUSDT,1694448000001,-0.00006124,
SOLUSDT,1694476800000,-0.00003978,
SOLUSDT,1694505600000,-0.00005673,
SOLUSDT,1694534400000,-0.00007381,
SOLUSDT,1694563200000,-0.00016024,
SOLUSDT,1694592000000,-0.00017635,
SOLUSDT,1694620800000,-0.00004981,
SOLUSDT,1694649600000,-0.00016123,
SOLUSDT,1694678400001,-0.00014970,
SOLUSDT,1694707200000,-0.00024678,
SOLUSDT,1694736000000,-0.00021530,
SOLUSDT,1694764800000,-0.00012046,
SOLUSDT,1694793600000,-0.00000591,
SOLUSDT,1694822400000,0.00001257,
SOLUSDT,1694851200000,-0.00005380,
SOLUSDT,1694880000000,-0.00014091,
SOLUSDT,1694908800000,-0.00021514,
SOLUSDT,1694937600000,-0.00007124,
SOLUSDT,1694966400000,-0.00005427,
SOLUSDT,1694995200000,-0.00030943,
SOLUSDT,1695024000000,-0.00007847,
SOLUSDT,1695052800000,-0.00013976,
SOLUSDT,1695081600000,-0.00005900,
SOLUSDT,1695110400001,-0.00010841,
SOLUSDT,1695139200000,0.00010000,
SOLUSDT,1695168000000,-0.00014401,
SOLUSDT,1695196800000,-0.00008143,
SOLUSDT,1695225600000,-0.00009609,
SOLUSDT,1695254400001,-0.00000777,
SOLUSDT,1695283200000,-0.00006489,
SOLUSDT,1695312000000,0.00010000,
SOLUSDT,1695340800000,0.00001075,
SOLUSDT,1695369600000,0.00001389,
SOLUSDT,1695398400000,0.00004359,
SOLUSDT,1695427200000,0.00005987,
SOLUSDT,1695456000000,0.00010000,
SOLUSDT,1695484800000,0.00005940,
SOLUSDT,1695513600000,0.00008557,
SOLUSDT,1695542400000,0.00000810,
SOLUSDT,1695571200000,0.00006559,
SOLUSDT,1695600000000,0.00001511,
SOLUSDT,1695628800000,-0.00003233,
SOLUSDT,1695657600000,0.00002778,
SOLUSDT,1695686400000,0.00001913,
SOLUSDT,1695715200000,-0.00006278,
SOLUSDT,1695744000000,0.00001890,
SOLUSDT,1695772800000,0.00007510,
SOLUSDT,1695801600001,0.00003583,
SOLUSDT,1695830400000,0.00002165,
SOLUSDT,1695859200000,-0.00025005,
SOLUSDT,1695888000000,0.00004959,
SOLUSDT,1695916800000,0.00010000,
SOLUSDT,1695945600000,-0.00008879,
SOLUSDT,1695974400000,0.00003522,
SOLUSDT,1696003200000,-0.00008995,
SOLUSDT,1696032000000,-0.00009192,
SOLUSDT,1696060800000,-0.00013968,
SOLUSDT,1696089600000,-0.00033235,
SOLUSDT,1696118400000,-0.00015019,
SOLUSDT,1696147200000,-0.00024577,
SOLUSDT,1696176000000,0.00004550,
SOLUSDT,1696204800000,0.00010000,
SOLUSDT,1696233600000,-0.00005358,
SOLUSDT,1696262400000,0.00007399,
SOLUSDT,1696291200000,0.00010000,
SOLUSDT,1696320000000,-0.00009329,
SOLUSDT,1696348800000,-0.00016715,
SOLUSDT,1696377600000,-0.00020449,
SOLUSDT,1696406400000,-0.00014362,
SOLUSDT,1696435200000,0.00001008,
SOLUSDT,1696464000000,-0.00019583,
SOLUSDT,1696492800000,-0.00010441,
SOLUSDT,1696521600001,-0.00021380,
SOLUSDT,1696550400000,-0.00014401,
SOLUSDT,1696579200000,-0.00001702,
SOLUSDT,1696608000000,0.00006028,
SOLUSDT,1696636800000,0.00001517,
SOLUSDT,1696665600000,-0.00003624,
SOLUSDT,1696694400000,-0.00013829,
SOLUSDT,1696723200000,-0.00007284,
SOLUSDT,1696752000001,-0.00004763,
SOLUSDT,1696780800000,-0.00002324,
SOLUSDT,1696809600000,-0.00002043,
SOLUSDT,1696838400000,-0.00010232,
SOLUSDT,1696867200000,-0.00008685,
SOLUSDT,1696896000000,-0.00026515,
SOLUSDT,1696924800000,-0.00011672,
SOLUSDT,1696953600000,-0.00004739,
SOLUSDT,1696982400000,-0.00008746,
SOLUSDT,1697011200000,-0.00001270,
SOLUSDT,1697040000000,-0.00010217,
SOLUSDT,1697068800000,-0.00005206,
SOLUSDT,1697097600000,0.00005051,
SOLUSDT,1697126400000,-0.00004469,
SOLUSDT,1697155200000,-0.00004739,
SOLUSDT,1697184000000,-0.00007419,
SOLUSDT,1697212800000,-0.00007301,
SOLUSDT,1697241600000,-0.00015669,
SOLUSDT,1697270400000,-0.00034520,
SOLUSDT,1697299200000,-0.00004015,
SOLUSDT,1697328000000,-0.00007073,
SOLUSDT,1697356800000,-0.00000129,
SOLUSDT,1697385600000,0.00002222,
SOLUSDT,1697414400000,-0.00010829,
SOLUSDT,1697443200000,-0.00006321,
SOLUSDT,1697472000000,-0.00013087,
SOLUSDT,1697500800000,0.00000845,
SOLUSDT,1697529600000,-0.00014135,
SOLUSDT,1697558400000,0.00002264,
SOLUSDT,1697587200000,0.00007478,
SOLUSDT,1697616000000,-0.00002937,
SOLUSDT,1697644800000,0.00009438,
SOLUSDT,1697673600000,0.00001267,
SOLUSDT,1697702400001,-0.00010177,
SOLUSDT,1697731200000,-0.00018428,
SOLUSDT,1697760000000,-0.00001420,
SOLUSDT,1697788800005,-0.00060231,
SOLUSDT,1697817600000,-0.00000618,
SOLUSDT,1697846400000,-0.00008888,
SOLUSDT,1697875200000,-0.00009934,
SOLUSDT,1697904000000,0.00006969,
SOLUSDT,1697932800000,-0.00009897,
SOLUSDT,1697961600000,-0.00004073,
SOLUSDT,1697990400000,0.00005080,
SOLUSDT,1698019200000,0.00000237,
SOLUSDT,1698048000001,-0.00000229,
SOLUSDT,1698076800001,0.00001601,
SOLUSDT,1698105600000,0.00010000,
SOLUSDT,1698134400000,0.00010000,
SOLUSDT,1698163200000,0.00010000,
SOLUSDT,1698192000000,0.00010000,
SOLUSDT,1698220800000,0.00010000,
SOLUSDT,1698249600001,0.00010000,
SOLUSDT,1698278400001,0.00010000,
SOLUSDT,1698307200000,0.00010000,
SOLUSDT,1698336000000,0.00004969,
SOLUSDT,1698364800000,0.00010000,
SOLUSDT,1698393600000,0.00010000,
SOLUSDT,1698422400000,0.00010000,
SOLUSDT,1698451200000,0.00010000,
SOLUSDT,1698480000001,0.00010000,
SOLUSDT,1698508800000,0.00010000,
SOLUSDT,1698537600000,0.00010000,
SOLUSDT,1698566400000,0.00010000,
SOLUSDT,1698595200000,0.00010000,
SOLUSDT,1698624000000,0.00010000,
SOLUSDT,1698652800000,0.00009376,
SOLUSDT,1698681600000,0.00010000,
SOLUSDT,1698710400001,0.00010000,
SOLUSDT,1698739200000,0.00010000,35.71000000
SOLUSDT,1698768000000,0.00004712,36.09300000
SOLUSDT,1698796800000,0.00005676,38.37663046
SOLUSDT,1698825600000,-0.00004060,38.45000000
SOLUSDT,1698854400000,-0.00041129,40.61699117
SOLUSDT,1698883200001,0.00010000,41.20600000
SOLUSDT,1698912000000,0.00010000,43.10486548
SOLUSDT,1698940800000,0.00010000,40.05500000
SOLUSDT,1698969600000,0.00010000,40.24275528
SOLUSDT,1698998400000,0.00010000,39.05300000
SOLUSDT,1699027200000,0.00010000,39.80992372
SOLUSDT,1699056000000,0.00010000,39.49272847
SOLUSDT,1699084800000,0.00010000,41.68960073
SOLUSDT,1699113600000,0.00010000,41.27451789
SOLUSDT,1699142400000,0.00010000,42.42135938
SOLUSDT,1699171200000,0.00010000,41.57400000
SOLUSDT,1699200000000,0.00010000,40.73600000
SOLUSDT,1699228800000,0.00010000,41.16657424
SOLUSDT,1699257600001,0.00010000,39.93900000
SOLUSDT,1699286400000,0.00015286,40.24600000
SOLUSDT,1699315200001,0.00010000,42.18338017
SOLUSDT,1699344000000,0.00010000,41.57981940
SOLUSDT,1699372800000,0.00020579,41.21600000
SOLUSDT,1699401600000,0.00017143,42.97369554
SOLUSDT,1699430400000,0.00010000,43.48500000
SOLUSDT,1699459200000,0.00010000,42.76986684
SOLUSDT,1699488000000,0.00010000,43.14400000
SOLUSDT,1699516800000,0.00010000,43.90400000
SOLUSDT,1699545600000,0.00028089,46.43958135
SOLUSDT,1699574400000,0.00010000,45.29168367
SOLUSDT,1699603200000,0.00015368,47.59175706
SOLUSDT,1699632000000,0.00011529,50.91000000
SOLUSDT,1699660800000,0.00010000,56.69084429
SOLUSDT,1699689600000,0.00010000,54.26600000
SOLUSDT,1699718400000,0.00030654,60.97000000
SOLUSDT,1699747200000,0.00051279,56.40862856
SOLUSDT,1699776000000,0.00017231,61.13185865
SOLUSDT,1699804800001,0.00016254,58.67961436
SOLUSDT,1699833600000,0.00050694,56.30700000
SOLUSDT,1699862400000,0.00033025,58.28800000
SOLUSDT,1699891200000,0.00010000,55.68700000
SOLUSDT,1699920000000,0.00047225,51.66700000
SOLUSDT,1699948800000,0.00010000,55.19000000
SOLUSDT,1699977600001,0.00027352,56.22892534
SOLUSDT,1700006400000,0.00012356,56.83822924
SOLUSDT,1700035200000,0.00010903,59.18296065
SOLUSDT,1700064000000,0.00026624,62.47600000
SOLUSDT,1700092800000,0.00031874,65.51400000
SOLUSDT,1700121600000,0.00014572,65.72776106
SOLUSDT,1700150400001,0.00030150,61.61761629
SOLUSDT,1700179200000,0.00010000,57.79759004
SOLUSDT,1700208000001,0.00010000,58.15862235
SOLUSDT,1700236800001,0.00010000,55.04724594
SOLUSDT,1700265600000,0.00010000,58.51180041
SOLUSDT,1700294400000,0.00010000,56.38200000
SOLUSDT,1700323200000,0.00010000,58.01153190
SOLUSDT,1700352000000,0.00010000,58.57617249
SOLUSDT,1700380800000,0.00010000,60.42747135
SOLUSDT,1700409600000,0.00010000,59.99486225
SOLUSDT,1700438400000,0.00010000,61.10500000
SOLUSDT,1700467200000,0.00010000,59.93000000
SOLUSDT,1700496000000,0.00010000,59.01100000
SOLUSDT,1700524800000,0.00010000,56.60700000
SOLUSDT,1700553600000,0.00010000,55.39397816
SOLUSDT,1700582400000,0.00010000,55.12449460
SOLUSDT,1700611200000,0.00010000,51.68965563
SOLUSDT,1700640000000,0.00010000,54.65292889
SOLUSDT,1700668800000,0.00010000,54.94400000
SOLUSDT,1700697600000,0.00010000,57.54991597
SOLUSDT,1700726400000,0.00010000,57.82300000
SOLUSDT,1700755200001,0.00010000,56.63899040
SOLUSDT,1700784000000,0.00010000,56.51281644
SOLUSDT,1700812800000,0.00010000,57.35900000
SOLUSDT,1700841600000,0.00010000,58.16112704
SOLUSDT,1700870400000,0.00010000,56.86900000
SOLUSDT,1700899200000,0.00010000,58.62200000
SOLUSDT,1700928000000,0.00010000,58.54236480
SOLUSDT,1700956800000,0.00010000,58.82500000
SOLUSDT,1700985600000,0.00010000,58.42392467
SOLUSDT,1701014400000,0.00010000,57.10600000
SOLUSDT,1701043200000,0.00010000,57.58743711
SOLUSDT,1701072000001,0.00010000,55.92167710
SOLUSDT,1701100800000,0.00010000,53.96903927
SOLUSDT,1701129600000,0.00010000,55.03100000
SOLUSDT,1701158400000,0.00010000,55.08223377
SOLUSDT,1701187200000,0.00010000,56.06900618
SOLUSDT,1701216000001,0.00010000,58.18192377
SOLUSDT,1701244800000,0.00010000,59.31089640
SOLUSDT,1701273600000,0.00010000,60.05036897
SOLUSDT,1701302400000,0.00010000,59.32300000
SOLUSDT,1701331200000,0.00010000,59.99000000
SOLUSDT,1701360000000,0.00010000,59.57800000
SOLUSDT,1701388800000,0.00010000,59.29212355
SOLUSDT,1701417600000,0.00010000,60.88100000
SOLUSDT,1701446400000,0.00010000,60.14700000
SOLUSDT,1701475200000,0.00010000,59.75400000
SOLUSDT,1701504000000,0.00030174,62.04317118
SOLUSDT,1701532800000,0.00010000,61.91600000
SOLUSDT,1701561600000,0.00010000,63.68400000
SOLUSDT,1701590400000,0.00020381,63.97884945
SOLUSDT,1701619200000,0.00018264,63.00631315
SOLUSDT,1701648000000,0.00010000,63.01262497
SOLUSDT,1701676800000,0.00053853,63.74940823
SOLUSDT,1701705600000,0.00010000,60.57300000
SOLUSDT,1701734400000,0.00010000,61.65544768
SOLUSDT,1701763200000,0.00010000,59.70000000
SOLUSDT,1701792000000,0.00010000,61.00300000
SOLUSDT,1701820800000,0.00025226,61.04239102
SOLUSDT,1701849600000,0.00045867,63.42659022
SOLUSDT,1701878400000,0.00011861,62.65500000
SOLUSDT,1701907200000,0.00010000,61.86500000
SOLUSDT,1701936000000,0.00010000,63.38500000
SOLUSDT,1701964800000,0.00036868,65.89057505
SOLUSDT,1701993600000,0.00061268,67.79886323
SOLUSDT,1702022400000,0.00024053,71.43700000
SOLUSDT,1702051200000,0.00020330,72.06438261
SOLUSDT,1702080000000,0.00032215,74.96721382
SOLUSDT,1702108800000,0.00039400,76.99300000
SOLUSDT,1702137600000,0.00010000,75.60224558
SOLUSDT,1702166400000,0.00025874,72.33963705
SOLUSDT,1702195200000,0.00037686,72.52700000
SOLUSDT,1702224000000,0.00020175,73.76900000
SOLUSDT,1702252800000,0.00027221,74.89557665
SOLUSDT,1702281600000,0.00010000,68.51714216
SOLUSDT,1702310400000,0.00010000,69.29500000
SOLUSDT,1702339200000,0.00023316,70.28800000
SOLUSDT,1702368000000,0.00011574,71.78500000
SOLUSDT,1702396800000,0.00011972,68.50354989
SOLUSDT,1702425600000,0.00010000,68.63013865
SOLUSDT,1702454400000,0.00010000,64.91245742
SOLUSDT,1702483200001,0.00010000,67.57238336
SOLUSDT,1702512000000,0.00010000,70.65660105
SOLUSDT,1702540800000,0.00010000,71.56960651
SOLUSDT,1702569600000,0.00010000,71.65858713
SOLUSDT,1702598400000,0.00016198,75.72193765
SOLUSDT,1702627200000,0.00016880,76.66100000
SOLUSDT,1702656000000,0.00032874,76.10100000
SOLUSDT,1702684800000,0.00010000,72.55100000
SOLUSDT,1702713600000,0.00010000,74.38619866
SOLUSDT,1702742400001,0.00010000,77.14973454
SOLUSDT,1702771200000,0.00010000,73.73981292
SOLUSDT,1702800000000,0.00010000,72.38700000
SOLUSDT,1702828800000,0.00010000,72.72000000
SOLUSDT,1702857600000,0.00010000,70.90397145
SOLUSDT,1702886400001,0.00010000,68.94600000
SOLUSDT,1702915200000,0.00010000,70.74317973
SOLUSDT,1702944000000,0.00010000,74.42521584
SOLUSDT,1702972800000,0.00010000,75.73113316
SOLUSDT,1703001600000,0.00010330,73.71353572
SOLUSDT,1703030400000,0.00010000,73.04100000
SOLUSDT,1703059200000,0.00028564,76.12000000
SOLUSDT,1703088000000,0.00018812,80.74976430
SOLUSDT,1703116800000,0.00010000,82.21477653
SOLUSDT,1703145600000,0.00010000,86.82216354
SOLUSDT,1703174400000,0.00010000,87.55711255
SOLUSDT,1703203200000,0.00031152,93.92214644
SOLUSDT,1703232000000,0.00036827,93.86635150
SOLUSDT,1703260800000,0.00012814,96.34786067
SOLUSDT,1703289600000,0.00010000,97.95024252
SOLUSDT,1703318400001,0.00018694,95.43333234
SOLUSDT,1703347200000,0.00010000,96.84511092
SOLUSDT,1703376000000,0.00034505,107.93400325
SOLUSDT,1703404800000,0.00025777,114.50937791
SOLUSDT,1703433600000,0.00012453,113.62200000
SOLUSDT,1703462400000,0.00019130,112.56000000
SOLUSDT,1703491200000,0.00018571,113.01220997
SOLUSDT,1703520000000,0.00063964,123.18200000
SOLUSDT,1703548800000,0.00029627,120.91586118
SOLUSDT,1703577600000,0.00012594,113.42500000
SOLUSDT,1703606400000,0.00014423,110.67741394
SOLUSDT,1703635200000,0.00010000,112.50723920
SOLUSDT,1703664000000,0.00041146,111.48343024
SOLUSDT,1703692800000,0.00067699,107.95565915
SOLUSDT,1703721600000,0.00053993,107.04922669
SOLUSDT,1703750400000,0.00086297,105.98800000
SOLUSDT,1703779200000,0.00084399,99.80600000
SOLUSDT,1703808000001,0.00050327,101.90312330
SOLUSDT,1703836800000,0.00040365,105.22893203
SOLUSDT,1703865600000,0.00044869,106.05700000
SOLUSDT,1703894400001,0.00046726,106.22500000
SOLUSDT,1703923200000,0.00024082,103.53517549
SOLUSDT,1703952000000,0.00030813,104.30739890
SOLUSDT,1703980800000,0.00034362,101.97000000
SOLUSDT,1704009600001,0.00052654,104.06400000
SOLUSDT,1704038400000,0.00041035,102.57600000
SOLUSDT,1704067200000,0.00022410,101.74786780
SOLUSDT,1704096000000,0.00032989,102.58600000
SOLUSDT,1704124800000,0.00051477,106.06654631
SOLUSDT,1704153600000,0.00057513,110.01332231
SOLUSDT,1704182400000,0.00046798,114.52340783
SOLUSDT,1704211200000,0.00096801,109.69483081
SOLUSDT,1704240000000,0.00032289,106.81696756
SOLUSDT,1704268800000,0.00013468,107.83683162
SOLUSDT,1704297600000,0.00010000,101.71819785
SOLUSDT,1704326400000,0.00010000,98.53401017
SOLUSDT,1704355200000,0.00010000,98.88674121
SOLUSDT,1704384000000,0.00010000,103.69800000
SOLUSDT,1704412800001,0.00010000,104.93415381
SOLUSDT,1704441600000,0.00010000,101.13300000
SOLUSDT,1704470400000,0.00010000,98.05000000
SOLUSDT,1704499200000,0.00010000,99.88638647
SOLUSDT,1704528000000,0.00010000,94.46891543
SOLUSDT,1704556800000,0.00010000,95.16100000
SOLUSDT,1704585600000,0.00010000,93.78629738
SOLUSDT,1704614400001,0.00010000,95.24846557
SOLUSDT,1704643200001,0.00010000,93.92617030
SOLUSDT,1704672000000,0.00010000,89.41400000
SOLUSDT,1704700800000,0.00010000,89.66144222
SOLUSDT,1704729600000,0.00010000,94.64300000
SOLUSDT,1704758400001,0.00010000,97.90255117
SOLUSDT,1704787200000,0.00010000,101.90900000
SOLUSDT,1704816000000,0.00010000,99.82460555
SOLUSDT,1704844800000,0.00010000,99.36389148
SOLUSDT,1704873600000,0.00010000,98.13978550
SOLUSDT,1704902400000,0.00010000,94.80962775
SOLUSDT,1704931200000,0.00010000,102.06300000
SOLUSDT,1704960000000,0.00010000,99.74500000
SOLUSDT,1704988800000,0.00010000,100.80800000
SOLUSDT,1705017600001,0.00010000,99.92100000
SOLUSDT,1705046400000,0.00010000,98.84500000
SOLUSDT,1705075200000,0.00010000,95.39600000
SOLUSDT,1705104000000,0.00010000,92.04835220
SOLUSDT,1705132800000,0.00010000,92.54741236
SOLUSDT,1705161600001,0.00010000,92.90600000
SOLUSDT,1705190400000,0.00010000,95.83966701
SOLUSDT,1705219200000,0.00010000,98.34494871
SOLUSDT,1705248000001,0.00010000,99.51826971
SOLUSDT,1705276800000,0.00010000,93.83306434
SOLUSDT,1705305600000,0.00010000,95.61733430
SOLUSDT,1705334400000,0.00010000,93.52561026
SOLUSDT,1705363200000,0.00010000,94.38706537
SOLUSDT,1705392000000,0.00010000,97.74300000
SOLUSDT,1705420800001,0.00010000,97.25399656
SOLUSDT,1705449600000,0.00010000,97.63700000
SOLUSDT,1705478400000,0.00010000,97.36600000
SOLUSDT,1705507200000,0.00010000,99.40800000
SOLUSDT,1705536000001,0.00010000,102.15100000
SOLUSDT,1705564800000,0.00010000,100.78500000
SOLUSDT,1705593600000,0.00010000,98.26896317
SOLUSDT,1705622400000,0.00010000,94.38400000
SOLUSDT,1705651200000,0.00010000,94.49106232
SOLUSDT,1705680000002,0.00010000,91.25252523
SOLUSDT,1705708800000,0.00010000,93.62445853
SOLUSDT,1705737600003,0.00010000,91.91718796
SOLUSDT,1705766400000,0.00010000,90.86000000
SOLUSDT,1705795200000,0.00010000,92.89575871
SOLUSDT,1705824000000,0.00010000,92.37480134
SOLUSDT,1705852800000,0.00010000,92.51116127
SOLUSDT,1705881600000,0.00010000,91.09327819
SOLUSDT,1705910400000,0.00010000,89.24091860
SOLUSDT,1705939200000,0.00010000,87.27127426
SOLUSDT,1705968000000,0.00010000,83.87131277
SOLUSDT,1705996800000,0.00010000,82.81747384
SOLUSDT,1706025600000,0.00010000,82.67800000
SOLUSDT,1706054400000,0.00010000,84.31496462
SOLUSDT,1706083200000,0.00010000,86.10000000
SOLUSDT,1706112000000,0.00010000,86.97934479
SOLUSDT,1706140800000,0.00010000,88.74864834
SOLUSDT,1706169600001,0.00010000,88.19537866
SOLUSDT,1706198400000,0.00010000,86.40768457
SOLUSDT,1706227200001,0.00010000,86.88581215
SOLUSDT,1706256000000,0.00010000,87.00000000
SOLUSDT,1706284800000,0.00007999,92.36670761
SOLUSDT,1706313600000,0.00010000,92.26700000
SOLUSDT,1706342400000,0.00010000,91.18600105
SOLUSDT,1706371200000,0.00010000,92.78200000
SOLUSDT,1706400000000,0.00008902,94.23907564
SOLUSDT,1706428800000,0.00002568,95.72600000
SOLUSDT,1706457600000,0.00010000,97.05200000
SOLUSDT,1706486400000,0.00010000,95.94100000
SOLUSDT,1706515200001,0.00003929,96.71300000
SOLUSDT,1706544000000,0.00010000,99.90111569
SOLUSDT,1706572800000,0.00010000,101.62600000
SOLUSDT,1706601600000,0.00004333,102.88300000
SOLUSDT,1706630400001,0.00010000,104.78078222
SOLUSDT,1706659200000,0.00010000,101.38340785
SOLUSDT,1706688000000,0.00005702,101.60687047
SOLUSDT,1706716800000,0.00010000,101.48855790
SOLUSDT,1706745600000,0.00005150,96.92434636
SOLUSDT,1706774400000,0.00010000,94.89019007
SOLUSDT,1706803200002,0.00007451,95.97825871
SOLUSDT,1706832000000,0.00010000,97.77500000
SOLUSDT,1706860800000,0.00010000,101.18976366
SOLUSDT,1706889600000,0.00010000,101.28400000
SOLUSDT,1706918400000,0.00010000,100.55100000
SOLUSDT,1706947200000,0.00009726,99.05600000
SOLUSDT,1706976000001,0.00010000,97.96034104
SOLUSDT,1707004800000,0.00010000,97.92321612
SOLUSDT,1707033600004,0.00010000,96.49500000
SOLUSDT,1707062400000,0.00010000,97.60300000
SOLUSDT,1707091200000,0.00010000,95.45318996
SOLUSDT,1707120000000,0.00010000,97.53909230
SOLUSDT,1707148800000,0.00010000,95.57325377
SOLUSDT,1707177600000,0.00005616,95.60702816
SOLUSDT,1707206400001,0.00010000,95.73401040
SOLUSDT,1707235200000,0.00010000,95.70213931
SOLUSDT,1707264000000,0.00010000,96.86159697
SOLUSDT,1707292800000,0.00010000,95.57182908
SOLUSDT,1707321600000,0.00010000,96.21800000
SOLUSDT,1707350400000,0.00010000,101.13246646
SOLUSDT,1707379200000,0.00010000,100.80477917
SOLUSDT,1707408000000,0.00010000,104.79100000
SOLUSDT,1707436800000,0.00007069,102.74400000
SOLUSDT,1707465600000,0.00003075,105.21100000
SOLUSDT,1707494400001,0.00010000,105.62000000
SOLUSDT,1707523200001,0.00010000,106.92300000
SOLUSDT,1707552000000,0.00010000,108.86600000
SOLUSDT,1707580800000,0.00010000,108.49745346
SOLUSDT,1707609600000,0.00010000,108.98526421
SOLUSDT,1707638400001,0.00010000,109.21771445
SOLUSDT,1707667200000,0.00010000,108.81016865
SOLUSDT,1707696000000,0.00010000,107.46495073
SOLUSDT,1707724800000,0.00010000,105.92723492
SOLUSDT,1707753600000,0.00010000,108.84309885
SOLUSDT,1707782400000,0.00010000,111.73900000
SOLUSDT,1707811200000,0.00014166,114.08700000
SOLUSDT,1707840000000,0.00010000,110.36482372
SOLUSDT,1707868800000,0.00010000,112.53326192
SOLUSDT,1707897600000,0.00010000,113.09900000
SOLUSDT,1707926400000,0.00029225,116.99454665
SOLUSDT,1707955200000,0.00013572,117.09173686
SOLUSDT,1707984000000,0.00015932,115.09659855
SOLUSDT,1708012800000,0.00012000,114.08665167
SOLUSDT,1708041600000,0.00022371,113.59700000
SOLUSDT,1708070400000,0.00032087,111.55200000
SOLUSDT,1708099200000,0.00016914,109.72400000
SOLUSDT,1708128000000,0.00017661,110.39169654
SOLUSDT,1708156800000,0.00042046,110.41000000
SOLUSDT,1708185600000,0.00028279,107.26800000
SOLUSDT,1708214400000,0.00022777,109.00724484
SOLUSDT,1708243200000,0.00019395,109.29084412
SOLUSDT,1708272000000,0.00022192,112.40701989
SOLUSDT,1708300800000,0.00030230,112.32154665
SOLUSDT,1708329600000,0.00029566,113.28900000
SOLUSDT,1708358400000,0.00031944,113.78000000
SOLUSDT,1708387200000,0.00047470,111.63358358
SOLUSDT,1708416000000,0.00029934,109.52366726
SOLUSDT,1708444800000,0.00031742,106.59061438
SOLUSDT,1708473600000,0.00016255,108.39609459
SOLUSDT,1708502400000,0.00025310,104.91685745
SOLUSDT,1708531200000,0.00017730,103.90400000
SOLUSDT,1708560000001,0.00016351,105.10500000
SOLUSDT,1708588800001,0.00021049,105.16100000
SOLUSDT,1708617600000,0.00018339,105.46900000
SOLUSDT,1708646400000,0.00026289,101.80500000
SOLUSDT,1708675200000,0.00032841,102.04600000
SOLUSDT,1708704000000,0.00016957,100.34084709
SOLUSDT,1708732800000,0.00027113,99.94884067
SOLUSDT,1708761600001,0.00033132,102.31200000
SOLUSDT,1708790400000,0.00026230,102.02748108
SOLUSDT,1708819200001,0.00027207,104.10902289
SOLUSDT,1708848000000,0.00041614,103.08854499
SOLUSDT,1708876800000,0.00042645,102.85000000
SOLUSDT,1708905600000,0.00055329,103.56900000
SOLUSDT,1708934400000,0.00055349,103.38663887
SOLUSDT,1708963200000,0.00038701,105.05500000
SOLUSDT,1708992000000,0.00060184,110.02913939
SOLUSDT,1709020800000,0.00069189,110.47468133
SOLUSDT,1709049600000,0.00051508,106.88460847
SOLUSDT,1709078400000,0.00032603,108.45000000
SOLUSDT,1709107200000,0.00040753,110.14368128
SOLUSDT,1709136000000,0.00078549,113.17211082
SOLUSDT,1709164800000,0.00089000,119.24687856
SOLUSDT,1709193600000,0.00098885,125.68452041
SOLUSDT,1709222400000,0.00081567,132.43200000
SOLUSDT,1709251200000,0.00060436,125.73100000
SOLUSDT,1709280000000,0.00061591,132.05237220
SOLUSDT,1709308800000,0.00066424,131.35739088
SOLUSDT,1709337600000,0.00073268,129.44700000
SOLUSDT,1709366400001,0.00075500,129.27649114
SOLUSDT,1709395200000,0.00063147,128.02068860
SOLUSDT,1709424000000,0.00076414,130.18400000
SOLUSDT,1709452800000,0.00054160,126.86034567
SOLUSDT,1709481600000,0.00058338,129.44168078
SOLUSDT,1709510400000,0.00070533,130.30800000
SOLUSDT,1709539200000,0.00072401,129.71152981
SOLUSDT,1709568000000,0.00073074,131.88400000
SOLUSDT,1709596800000,0.00071628,133.38137945
SOLUSDT,1709625600000,0.00119261,129.60000000
SOLUSDT,1709654400000,0.00114560,139.33123622
SOLUSDT,1709683200000,0.00010000,125.37700000
SOLUSDT,1709712000001,0.00036233,133.29800000
SOLUSDT,1709740800000,0.00038317,128.32500000
SOLUSDT,1709769600000,0.00038906,130.89446898
SOLUSDT,1709798400000,0.00054339,138.35700000
SOLUSDT,1709827200000,0.00052411,146.04482964
SOLUSDT,1709856000000,0.00059435,143.98534669
SOLUSDT,1709884800000,0.00055843,144.61434896
SOLUSDT,1709913600000,0.00053032,145.53000000
SOLUSDT,1709942400000,0.00048054,144.85847364
SOLUSDT,1709971200001,0.00029228,148.45700000
SOLUSDT,1710000000000,0.00044156,147.15098277
SOLUSDT,1710028800000,0.00040915,144.40217718
SOLUSDT,1710057600000,0.00084919,148.44962583
SOLUSDT,1710086400000,0.00033129,143.02500000
SOLUSDT,1710115200000,0.00023257,144.48890458
SOLUSDT,1710144000000,0.00066664,148.21572856
SOLUSDT,1710172800000,0.00081096,147.18986622
SOLUSDT,1710201600000,0.00071463,149.04855984
SOLUSDT,1710230400000,0.00073858,152.03500000
SOLUSDT,1710259200000,0.00055607,150.39890819
SOLUSDT,1710288000000,0.00064251,151.19203548
SOLUSDT,1710316800001,0.00069679,150.91000000
SOLUSDT,1710345600000,0.00064562,157.36100000
SOLUSDT,1710374400001,0.00052670,164.05844021
SOLUSDT,1710403200000,0.00051830,168.44300000
SOLUSDT,1710432000000,0.00052725,167.76600000
SOLUSDT,1710460800000,0.00063046,176.83800000
SOLUSDT,1710489600000,0.00034279,176.28014084
SOLUSDT,1710518400000,0.00027460,181.98300000
SOLUSDT,1710547200000,0.00014955,183.96153406
SOLUSDT,1710576000000,0.00020435,192.91400000
SOLUSDT,1710604800000,0.00015327,195.29940885
SOLUSDT,1710633600000,0.00014108,182.17207460
SOLUSDT,1710662400000,0.00010000,181.93187688
SOLUSDT,1710691200000,0.00030858,195.72345475
SOLUSDT,1710720000000,0.00033129,201.96200000
SOLUSDT,1710748800000,0.00028956,203.32821998
SOLUSDT,1710777600001,0.00018996,203.91000000
SOLUSDT,1710806400000,0.00020920,196.07942787
SOLUSDT,1710835200000,0.00020307,186.21300000
SOLUSDT,1710864000001,0.00010000,183.02696107
SOLUSDT,1710892800000,0.00018828,169.91700000
SOLUSDT,1710921600004,0.00018831,173.42900000
SOLUSDT,1710950400000,0.00010917,170.66037781
SOLUSDT,1710979200000,0.00015928,191.91500000
SOLUSDT,1711008000000,0.00030752,188.72144080
SOLUSDT,1711036800000,0.00014524,185.38044017
SOLUSDT,1711065600000,0.00014092,179.53500000
SOLUSDT,1711094400000,0.00014802,179.20266600
SOLUSDT,1711123200000,0.00016161,171.72640059
SOLUSDT,1711152000000,0.00015244,175.20815034
SOLUSDT,1711180800000,0.00015091,176.12500000
SOLUSDT,1711209600000,0.00016841,175.26200000
SOLUSDT,1711238400000,0.00017713,172.72500000
SOLUSDT,1711267200000,0.00015435,173.62781205
SOLUSDT,1711296000000,0.00025686,176.35991155
SOLUSDT,1711324800000,0.00021466,184.00072649
SOLUSDT,1711353600001,0.00017494,185.88800000
SOLUSDT,1711382400000,0.00020373,192.84830097
SOLUSDT,1711411200000,0.00039207,189.15896478
SOLUSDT,1711440000000,0.00020767,194.12614301
SOLUSDT,1711468800000,0.00025173,190.49100000
SOLUSDT,1711497600000,0.00032068,190.62300000
SOLUSDT,1711526400001,0.00040480,186.94178383
SOLUSDT,1711555200000,0.00025221,181.22500000
SOLUSDT,1711584000000,0.00026487,186.44800000
SOLUSDT,1711612800000,0.00039989,187.51293276
SOLUSDT,1711641600000,0.00036742,187.49952185
SOLUSDT,1711670400000,0.00045018,189.87190520
SOLUSDT,1711699200000,0.00035449,183.82301069
SOLUSDT,1711728000000,0.00040773,185.01888418
SOLUSDT,1711756800000,0.00052381,192.20000000
SOLUSDT,1711785600000,0.00055026,195.96664483
SOLUSDT,1711814400000,0.00058211,196.52786710
SOLUSDT,1711843200000,0.00044594,194.31410457
SOLUSDT,1711872000000,0.00046087,196.95300000
SOLUSDT,1711900800001,0.00053015,195.86000000
SOLUSDT,1711929600000,0.00083459,202.67800000
SOLUSDT,1711958400000,0.00044327,198.08340081
SOLUSDT,1711987200000,0.00031429,188.21700000
SOLUSDT,1712016000007,0.00015817,192.34853484
SOLUSDT,1712044800015,0.00010000,183.27200000
SOLUSDT,1712073600000,0.00015893,177.55400000
SOLUSDT,1712102400000,0.00010960,181.64800768
SOLUSDT,1712131200000,0.00010000,189.65000000
SOLUSDT,1712160000000,0.00016154,189.13700000
SOLUSDT,1712188800000,0.00010000,185.16402224
SOLUSDT,1712217600000,0.00010000,185.05461688
SOLUSDT,1712246400000,0.00016815,187.14640034
SOLUSDT,1712275200000,0.00010000,184.11500000
SOLUSDT,1712304000000,0.00010000,175.17696083
SOLUSDT,1712332800000,0.00010000,175.93700000
SOLUSDT,1712361600000,0.00010000,174.43127179
SOLUSDT,1712390400000,0.00010000,177.31900000
SOLUSDT,1712419200000,0.00010000,177.23200000
SOLUSDT,1712448000000,0.00010000,178.75074173
SOLUSDT,1712476800000,0.00010000,179.84600000
SOLUSDT,1712505600000,0.00010000,179.72776886
SOLUSDT,1712534400001,0.00013953,179.61600000
SOLUSDT,1712563200000,0.00025466,180.24859605
SOLUSDT,1712592000006,0.00018234,181.53400000
SOLUSDT,1712620800000,0.00013524,180.80273769
SOLUSDT,1712649600001,0.00012502,175.74196875
SOLUSDT,1712678400001,0.00011397,172.52900000
SOLUSDT,1712707200000,0.00036513,172.55000000
SOLUSDT,1712736000001,0.00031624,172.89152633
SOLUSDT,1712764800000,0.00017163,168.03909731
SOLUSDT,1712793600000,0.00027306,173.42449003
SOLUSDT,1712822400000,0.00024101,174.57075619
SOLUSDT,1712851200000,0.00027676,173.54800000
SOLUSDT,1712880000000,0.00026578,172.49700000
SOLUSDT,1712908800001,0.00029410,173.38468030
SOLUSDT,1712937600000,0.00025596,167.46000000
SOLUSDT,1712966400000,0.00010000,153.18345357
SOLUSDT,1712995200000,0.00010000,151.09500000
SOLUSDT,1713024000001,0.00010000,149.01800000
SOLUSDT,1713052800000,0.00010000,138.39379496
SOLUSDT,1713081600000,0.00010000,144.01900000
SOLUSDT,1713110400000,0.00010000,137.94924828
SOLUSDT,1713139200000,0.00009686,151.22558184
SOLUSDT,1713168000001,-0.00000758,153.70362534
SOLUSDT,1713196800000,0.00006370,143.23200000
SOLUSDT,1713225600001,-0.00005815,138.44476488
SOLUSDT,1713254400000,0.00004459,137.81100000
SOLUSDT,1713283200000,0.00002516,127.61114289
SOLUSDT,1713312000000,-0.00002599,136.18400000
SOLUSDT,1713340800000,0.00000333,139.39500000
SOLUSDT,1713369600000,0.00010000,128.70931950
SOLUSDT,1713398400000,0.00006888,131.79905024
SOLUSDT,1713427200000,0.00007203,129.37818107
SOLUSDT,1713456000000,0.00006590,138.93497706
SOLUSDT,1713484800001,-0.00001667,141.96356940
SOLUSDT,1713513600000,0.00004680,143.27100000
SOLUSDT,1713542400000,0.00002007,146.16566985
SOLUSDT,1713571200000,0.00010000,142.44400000
SOLUSDT,1713600000000,0.00004184,143.45200000
SOLUSDT,1713628800000,0.00006594,147.11599257
SOLUSDT,1713657600000,0.00007055,151.17800000
SOLUSDT,1713686400000,-0.00002982,151.04598597
SOLUSDT,1713715200000,0.00004268,150.10000000
SOLUSDT,1713744000000,0.00003735,148.75525153
SOLUSDT,1713772800000,0.00008512,153.56000000
SOLUSDT,1713801600000,-0.00003018,153.37400000
SOLUSDT,1713830400000,-0.00001270,156.88100000
SOLUSDT,1713859200000,-0.00004214,153.55200000
SOLUSDT,1713888000001,0.00001577,157.84000000
SOLUSDT,1713916800000,0.00000977,154.72300000
SOLUSDT,1713945600000,0.00000643,157.74783935
SOLUSDT,1713974400000,0.00010000,151.47400000
SOLUSDT,1714003200000,0.00010000,147.71375189
SOLUSDT,1714032000000,0.00002239,146.22900000
SOLUSDT,1714060800010,0.00010000,147.72044338
SOLUSDT,1714089600001,0.00006164,144.78700000
SOLUSDT,1714118400000,0.00008426,143.40300000
SOLUSDT,1714147200000,0.00008505,142.65697578
SOLUSDT,1714176000000,0.00005384,139.20100000
SOLUSDT,1714204800001,-0.00002561,136.09600000
SOLUSDT,1714233600000,0.00002358,137.67200000
SOLUSDT,1714262400000,0.00002733,141.23500000
SOLUSDT,1714291200000,0.00003029,143.50100000
SOLUSDT,1714320000000,0.00010000,141.93500000
SOLUSDT,1714348800000,0.00010000,137.92200000
SOLUSDT,1714377600000,0.00010000,134.90400000
SOLUSDT,1714406400000,0.00010000,136.43500000
SOLUSDT,1714435200000,0.00006384,137.69900000
SOLUSDT,1714464000000,0.00010000,135.03100000
SOLUSDT,1714492800000,0.00004102,127.72039636
SOLUSDT,1714521600000,-0.00003566,126.69326163
SOLUSDT,1714550400000,0.00010000,120.54400000
SOLUSDT,1714579200000,0.00009105,123.33236117
SOLUSDT,1714608000000,0.00000378,134.56900000
SOLUSDT,1714636800000,0.00007951,131.32011754
SOLUSDT,1714665600002,0.00003479,139.01000000
SOLUSDT,1714694400000,0.00005799,137.53700000
SOLUSDT,1714723200000,-0.00005326,137.18840579
SOLUSDT,1714752000000,0.00003126,142.00000000
SOLUSDT,1714780800000,-0.00008768,143.62427845
SOLUSDT,1714809600000,0.00001077,143.89900000
SOLUSDT,1714838400000,0.00001309,146.11746473
SOLUSDT,1714867200000,0.00005621,146.00700000
SOLUSDT,1714896000000,0.00008266,145.58000000
SOLUSDT,1714924800000,0.00007548,147.40200000
SOLUSDT,1714953600000,0.00005854,145.67300000
SOLUSDT,1714982400000,0.00005220,148.67240700
SOLUSDT,1715011200000,0.00010000,153.79700869
SOLUSDT,1715040000000,0.00007714,152.78000000
SOLUSDT,1715068800000,-0.00001698,155.08429183
SOLUSDT,1715097600000,0.00002502,154.61915736
SOLUSDT,1715126400000,0.00010000,148.02850935
SOLUSDT,1715155200000,0.00010000,146.40600000
SOLUSDT,1715184000000,0.00010000,145.81600000
SOLUSDT,1715212800000,0.00005327,142.11900000
SOLUSDT,1715241600000,0.00008335,143.23415262
SOLUSDT,1715270400000,0.00007648,146.40000000
SOLUSDT,1715299200000,0.00002012,152.45700000
SOLUSDT,1715328000000,0.00005156,154.26800000
SOLUSDT,1715356800000,0.00010000,146.87098126
SOLUSDT,1715385600000,0.00004734,145.96400000
SOLUSDT,1715414400000,0.00009445,145.70920173
SOLUSDT,1715443200000,0.00005096,145.56600000
SOLUSDT,1715472000000,0.00004613,145.36399507
SOLUSDT,1715500800000,0.00002900,144.14138521
SOLUSDT,1715529600000,0.00006071,145.15488334
SOLUSDT,1715558400001,-0.00000724,143.36400000
SOLUSDT,1715587200001,0.00010000,143.50900000
SOLUSDT,1715616000000,0.00009778,147.20700000
SOLUSDT,1715644800000,0.00010000,147.51486847
SOLUSDT,1715673600000,0.00008969,146.49100000
SOLUSDT,1715702400000,0.00004564,142.82400000
SOLUSDT,1715731200000,0.00001738,141.96300000
SOLUSDT,1715760000000,0.00001895,144.21587153
SOLUSDT,1715788800000,0.00008360,151.81933412
SOLUSDT,1715817600004,0.00010000,158.44813827
SOLUSDT,1715846400000,0.00010000,162.71189365
SOLUSDT,1715875200000,0.00010000,160.41100000
SOLUSDT,1715904000000,0.00007450,159.30300000
SOLUSDT,1715932800000,0.00003361,169.10496702
SOLUSDT,1715961600000,0.00004112,169.58500000
SOLUSDT,1715990400000,0.00004208,169.35100000
SOLUSDT,1716019200000,0.00002883,172.21600000
SOLUSDT,1716048000000,0.00006893,172.34330544
SOLUSDT,1716076800000,0.00003799,172.29900000
SOLUSDT,1716105600000,0.00001875,174.09100000
SOLUSDT,1716134400000,0.00008795,168.20240894
SOLUSDT,1716163200000,0.00010000,169.85300000
SOLUSDT,1716192000000,0.00010000,177.94900601
SOLUSDT,1716220800003,0.00006762,178.91923886
SOLUSDT,1716249600000,0.00010000,186.69512073
SOLUSDT,1716278400001,0.00010000,181.31062744
SOLUSDT,1716307200000,0.00010000,176.85441502
SOLUSDT,1716336000000,0.00010000,178.15000000
SOLUSDT,1716364800000,0.00010000,179.88731597
SOLUSDT,1716393600000,0.00010000,181.39304713
SOLUSDT,1716422400000,0.00010000,177.00100000
SOLUSDT,1716451200000,0.00010000,177.49000000
SOLUSDT,1716480000000,0.00010000,172.70000000
SOLUSDT,1716508800000,0.00010000,176.18200000
SOLUSDT,1716537600000,0.00010000,166.24000000
SOLUSDT,1716566400000,0.00010000,167.27480894
SOLUSDT,1716595200000,0.00010000,167.66760810
SOLUSDT,1716624000000,0.00010000,169.00329730
SOLUSDT,1716652800000,0.00010000,167.78524111
SOLUSDT,1716681600000,0.00010000,168.35780113
SOLUSDT,1716710400000,0.00010000,165.37200000
SOLUSDT,1716739200000,0.00010000,162.92251383
SOLUSDT,1716768000000,0.00010000,163.50975682
SOLUSDT,1716796800000,0.00010000,165.61300000
SOLUSDT,1716825600000,0.00010000,171.11300000
SOLUSDT,1716854400000,0.00010000,170.24900000
SOLUSDT,1716883200000,0.00010000,166.20242341
SOLUSDT,1716912000000,0.00014129,168.32490203
SOLUSDT,1716940800001,0.00018529,168.79745455
SOLUSDT,1716969600000,0.00013729,170.91800000
SOLUSDT,1716998400000,0.00010000,168.65200000
SOLUSDT,1717027200000,0.00010000,168.42500000
SOLUSDT,1717056000000,0.00010000,165.09300000
SOLUSDT,1717084800000,0.00010000,168.53197518
SOLUSDT,1717113600000,0.00010000,166.98188639
SOLUSDT,1717142400000,0.00010000,166.73994677
SOLUSDT,1717171200000,0.00010000,164.91900000
SOLUSDT,1717200000000,0.00016081,165.74340237
SOLUSDT,1717228800000,0.00011764,166.94483777
SOLUSDT,1717257600001,0.00010981,167.37061007
SOLUSDT,1717286400000,0.00016684,166.27969042
SOLUSDT,1717315200000,0.00010000,165.10100000
SOLUSDT,1717344000000,0.00010000,165.26383465
SOLUSDT,1717372800000,0.00012157,163.24919022
SOLUSDT,1717401600000,0.00010832,165.43300000
SOLUSDT,1717430400000,0.00011323,164.91884663
SOLUSDT,1717459200000,0.00015497,164.99500000
SOLUSDT,1717488000000,0.00013282,165.35211176
SOLUSDT,1717516800000,0.00016338,168.01248845
SOLUSDT,1717545600000,0.00021045,171.88712880
SOLUSDT,1717574400000,0.00023899,173.52439268
SOLUSDT,1717603200000,0.00021842,174.89900000
SOLUSDT,1717632000000,0.00016193,173.64620330
SOLUSDT,1717660800008,0.00020255,172.72900000
SOLUSDT,1717689600000,0.00020758,173.08969027
SOLUSDT,1717718400000,0.00010000,170.27099164
SOLUSDT,1717747200000,0.00016418,172.12100000
SOLUSDT,1717776000000,0.00016980,170.21900000
SOLUSDT,1717804800000,0.00010000,162.51811457
SOLUSDT,1717833600000,0.00010000,163.59657954
SOLUSDT,1717862400000,0.00010000,160.13244394
SOLUSDT,1717891200000,0.00010000,157.83251870
SOLUSDT,1717920000000,0.00010000,159.01010319
SOLUSDT,1717948800001,0.00010000,161.60718748
SOLUSDT,1717977600000,0.00010000,162.12160957
SOLUSDT,1718006400000,0.00010000,157.65926512
SOLUSDT,1718035200001,0.00010000,162.35900000
SOLUSDT,1718064000001,0.00010000,159.08602475
SOLUSDT,1718092800000,0.00010000,153.39150116
SOLUSDT,1718121600000,0.00010000,147.61607412
SOLUSDT,1718150400000,0.00010000,149.24517645
SOLUSDT,1718179200000,0.00010000,151.76500000
SOLUSDT,1718208000000,0.00010000,158.81000000
SOLUSDT,1718236800000,0.00010000,155.18113793
SOLUSDT,1718265600001,0.00010000,152.07100000
SOLUSDT,1718294400000,0.00010000,146.83065193
SOLUSDT,1718323200000,0.00010000,147.21583775
SOLUSDT,1718352000000,0.00008277,147.52632094
SOLUSDT,1718380800000,0.00009897,143.74164219
SOLUSDT,1718409600000,0.00010000,142.98790926
SOLUSDT,1718438400000,0.00010000,143.76000000
SOLUSDT,1718467200000,0.00010000,145.09800000
SOLUSDT,1718496000001,0.00010000,145.45000000
SOLUSDT,1718524800000,0.00010000,144.43485774
SOLUSDT,1718553600000,0.00003192,148.43629168
SOLUSDT,1718582400000,0.00010000,151.24554704
SOLUSDT,1718611200000,0.00010000,146.56102734
SOLUSDT,1718640000000,0.00007161,141.17800000
SOLUSDT,1718668800000,0.00007592,143.19700000
SOLUSDT,1718697600000,-0.00008849,136.63983046
SOLUSDT,1718726400000,0.00010000,135.98969153
SOLUSDT,1718755200001,0.00010000,137.35900000
SOLUSDT,1718784000001,0.00004103,139.92208663
SOLUSDT,1718812800000,0.00006996,136.88500000
SOLUSDT,1718841600000,0.00007341,135.55700000
SOLUSDT,1718870400000,0.00001175,137.10000000
SOLUSDT,1718899200000,-0.00002605,133.19600000
SOLUSDT,1718928000000,0.00000876,133.50587862
SOLUSDT,1718956800000,0.00004454,131.38100000
SOLUSDT,1718985600000,0.00004111,131.33347481
SOLUSDT,1719014400000,0.00007060,134.54400000
SOLUSDT,1719043200000,-0.00002362,134.80744822
SOLUSDT,1719072000000,0.00010000,134.20105191
SOLUSDT,1719100800000,0.00007846,133.62700000
SOLUSDT,1719129600000,0.00003933,134.68043277
SOLUSDT,1719158400000,0.00004131,131.53500000
SOLUSDT,1719187200002,0.00010000,128.66000000
SOLUSDT,1719216000000,0.00003318,125.12100000
SOLUSDT,1719244800000,0.00002872,126.27530225
SOLUSDT,1719273600000,0.00001182,132.23700000
SOLUSDT,1719302400000,-0.00003228,134.77300000
SOLUSDT,1719331200000,0.00008255,139.37200000
SOLUSDT,1719360000002,0.00010000,136.53800000
SOLUSDT,1719388800000,0.00010000,137.91908321
SOLUSDT,1719417600000,0.00010000,136.84037530
SOLUSDT,1719446400000,0.00010000,136.80700000
SOLUSDT,1719475200001,0.00010000,135.90252208
SOLUSDT,1719504000000,0.00010000,147.69700000
SOLUSDT,1719532800000,0.00010000,149.67091819
SOLUSDT,1719561600000,0.00008707,145.30900000
SOLUSDT,1719590400000,0.00009286,143.20280883
SOLUSDT,1719619200001,0.00010000,139.98984023
SOLUSDT,1719648000000,0.00010000,141.93200000
SOLUSDT,1719676800000,0.00010000,142.63817401
SOLUSDT,1719705600000,0.00010000,140.22000000
SOLUSDT,1719734400000,0.00010000,140.58000000
SOLUSDT,1719763200000,0.00010000,143.73500000
SOLUSDT,1719792000000,0.00008734,146.58200000
SOLUSDT,1719820800000,0.00005816,148.24900000
SOLUSDT,1719849600001,0.00010000,148.46800000
SOLUSDT,1719878400000,0.00010000,146.63447863
SOLUSDT,1719907200000,0.00007576,147.39414119
SOLUSDT,1719936000000,0.00002759,148.34200000
SOLUSDT,1719964800000,0.00010000,153.96800000
SOLUSDT,1719993600001,0.00010000,146.40951041
SOLUSDT,1720022400000,0.00010000,141.64449821
SOLUSDT,1720051200000,0.00010000,140.74500000
SOLUSDT,1720080000000,0.00008877,134.36000000
SOLUSDT,1720108800000,0.00004970,135.29600000
SOLUSDT,1720137600000,-0.00000947,127.79400000
SOLUSDT,1720166400000,0.00005210,126.67900000
SOLUSDT,1720195200000,-0.00011390,134.82211595
SOLUSDT,1720224000000,0.00007350,134.23000000
SOLUSDT,1720252800000,0.00004265,136.85111886
SOLUSDT,1720281600000,-0.00012992,141.76978216
SOLUSDT,1720310400001,0.00000352,142.99600000
SOLUSDT,1720339200000,0.00010000,139.07400000
SOLUSDT,1720368000000,0.00010000,137.03100000
SOLUSDT,1720396800000,0.00010000,131.59900000
SOLUSDT,1720425600000,-0.00005629,132.52500000
SOLUSDT,1720454400000,0.00010000,137.38919096
SOLUSDT,1720483200000,0.00010000,139.77501355
SOLUSDT,1720512000001,0.00005602,142.06300000
SOLUSDT,1720540800000,0.00004220,140.48573585
SOLUSDT,1720569600000,0.00008780,141.39100000
SOLUSDT,1720598400000,0.00008961,144.10700000
SOLUSDT,1720627200000,0.00007406,141.09562629
SOLUSDT,1720656000002,0.00010000,141.93042702
SOLUSDT,1720684800002,0.00002205,142.01400000
SOLUSDT,1720713600004,-0.00001433,138.39122213
SOLUSDT,1720742400000,0.00010000,135.70200000
SOLUSDT,1720771200000,0.00004566,135.35655146
SOLUSDT,1720800000000,-0.00001079,138.75858453
SOLUSDT,1720828800000,0.00001668,139.37900000
SOLUSDT,1720857600000,0.00008326,139.32506123
SOLUSDT,1720886400000,0.00004063,140.31100000
SOLUSDT,1720915200000,0.00008116,141.82657535
SOLUSDT,1720944000000,0.00004070,144.68500000
SOLUSDT,1720972800000,0.00002006,145.81600000
SOLUSDT,1721001600000,-0.00001038,147.59600000
SOLUSDT,1721030400000,0.00002402,153.16800000
SOLUSDT,1721059200000,0.00003810,152.86527730
SOLUSDT,1721088000000,-0.00003759,159.30000000
SOLUSDT,1721116800000,0.00010000,154.46676815
SOLUSDT,1721145600000,0.00007774,160.90500000
SOLUSDT,1721174400000,0.00010000,160.58328979
SOLUSDT,1721203200001,0.00005083,160.50800000
SOLUSDT,1721232000000,0.00010000,158.04717751
SOLUSDT,1721260800000,0.00006464,155.46240657
SOLUSDT,1721289600000,0.00008411,158.60800000
SOLUSDT,1721318400000,0.00010000,156.29988230
SOLUSDT,1721347200000,0.00007366,159.15035041
SOLUSDT,1721376000000,0.00010000,161.37600000
SOLUSDT,1721404800000,0.00005128,168.76000000
SOLUSDT,1721433600001,0.00010000,169.07501731
SOLUSDT,1721462400000,0.00002379,168.48538309
SOLUSDT,1721491200000,0.00000305,169.18899855
SOLUSDT,1721520000000,0.00010000,173.53200000
SOLUSDT,1721548800000,0.00010000,171.26000000
SOLUSDT,1721577600000,0.00005463,175.36600000
SOLUSDT,1721606400000,0.00010000,184.47200000
SOLUSDT,1721635200000,0.00010000,178.29108269
SOLUSDT,1721664000000,0.00007105,179.79100000
SOLUSDT,1721692800000,0.00010000,178.82300000
SOLUSDT,1721721600000,0.00010000,175.95800000
SOLUSDT,1721750400000,0.00010000,176.45578960
SOLUSDT,1721779200000,0.00004584,172.93333468
SOLUSDT,1721808000000,0.00010000,174.16267443
SOLUSDT,1721836800000,0.00007120,177.73478119
SOLUSDT,1721865600000,0.00008091,177.98300000
SOLUSDT,1721894400000,0.00009813,169.35014446
SOLUSDT,1721923200000,0.00007841,170.37600000
SOLUSDT,1721952000000,0.00007483,171.76000000
SOLUSDT,1721980800000,0.00003235,176.69600000
SOLUSDT,1722009600000,0.00006143,181.45303333
SOLUSDT,1722038400000,0.00004760,182.99100000
SOLUSDT,1722067200000,0.00003411,185.78404636
SOLUSDT,1722096000000,0.00008705,182.43173275
SOLUSDT,1722124800000,0.00010000,183.89600000
SOLUSDT,1722153600000,0.00010000,183.78099704
SOLUSDT,1722182400001,0.00008932,184.08300000
SOLUSDT,1722211200001,0.00003694,184.81360502
SOLUSDT,1722240000000,0.00010000,192.30200000
SOLUSDT,1722268800001,0.00010000,186.84376039
SOLUSDT,1722297600000,0.00007783,182.50900000
SOLUSDT,1722326400001,0.00010000,182.29900000
SOLUSDT,1722355200000,0.00010000,180.96120667
SOLUSDT,1722384000000,0.00003184,179.07200000
SOLUSDT,1722412800000,0.00007743,183.04619766
SOLUSDT,1722441600000,0.00008931,180.01800000
SOLUSDT,1722470400000,0.00009291,171.65888412
SOLUSDT,1722499200000,0.00010000,168.17899046
SOLUSDT,1722528000000,0.00010000,162.57237971
SOLUSDT,1722556800000,0.00003639,167.29443817
SOLUSDT,1722585600001,0.00010000,161.36050876
SOLUSDT,1722614400000,0.00010000,156.67294435
SOLUSDT,1722643200000,0.00009802,152.71688301
SOLUSDT,1722672000000,0.00010000,151.58391932
SOLUSDT,1722700800001,0.00008073,146.14615092
SOLUSDT,1722729600000,-0.00001748,142.46400000
SOLUSDT,1722758400000,0.00008871,140.82900000
SOLUSDT,1722787200000,0.00004224,135.14187778
SOLUSDT,1722816000000,0.00006211,138.27594987
SOLUSDT,1722844800000,-0.00000757,122.87795028
SOLUSDT,1722873600000,0.00000463,130.41700000
SOLUSDT,1722902400000,0.00008019,129.74228548
SOLUSDT,1722931200000,-0.00005258,141.93769668
SOLUSDT,1722960000000,-0.00000323,145.81600000
SOLUSDT,1722988800000,0.00002337,144.37291359
SOLUSDT,1723017600001,-0.00008086,152.38400000
SOLUSDT,1723046400000,0.00001745,148.38586089
SOLUSDT,1723075200001,0.00007141,144.73800000
SOLUSDT,1723104000000,0.00002523,153.61500000
SOLUSDT,1723132800000,-0.00002941,160.42300000
SOLUSDT,1723161600000,0.00003148,163.09681049
SOLUSDT,1723190400000,0.00001575,157.86100000
SOLUSDT,1723219200000,0.00002642,151.12976098
SOLUSDT,1723248000000,-0.00006621,156.18200000
SOLUSDT,1723276800000,0.00004285,155.35808455
SOLUSDT,1723305600000,0.00005146,153.91199371
SOLUSDT,1723334400000,-0.00003889,153.93200000
SOLUSDT,1723363200000,-0.00001620,156.60865449
SOLUSDT,1723392000001,0.00002894,148.68700000
SOLUSDT,1723420800000,0.00009903,141.49700000
SOLUSDT,1723449600000,0.00000688,145.83400000
SOLUSDT,1723478400000,-0.00000932,147.49572155
SOLUSDT,1723507200000,-0.00000620,146.24100000
SOLUSDT,1723536000000,0.00005492,145.94800000
SOLUSDT,1723564800000,0.00008364,146.02814345
SOLUSDT,1723593600000,-0.00000010,146.58689376
SOLUSDT,1723622400000,0.00002644,145.65400000
SOLUSDT,1723651200000,0.00000821,146.59100000
SOLUSDT,1723680000000,0.00000588,143.64400000
SOLUSDT,1723708800000,0.00004403,142.43300000
SOLUSDT,1723737600000,-0.00002764,145.89100000
SOLUSDT,1723766400000,-0.00006592,142.53900000
SOLUSDT,1723795200000,0.00002572,144.46500000
SOLUSDT,1723824000000,-0.00003407,137.87384297
SOLUSDT,1723852800000,0.00002001,138.98600000
SOLUSDT,1723881600000,-0.00001280,139.38311827
SOLUSDT,1723910400000,-0.00000703,140.12900000
SOLUSDT,1723939200000,0.00000455,141.84472080
SOLUSDT,1723968000000,-0.00002019,141.47503113
SOLUSDT,1723996800000,-0.00010289,145.72800000
SOLUSDT,1724025600000,0.00001862,142.36500000
SOLUSDT,1724054400000,-0.00000928,142.21383884
SOLUSDT,1724083200002,0.00005854,143.80731665
SOLUSDT,1724112000000,0.00003839,144.21811958
SOLUSDT,1724140800000,-0.00002960,147.39700000
SOLUSDT,1724169600001,-0.00003807,142.08166528
SOLUSDT,1724198400001,0.00002703,142.21000000
SOLUSDT,1724227200000,0.00000862,143.13000000
SOLUSDT,1724256000001,-0.00001553,140.28100000
SOLUSDT,1724284800000,0.00000611,142.72967381
SOLUSDT,1724313600000,0.00006844,143.25870105
SOLUSDT,1724342400008,0.00002936,142.57579256
SOLUSDT,1724371200000,0.00004556,143.15900000
SOLUSDT,1724400000000,0.00004050,145.09900000
SOLUSDT,1724428800000,-0.00004648,144.34000000
SOLUSDT,1724457600000,0.00007101,153.22800000
SOLUSDT,1724486400005,0.00002046,154.54000000
SOLUSDT,1724515200000,0.00006232,159.37200000
SOLUSDT,1724544000000,0.00009763,160.57013837
SOLUSDT,1724572800000,0.00010000,156.09485391
SOLUSDT,1724601600000,-0.00001338,159.30000000
SOLUSDT,1724630400000,0.00001048,158.88000000
SOLUSDT,1724659200001,0.00010000,159.05137350
SOLUSDT,1724688000000,0.00002054,157.53200000
SOLUSDT,1724716800001,0.00010000,157.05291377
SOLUSDT,1724745600000,0.00004402,157.68200000
SOLUSDT,1724774400000,0.00005909,153.70434232
SOLUSDT,1724803200000,-0.00001779,146.72700000
SOLUSDT,1724832000000,0.00001753,143.91200000
SOLUSDT,1724860800001,0.00002718,144.06792168
SOLUSDT,1724889600000,-0.00001723,143.87500000
SOLUSDT,1724918400001,-0.00008639,144.58952991
SOLUSDT,1724947200000,-0.00009711,146.02427813
SOLUSDT,1724976000000,-0.00003891,139.94800000
SOLUSDT,1725004800000,0.00003115,138.93412925
SOLUSDT,1725033600000,-0.00005690,133.25700000
SOLUSDT,1725062400000,-0.00006239,137.91600000
SOLUSDT,1725091200000,0.00004900,137.54700000
SOLUSDT,1725120000000,0.00001853,136.57000000
SOLUSDT,1725148800000,-0.00000959,135.27756038
SOLUSDT,1725177600001,-0.00002631,132.74300000
SOLUSDT,1725206400000,-0.00002877,134.19245547
SOLUSDT,1725235200001,-0.00004426,128.46565098
SOLUSDT,1725264000001,0.00000521,127.59900000
SOLUSDT,1725292800000,-0.00005556,132.45481665
SOLUSDT,1725321600000,-0.00008288,134.86500000
SOLUSDT,1725350400001,0.00003441,134.53001590
SOLUSDT,1725379200000,0.00005362,129.76788490
SOLUSDT,1725408000000,0.00008904,127.51163404
SOLUSDT,1725436800000,-0.00001300,130.22796696
SOLUSDT,1725465600000,0.00003561,133.73641100
SOLUSDT,1725494400000,0.00006659,133.57767135
SOLUSDT,1725523200000,0.00005123,133.04300000
SOLUSDT,1725552000005,0.00001522,130.53271079
SOLUSDT,1725580800000,0.00005678,129.35453230
SOLUSDT,1725609600001,0.00004047,128.06100000
SOLUSDT,1725638400000,-0.00001324,128.02876178
SOLUSDT,1725667200000,-0.00002225,124.95978799
SOLUSDT,1725696000000,-0.00002317,127.57761694
SOLUSDT,1725724800000,0.00000599,128.76917200
SOLUSDT,1725753600000,0.00008148,127.65600000
SOLUSDT,1725782400000,0.00006264,129.54900000
SOLUSDT,1725811200000,0.00006412,126.71100000
SOLUSDT,1725840000000,0.00003966,130.07300000
SOLUSDT,1725868800000,-0.00005564,129.24458443
SOLUSDT,1725897600001,-0.00004794,128.33300000
SOLUSDT,1725926400000,0.00009587,135.02226581
SOLUSDT,1725955200000,-0.00001672,134.88900000
SOLUSDT,1725984000000,0.00002349,134.06019467
SOLUSDT,1726012800000,-0.00006617,135.56300000
SOLUSDT,1726041600000,-0.00001813,132.34209368
SOLUSDT,1726070400000,-0.00002041,131.16079122
SOLUSDT,1726099200000,-0.00002810,132.35900000
SOLUSDT,1726128000000,-0.00000860,134.83100000
SOLUSDT,1726156800000,0.00001320,133.49900000
SOLUSDT,1726185600000,0.00002638,135.99800000
SOLUSDT,1726214400001,0.00001756,134.52600000
SOLUSDT,1726243200001,0.00001798,136.55700000
SOLUSDT,1726272000000,-0.00000120,138.94989985
SOLUSDT,1726300800000,0.00003207,137.43995527
SOLUSDT,1726329600001,0.00000555,137.31595398
SOLUSDT,1726358400000,0.00001401,137.06800000
SOLUSDT,1726387200000,0.00000107,137.10000000
SOLUSDT,1726416000000,0.00001278,135.68738930
SOLUSDT,1726444800000,0.00001892,131.31900000
SOLUSDT,1726473600001,-0.00005218,131.18105959
SOLUSDT,1726502400000,0.00007164,131.41445866
SOLUSDT,1726531200001,0.00010000,131.41200000
SOLUSDT,1726560000000,0.00002206,132.19100000
SOLUSDT,1726588800000,0.00002153,134.60500000
SOLUSDT,1726617600000,-0.00000161,131.46700000
SOLUSDT,1726646400000,-0.00003792,131.26387229
SOLUSDT,1726675200004,0.00002354,127.62561823
SOLUSDT,1726704000000,0.00006423,134.28317847
SOLUSDT,1726732800000,0.00008771,138.50900000
SOLUSDT,1726761600001,0.00001474,142.88252928
SOLUSDT,1726790400000,0.00010000,142.82865086
SOLUSDT,1726819200001,0.00010000,150.99200000
SOLUSDT,1726848000000,0.00010000,147.79000000
SOLUSDT,1726876800001,0.00010000,146.63966987
SOLUSDT,1726905600000,0.00010000,147.37630857
SOLUSDT,1726934400000,0.00004074,147.56794474
SOLUSDT,1726963200000,0.00010000,149.37200000
SOLUSDT,1726992000000,0.00007587,147.14800000
SOLUSDT,1727020800000,0.00001979,143.10112223
SOLUSDT,1727049600000,-0.00004401,144.58800000
SOLUSDT,1727078400000,0.00005545,145.42892087
SOLUSDT,1727107200000,-0.00002612,144.16758145
SOLUSDT,1727136000000,0.00004827,144.70100000
SOLUSDT,1727164800000,0.00006920,147.14130941
SOLUSDT,1727193600001,0.00000557,145.45924805
SOLUSDT,1727222400000,0.00010000,152.71200000
SOLUSDT,1727251200003,0.00010000,149.73100000
SOLUSDT,1727280000000,0.00005783,150.34732454
SOLUSDT,1727308800005,0.00003616,147.89448661
SOLUSDT,1727337600000,0.00006697,151.76400000
SOLUSDT,1727366400000,0.00010000,157.08400000
SOLUSDT,1727395200000,0.00010000,155.48000000
SOLUSDT,1727424000000,0.00000981,157.40000000
SOLUSDT,1727452800000,0.00010000,158.99930152
SOLUSDT,1727481600000,0.00010000,157.59100000
SOLUSDT,1727510400001,0.00009800,156.33500000
SOLUSDT,1727539200000,0.00010000,156.80800000
SOLUSDT,1727568000001,0.00009314,156.68200000
SOLUSDT,1727596800000,0.00010000,155.43100000
SOLUSDT,1727625600000,0.00010000,157.21275763
SOLUSDT,1727654400000,0.00010000,158.39813308
SOLUSDT,1727683200001,0.00010000,156.81200000
SOLUSDT,1727712000000,0.00010000,154.11812930
SOLUSDT,1727740800000,0.00010000,152.47015802
SOLUSDT,1727769600000,0.00010000,156.75700000
SOLUSDT,1727798400001,0.00010000,149.53174587
SOLUSDT,1727827200000,0.00010000,145.16293337
SOLUSDT,1727856000000,0.00001306,147.69022985
SOLUSDT,1727884800000,0.00007012,147.44414768
SOLUSDT,1727913600000,0.00000107,140.11000000
SOLUSDT,1727942400000,0.00005138,139.85789803
SOLUSDT,1727971200000,-0.00000381,135.50486859
SOLUSDT,1728000000000,0.00003715,136.73770600
SOLUSDT,1728028800000,-0.00004939,139.47658405
SOLUSDT,1728057600001,0.00000524,142.35959554
SOLUSDT,1728086400000,0.00005818,143.15800000
SOLUSDT,1728115200000,0.00009502,143.76400000
SOLUSDT,1728144000000,0.00000449,142.83167707
SOLUSDT,1728172800000,0.00010000,142.52800000
SOLUSDT,1728201600001,0.00010000,142.92692160
SOLUSDT,1728230400000,0.00003507,145.90400000
SOLUSDT,1728259200000,0.00003973,146.42212244
SOLUSDT,1728288000000,0.00007543,147.98200000
SOLUSDT,1728316800001,0.00000543,148.64924795
SOLUSDT,1728345600000,0.00000039,143.91764584
SOLUSDT,1728374400000,0.00010000,143.02000000
SOLUSDT,1728403200000,-0.00002549,142.72800000
SOLUSDT,1728432000000,0.00000884,143.42973236
SOLUSDT,1728460800000,-0.00003713,143.10715210
SOLUSDT,1728489600000,0.00010000,142.72877635
SOLUSDT,1728518400000,0.00010000,139.26600000
SOLUSDT,1728547200000,-0.00003657,139.62000000
SOLUSDT,1728576000000,0.00005098,138.59900000
SOLUSDT,1728604800000,0.00000545,138.97948197
SOLUSDT,1728633600000,0.00000289,141.12136254
SOLUSDT,1728662400001,-0.00006334,144.33173498
SOLUSDT,1728691200000,-0.00003249,145.46900000
SOLUSDT,1728720000001,0.00006950,145.48746750
SOLUSDT,1728748800000,-0.00004766,146.03041963
SOLUSDT,1728777600000,0.00000522,146.31800000
SOLUSDT,1728806400000,0.00005938,146.38290563
SOLUSDT,1728835200000,0.00005394,145.27086988
SOLUSDT,1728864000000,0.00001631,147.63255737
SOLUSDT,1728892800000,0.00007203,152.94336157
SOLUSDT,1728921600000,0.00007332,156.66202954
SOLUSDT,1728950400000,0.00010000,157.53000000
SOLUSDT,1728979200000,0.00010000,155.07000000
SOLUSDT,1729008000000,0.00010000,153.23146048
SOLUSDT,1729036800000,0.00006943,154.69698504
SOLUSDT,1729065600001,0.00002087,153.58538070
SOLUSDT,1729094400000,0.00009905,155.64000000
SOLUSDT,1729123200000,0.00004579,154.19000000
SOLUSDT,1729152000000,0.00009905,152.53321719
SOLUSDT,1729180800001,0.00010000,152.82000000
SOLUSDT,1729209600010,0.00007589,150.45000000
SOLUSDT,1729238400001,0.00003467,153.84386774
SOLUSDT,1729267200000,0.00009885,154.65000000
SOLUSDT,1729296000000,0.00003918,154.86000000
SOLUSDT,1729324800000,0.00005265,154.49000000
SOLUSDT,1729353600000,0.00007269,156.44242324
SOLUSDT,1729382400000,0.00010000,159.70637472
SOLUSDT,1729411200000,0.00004903,158.71452553
SOLUSDT,1729440000000,0.00007010,159.94000000
SOLUSDT,1729468800000,0.00010000,167.39948646
SOLUSDT,1729497600000,0.00010000,168.69803437
SOLUSDT,1729526400000,0.00010000,165.35329266
SOLUSDT,1729555200000,0.00010000,166.17735196
SOLUSDT,1729584000000,0.00010000,167.09739629
SOLUSDT,1729612800000,0.00010000,167.76859178
SOLUSDT,1729641600000,0.00010000,167.56308353
SOLUSDT,1729670400000,0.00010000,165.69000000
SOLUSDT,1729699200000,0.00010000,168.07155630
SOLUSDT,1729728000000,0.00010000,170.81000000
SOLUSDT,1729756800000,0.00010000,173.52102122
SOLUSDT,1729785600000,0.00010000,175.36273498
SOLUSDT,1729814400000,0.00010000,177.10138160
SOLUSDT,1729843200000,0.00010000,171.86000000
SOLUSDT,1729872000000,0.00003160,172.37896655
SOLUSDT,1729900800000,0.00005848,164.88812095
SOLUSDT,1729929600001,0.00005269,167.25401673
SOLUSDT,1729958400000,0.00010000,168.55000000
SOLUSDT,1729987200000,0.00010000,170.82024015
SOLUSDT,1730016000000,0.00004801,173.17978124
SOLUSDT,1730044800000,-0.00001684,175.71000000
SOLUSDT,1730073600000,0.00008656,176.75000000
SOLUSDT,1730102400001,0.00010000,175.61316931
SOLUSDT,1730131200000,0.00002332,173.36135549
SOLUSDT,1730160000000,0.00010000,178.20000000
SOLUSDT,1730188800000,0.00010000,180.10329966
SOLUSDT,1730217600004,0.00010000,180.55000000
SOLUSDT,1730246400000,0.00010000,179.40000000
SOLUSDT,1730275200000,0.00010000,178.71000000
SOLUSDT,1730304000013,0.00010000,173.93066873
SOLUSDT,1730332800000,0.00010000,174.84632729
SOLUSDT,1730361600000,0.00010000,174.49000000
SOLUSDT,1730390400000,0.00010000,170.60000000
SOLUSDT,1730419200000,0.00010000,168.66045610
SOLUSDT,1730448000000,0.00010000,165.96920129
SOLUSDT,1730476800000,0.00010000,163.99000000
SOLUSDT,1730505600000,0.00006813,166.02000000
SOLUSDT,1730534400000,0.00009387,167.54000000
SOLUSDT,1730563200000,0.00006900,163.74894889
SOLUSDT,1730592000000,0.00003980,166.09000000
SOLUSDT,1730620800000,0.00003241,163.46000000
SOLUSDT,1730649600000,0.00008014,159.91719810
SOLUSDT,1730678400000,0.00004818,162.45165079
SOLUSDT,1730707200000,0.00006725,161.32612342
SOLUSDT,1730736000000,0.00006216,162.97000000
SOLUSDT,1730764800000,0.00005868,157.90182410
SOLUSDT,1730793600003,0.00004510,161.92000000
SOLUSDT,1730822400001,0.00000717,165.82000000
SOLUSDT,1730851200000,-0.00001892,166.54000000
SOLUSDT,1730880000000,0.00010000,183.96747234
SOLUSDT,1730908800000,0.00010000,185.56000000
SOLUSDT,1730937600000,0.00010000,186.62000000
SOLUSDT,1730966400000,0.00010000,188.08000000
SOLUSDT,1730995200000,0.00010000,192.75000000
SOLUSDT,1731024000000,0.00010000,196.42361641
SOLUSDT,1731052800000,0.00010000,200.50000000
SOLUSDT,1731081600000,0.00010000,201.03598205
SOLUSDT,1731110400000,0.00010000,199.88480296
SOLUSDT,1731139200000,0.00010000,200.30924843
SOLUSDT,1731168000000,0.00010000,198.42252055
SOLUSDT,1731196800000,0.00010000,199.93000000
SOLUSDT,1731225600000,0.00019071,205.08000000
SOLUSDT,1731254400000,0.00041975,212.51000000
SOLUSDT,1731283200001,0.00034668,210.28745447
SOLUSDT,1731312000000,0.00011081,208.08000000
SOLUSDT,1731340800000,0.00022373,219.16558065
SOLUSDT,1731369600002,0.00035969,222.30912641
SOLUSDT,1731398400000,0.00043733,221.99238924
SOLUSDT,1731427200000,0.00048819,210.57577374
SOLUSDT,1731456000000,0.00032823,211.73919884
SOLUSDT,1731484800010,0.00020936,205.36024726
SOLUSDT,1731513600000,0.00022016,216.70000000
SOLUSDT,1731542400001,0.00020764,215.28000000
SOLUSDT,1731571200000,0.00022462,218.27711396
SOLUSDT,1731600000000,0.00010000,211.00958458
SOLUSDT,1731628800000,0.00010000,209.64995188
SOLUSDT,1731657600000,0.00010000,209.28493283
SOLUSDT,1731686400000,0.00010000,208.32000000
SOLUSDT,1731715200001,0.00010000,218.65382623
SOLUSDT,1731744000001,0.00023693,219.08000000
SOLUSDT,1731772800000,0.00016028,215.09633736
SOLUSDT,1731801600000,0.00010000,215.81658937
SOLUSDT,1731830400000,0.00044518,237.49000000
SOLUSDT,1731859200001,0.00021627,234.15000000
SOLUSDT,1731888000000,0.00023762,237.60711286
SOLUSDT,1731916800000,0.00016530,242.21275008
SOLUSDT,1731945600000,0.00022130,243.51855761
SOLUSDT,1731974400000,0.00022018,239.96000000
SOLUSDT,1732003200000,0.00019184,243.48946031
SOLUSDT,1732032000000,0.00012644,240.64000000
SOLUSDT,1732060800003,0.00010000,237.68000000
SOLUSDT,1732089600000,0.00010000,235.96346530
SOLUSDT,1732118400000,0.00010000,238.36798470
SOLUSDT,1732147200001,0.00010000,235.42560884
SOLUSDT,1732176000000,0.00010000,241.46122606
SOLUSDT,1732204800001,0.00010000,248.93576225
SOLUSDT,1732233600000,0.00043945,256.67000000
SOLUSDT,1732262400000,0.00022593,259.37145809
SOLUSDT,1732291200001,0.00017020,256.56000000
SOLUSDT,1732320000000,0.00010000,257.03697866
SOLUSDT,1732348800000,0.00028946,258.45000000
SOLUSDT,1732377600000,0.00025577,259.94000000
SOLUSDT,1732406400001,0.00018175,255.03859273
SOLUSDT,1732435200000,0.00033189,256.84000000
SOLUSDT,1732464000000,0.00025244,244.39219352
SOLUSDT,1732492800000,0.00014445,252.92737130
SOLUSDT,1732521600000,0.00019888,253.45837047
SOLUSDT,1732550400000,0.00010485,245.07000000
SOLUSDT,1732579200000,0.00010000,234.29000000
SOLUSDT,1732608000000,0.00010000,235.82000000
SOLUSDT,1732636800000,0.00010000,227.38613496
SOLUSDT,1732665600000,0.00010000,230.71562608
SOLUSDT,1732694400000,0.00010000,234.33000000
SOLUSDT,1732723200001,0.00010000,240.57035995
SOLUSDT,1732752000000,0.00010000,242.03955937
SOLUSDT,1732780800000,0.00010000,238.01727444
SOLUSDT,1732809600000,0.00010000,233.03019139
SOLUSDT,1732838400000,0.00010000,237.60430550
SOLUSDT,1732867200000,0.00010000,237.66607857
SOLUSDT,1732896000000,0.00010000,243.57000000
SOLUSDT,1732924800000,0.00010000,243.42000000
SOLUSDT,1732953600000,0.00010000,244.35803166
SOLUSDT,1732982400000,0.00010000,240.00000000
SOLUSDT,1733011200000,0.00011575,237.73000000
SOLUSDT,1733040000000,0.00010000,235.61560020
SOLUSDT,1733068800000,0.00021606,238.69626260
SOLUSDT,1733097600001,0.00037518,237.03897019
SOLUSDT,1733126400001,0.00025587,228.79000000
SOLUSDT,1733155200000,0.00026772,229.36000000
SOLUSDT,1733184000000,0.00032728,225.87000000
SOLUSDT,1733212800000,0.00031454,227.12000000
SOLUSDT,1733241600000,0.00030312,223.39278797
SOLUSDT,1733270400000,0.00035501,234.09000000
SOLUSDT,1733299200000,0.00023264,236.79861245
SOLUSDT,1733328000000,0.00036215,233.95235681
SOLUSDT,1733356800001,0.00027166,229.36000000
SOLUSDT,1733385600000,0.00055995,234.06583005
SOLUSDT,1733414400000,0.00050910,239.24000000
SOLUSDT,1733443200000,0.00032251,236.05000000
SOLUSDT,1733472000000,0.00032302,239.47367249
SOLUSDT,1733500800000,0.00012425,238.12641675
SOLUSDT,1733529600000,0.00041557,237.05521923
SOLUSDT,1733558400000,0.00034529,236.36000000
SOLUSDT,1733587200000,0.00038467,241.01000000
SOLUSDT,1733616000000,0.00045069,238.30000000
SOLUSDT,1733644800000,0.00019374,237.74000000
SOLUSDT,1733673600000,0.00013754,237.53000000
SOLUSDT,1733702400000,0.00025945,237.23141997
SOLUSDT,1733731200000,0.00015891,231.68000000
SOLUSDT,1733760000001,0.00012595,224.41315135
SOLUSDT,1733788800007,0.00010000,216.77139538
SOLUSDT,1733817600000,0.00010000,217.32000000
SOLUSDT,1733846400000,0.00010000,206.48000000
SOLUSDT,1733875200000,0.00010000,213.58995756
SOLUSDT,1733904000000,0.00010000,218.40000000
SOLUSDT,1733932800001,0.00010000,228.36000000
SOLUSDT,1733961600001,0.00010000,227.28748375
SOLUSDT,1733990400000,0.00010000,229.99000000
SOLUSDT,1734019200001,0.00010000,231.20578019
SOLUSDT,1734048000000,0.00010000,226.90230934
SOLUSDT,1734076800000,0.00010000,224.71000000
SOLUSDT,1734105600001,0.00010000,221.05000000
SOLUSDT,1734134400000,0.00010000,224.72440941
SOLUSDT,1734163200000,0.00010000,225.88781879
SOLUSDT,1734192000000,0.00010000,222.49078669
SOLUSDT,1734220800000,0.00010000,219.84077673
SOLUSDT,1734249600000,0.00006761,217.16927059
SOLUSDT,1734278400000,0.00010000,220.82764674
SOLUSDT,1734307200000,0.00010000,224.22000000
SOLUSDT,1734336000001,0.00010000,223.08000000
SOLUSDT,1734364800000,0.00010000,216.94416601
SOLUSDT,1734393600000,0.00010000,216.09981566
SOLUSDT,1734422400000,0.00004064,215.49630490
SOLUSDT,1734451200000,0.00010000,220.47607511
SOLUSDT,1734480000000,0.00010000,223.12258447
SOLUSDT,1734508800000,0.00009102,215.81709029
SOLUSDT,1734537600000,0.00000623,217.64540916
SOLUSDT,1734566400000,-0.00003600,206.49414504
SOLUSDT,1734595200000,-0.00001903,211.67000000
SOLUSDT,1734624000000,0.00001572,205.43284338
SOLUSDT,1734652800000,-0.00001795,193.71171105
SOLUSDT,1734681600001,-0.00002757,191.23548746
SOLUSDT,1734710400014,-0.00006045,189.73000000
SOLUSDT,1734739200000,-0.00018625,194.33740729
SOLUSDT,1734768000000,-0.00013946,198.69000000
SOLUSDT,1734796800001,-0.00004200,186.55117686
SOLUSDT,1734825600000,-0.00011655,181.33000000
SOLUSDT,1734854400000,0.00002970,184.20000000
SOLUSDT,1734883200000,-0.00010865,181.77000000
SOLUSDT,1734912000000,-0.00005764,180.42000000
SOLUSDT,1734940800000,-0.00002514,182.15000000
SOLUSDT,1734969600001,-0.00001518,180.83000000
SOLUSDT,1734998400000,0.00000456,190.06000000
SOLUSDT,1735027200000,-0.00000887,191.42000000
SOLUSDT,1735056000001,-0.00002528,197.66045157
SOLUSDT,1735084800001,-0.00001032,197.04372026
SOLUSDT,1735113600000,-0.00002015,198.05000000
SOLUSDT,1735142400000,0.00003692,198.18000000
SOLUSDT,1735171200000,0.00002735,197.35880214
SOLUSDT,1735200000000,0.00010000,193.38000000
SOLUSDT,1735228800000,0.00001522,188.59783157
SOLUSDT,1735257600000,0.00003726,188.37454973
SOLUSDT,1735286400000,-0.00002625,186.57648132
SOLUSDT,1735315200000,-0.00008145,184.01854509
SOLUSDT,1735344000001,0.00009283,184.18000000
SOLUSDT,1735372800000,0.00001275,185.04321141
SOLUSDT,1735401600000,-0.00000903,190.11000000
SOLUSDT,1735430400000,0.00000778,195.39000000
SOLUSDT,1735459200000,-0.00002727,195.93322461
SOLUSDT,1735488000000,0.00006140,195.05629387
SOLUSDT,1735516800000,0.00010000,189.85091862
SOLUSDT,1735545600001,0.00004760,192.30766984
SOLUSDT,1735574400000,0.00005906,187.24000000
SOLUSDT,1735603200000,0.00008373,191.26447609
SOLUSDT,1735632000000,0.00002697,189.94000000
SOLUSDT,1735660800000,0.00006744,198.32385034
SOLUSDT,1735689600015,-0.00005587,189.19974226
SOLUSDT,1735718400000,-0.00002663,189.96000000
SOLUSDT,1735747200001,-0.00001487,191.81481222
SOLUSDT,1735776000000,0.00010000,194.22000000
SOLUSDT,1735804800006,0.00010000,205.83473243
SOLUSDT,1735833600000,0.00009337,206.68000000
SOLUSDT,1735862400000,0.00010000,208.17135122
SOLUSDT,1735891200000,-0.00001470,207.86000000
SOLUSDT,1735920000000,-0.00007967,217.27000000
SOLUSDT,1735948800000,-0.00007358,217.92000000
SOLUSDT,1735977600000,0.00004915,216.62801422
SOLUSDT,1736006400000,0.00005813,214.26508239
SOLUSDT,1736035200000,0.00009572,216.56055099
SOLUSDT,1736064000000,-0.00003098,216.35000000
SOLUSDT,1736092800000,0.00010000,213.47752759
SOLUSDT,1736121600000,-0.00000103,213.30000000
SOLUSDT,1736150400001,-0.00001539,215.13000000
SOLUSDT,1736179200000,0.00005815,221.51000000
SOLUSDT,1736208000000,-0.00002492,218.10381116
SOLUSDT,1736236800000,0.00001880,215.97000000
SOLUSDT,1736265600008,0.00001765,207.68687845
SOLUSDT,1736294400001,0.00000947,202.07573710
SOLUSDT,1736323200000,0.00009384,195.59194327
SOLUSDT,1736352000000,-0.00002658,197.69578628
SOLUSDT,1736380800000,-0.00004356,197.40056516
SOLUSDT,1736409600000,0.00010000,190.07000000
SOLUSDT,1736438400000,-0.00001659,192.08000000
SOLUSDT,1736467200000,0.00000873,184.89423939
SOLUSDT,1736496000000,-0.00007385,191.64239383
SOLUSDT,1736524800000,0.00003388,187.20588983
SOLUSDT,1736553600000,0.00000989,187.59000000
SOLUSDT,1736582400000,-0.00003578,186.14000000
SOLUSDT,1736611200000,-0.00004343,186.84000000
SOLUSDT,1736640000000,0.00002102,188.00000000
SOLUSDT,1736668800000,-0.00004366,186.47000000
SOLUSDT,1736697600000,0.00003548,190.38364628
SOLUSDT,1736726400000,0.00010000,188.43000000
SOLUSDT,1736755200000,0.00002660,182.39000000
SOLUSDT,1736784000000,0.00000817,178.69000000
SOLUSDT,1736812800000,-0.00004601,182.77000000
SOLUSDT,1736841600000,-0.00002434,185.52000000
SOLUSDT,1736870400000,0.00002374,186.75000000
SOLUSDT,1736899200000,0.00003357,187.46000000
SOLUSDT,1736928000000,-0.00005153,189.87536362
SOLUSDT,1736956800000,-0.00002957,196.39000000
SOLUSDT,1736985600000,0.00010000,205.76000000
SOLUSDT,1737014400000,0.00010000,203.06407101
SOLUSDT,1737043200000,0.00010000,208.99816554
SOLUSDT,1737072000004,0.00010000,210.99000000
SOLUSDT,1737100800000,0.00008220,213.20000000
SOLUSDT,1737129600008,0.00010000,218.53000000
SOLUSDT,1737158400000,0.00010000,219.46000000
SOLUSDT,1737187200007,0.00001883,232.83981406
SOLUSDT,1737216000000,0.00005671,257.60576295
SOLUSDT,1737244800000,0.00010000,261.92498236
SOLUSDT,1737273600000,0.00009252,271.39665661
SOLUSDT,1737302400000,0.00005667,270.47000000
SOLUSDT,1737331200000,-0.00071150,252.51000000
SOLUSDT,1737360000009,-0.00007723,261.77000000
SOLUSDT,1737388800000,0.00008924,253.87316340
SOLUSDT,1737417600000,-0.00027508,241.81000000
SOLUSDT,1737446400000,0.00009310,236.75000000
SOLUSDT,1737475200000,-0.00003008,240.83802505
SOLUSDT,1737504000000,0.00010000,250.26000000
SOLUSDT,1737532800000,-0.00002092,258.40000000
SOLUSDT,1737561600000,0.00008640,257.19769937
SOLUSDT,1737590400001,0.00010000,257.33678347
SOLUSDT,1737619200000,0.00008081,249.41000000
SOLUSDT,1737648000000,-0.00007980,249.15000000
SOLUSDT,1737676800000,0.00006903,253.01000000
SOLUSDT,1737705600000,0.00009064,259.60266158
SOLUSDT,1737734400000,0.00010000,262.14642847
SOLUSDT,1737763200000,-0.00001473,253.22104393
SOLUSDT,1737792000000,-0.00000482,247.15000000
SOLUSDT,1737820800001,-0.00012014,253.48644101
SOLUSDT,1737849600000,0.00010000,256.36000000
SOLUSDT,1737878400000,0.00008407,258.85000000
SOLUSDT,1737907200000,0.00002626,254.45000000
SOLUSDT,1737936000000,-0.00003653,240.41000000
SOLUSDT,1737964800000,0.00005173,227.39000000
SOLUSDT,1737993600000,-0.00018696,233.46154361
SOLUSDT,1738022400000,0.00007942,234.77176852
SOLUSDT,1738051200000,-0.00004139,238.78919205
SOLUSDT,1738080000000,0.00003672,237.36062279
SOLUSDT,1738108800000,0.00008718,226.92156675
SOLUSDT,1738137600000,0.00005356,234.32000000
SOLUSDT,1738166400000,-0.00001196,228.30000000
SOLUSDT,1738195200000,0.00001678,228.04000000
SOLUSDT,1738224000000,0.00010000,238.81000000
SOLUSDT,1738252800000,0.00002727,240.98000000
SOLUSDT,1738281600000,-0.00000761,238.17127422
SOLUSDT,1738310400000,-0.00004970,235.58000000
SOLUSDT,1738339200000,0.00005524,240.05162558
SOLUSDT,1738368000000,-0.00006866,231.61106120
SOLUSDT,1738396800000,0.00003033,230.55402407
SOLUSDT,1738425600000,-0.00005063,226.24816815
SOLUSDT,1738454400001,-0.00005306,212.89000000
SOLUSDT,1738483200000,0.00000721,211.69038145
SOLUSDT,1738512000000,0.00000268,211.91000000
SOLUSDT,1738540800000,0.00000772,203.36764822
SOLUSDT,1738569600000,-0.00012368,198.95000000
SOLUSDT,1738598400000,-0.00008808,206.92357253
SOLUSDT,1738627200000,-0.00055791,216.21112041
SOLUSDT,1738656000001,-0.00004350,204.15798539
SOLUSDT,1738684800000,0.00005700,215.58000000
SOLUSDT,1738713600001,-0.00003571,206.48000000
SOLUSDT,1738742400001,-0.00004834,204.98205670
SOLUSDT,1738771200000,-0.00010850,201.73000000
SOLUSDT,1738800000001,-0.00004538,196.03000000
SOLUSDT,1738828800001,-0.00001671,201.92000000
SOLUSDT,1738857600000,0.00006857,191.15523484
SOLUSDT,1738886400000,0.00002703,189.46996868
SOLUSDT,1738915200000,0.00000695,192.42000000
SOLUSDT,1738944000000,0.00000727,197.96000000
SOLUSDT,1738972800000,-0.00002483,191.90918108
SOLUSDT,1739001600000,0.00002105,192.68000000
SOLUSDT,1739030400000,0.00005719,193.32677547
SOLUSDT,1739059200000,-0.00011027,199.20000000
SOLUSDT,1739088000000,-0.00004053,203.87000000
SOLUSDT,1739116800000,-0.00021227,200.51578273
SOLUSDT,1739145600000,-0.00016119,200.32935261
SOLUSDT,1739174400000,-0.00002743,202.72000000
SOLUSDT,1739203200000,-0.00004863,202.96000000
SOLUSDT,1739232000000,-0.00018095,200.34133623
SOLUSDT,1739260800000,-0.00011994,204.31214257
SOLUSDT,1739289600000,-0.00027714,199.31271069
SOLUSDT,1739318400000,-0.00022332,197.88156182
SOLUSDT,1739347200000,0.00001847,195.16918800
SOLUSDT,1739376000001,0.00007002,191.90963629
SOLUSDT,1739404800001,0.00003627,196.71000000
SOLUSDT,1739433600000,-0.00003212,192.98000000
SOLUSDT,1739462400001,-0.00012867,191.85380679
SOLUSDT,1739491200000,-0.00001559,194.14399628
SOLUSDT,1739520000001,0.00008320,196.50000000
SOLUSDT,1739548800000,0.00008466,200.77000000
SOLUSDT,1739577600000,0.00008582,199.36178104
SOLUSDT,1739606400000,0.00003121,195.79615983
SOLUSDT,1739635200000,-0.00005050,194.53161831
SOLUSDT,1739664000000,-0.00005811,194.36630934
SOLUSDT,1739692800000,-0.00002569,192.79000000
SOLUSDT,1739721600000,-0.00016876,190.20000000
SOLUSDT,1739750400000,-0.00015544,188.14220351
SOLUSDT,1739779200000,-0.00016029,181.26216702
SOLUSDT,1739808000000,0.00002136,180.26427814
SOLUSDT,1739836800000,0.00003500,177.47000000
SOLUSDT,1739865600000,0.00003939,165.58000000
SOLUSDT,1739894400000,0.00007053,165.87640835
SOLUSDT,1739923200000,-0.00001072,169.21263823
SOLUSDT,1739952000000,0.00000353,168.86937447
SOLUSDT,1739980800000,-0.00003859,169.66528311
SOLUSDT,1740009600000,-0.00006024,168.85000000
SOLUSDT,1740038400000,0.00001172,171.65788861
SOLUSDT,1740067200000,-0.00002991,171.50000000
SOLUSDT,1740096000001,0.00007497,175.97000000
SOLUSDT,1740124800000,0.00001692,175.75027027
SOLUSDT,1740153600000,-0.00004765,173.08000000
SOLUSDT,1740182400000,-0.00011947,168.84000000
SOLUSDT,1740211200000,-0.00006714,171.65000000
SOLUSDT,1740240000000,-0.00006107,174.12119354
SOLUSDT,1740268800000,0.00009111,171.99000000
SOLUSDT,1740297600000,0.00007310,172.80308956
SOLUSDT,1740326400000,-0.00005162,166.68701706
SOLUSDT,1740355200000,-0.00006070,167.84000000
SOLUSDT,1740384000000,-0.00006256,160.90150419
SOLUSDT,1740412800000,0.00006005,152.61000000
SOLUSDT,1740441600000,0.00002735,141.75021548
SOLUSDT,1740470400000,0.00003295,136.27353948
SOLUSDT,1740499200000,-0.00005354,138.79367504
SOLUSDT,1740528000000,-0.00010562,144.25000000
SOLUSDT,1740556800000,0.00002460,140.12000000
SOLUSDT,1740585600000,0.00003131,139.21000000
SOLUSDT,1740614400001,0.00007728,135.27000000
SOLUSDT,1740643200000,0.00002605,140.93000000
SOLUSDT,1740672000000,0.00010000,139.60000000
SOLUSDT,1740700800001,0.00010000,137.60169084
SOLUSDT,1740729600000,0.00010000,128.47944622
SOLUSDT,1740758400000,0.00010000,145.63000000
SOLUSDT,1740787200000,0.00010000,148.06548702
SOLUSDT,1740816000000,0.00008741,142.46000000
SOLUSDT,1740844800001,0.00007852,140.31787626
SOLUSDT,1740873600000,-0.00008161,143.56000000
SOLUSDT,1740902400000,0.00009930,143.72044887
SOLUSDT,1740931200000,0.00007810,157.29000000
SOLUSDT,1740960000001,-0.00003892,178.63590092
SOLUSDT,1740988800000,0.00006535,162.18000000
SOLUSDT,1741017600000,-0.00008506,157.70000000
SOLUSDT,1741046400001,-0.00007114,142.05000000
SOLUSDT,1741075200005,-0.00008372,135.98000000
SOLUSDT,1741104000000,0.00003869,138.51478272
SOLUSDT,1741132800000,-0.00014911,144.70718577
SOLUSDT,1741161600000,0.00002866,142.80000000
SOLUSDT,1741190400000,-0.00006413,141.56049877
SOLUSDT,1741219200000,-0.00011916,146.15682397
SOLUSDT,1741248000001,-0.00001489,148.57000000
SOLUSDT,1741276800000,-0.00003599,148.96000000
SOLUSDT,1741305600000,-0.00011194,143.22000000
SOLUSDT,1741334400001,-0.00008351,144.23000000
SOLUSDT,1741363200000,0.00004709,144.80428919
SOLUSDT,1741392000000,0.00006150,139.30000000
SOLUSDT,1741420800001,-0.00003422,138.71541976
SOLUSDT,1741449600001,-0.00006242,137.11000000
SOLUSDT,1741478400001,-0.00010535,136.93000000
SOLUSDT,1741507200000,0.00000562,139.55508954
SOLUSDT,1741536000000,0.00006936,130.13000000
SOLUSDT,1741564800000,-0.00005692,126.42511195
SOLUSDT,1741593600000,-0.00010237,128.02045464
SOLUSDT,1741622400000,-0.00009844,121.88000000
SOLUSDT,1741651200000,-0.00011653,118.26000000
SOLUSDT,1741680000000,0.00009198,123.05000000
SOLUSDT,1741708800001,0.00008681,124.94000000
SOLUSDT,1741737600000,-0.00000798,125.29000000
SOLUSDT,1741766400000,0.00000325,123.12761296
SOLUSDT,1741795200001,-0.00003859,124.46863670
SOLUSDT,1741824000000,0.00001189,126.55655286
SOLUSDT,1741852800000,-0.00007287,124.18000000
SOLUSDT,1741881600000,0.00007399,124.27303681
SOLUSDT,1741910400000,0.00003347,123.32000000
SOLUSDT,1741939200000,0.00010000,124.61000000
SOLUSDT,1741968000000,0.00009595,132.08594090
SOLUSDT,1741996800000,0.00010000,133.50023954
SOLUSDT,1742025600000,0.00007299,132.85890609
SOLUSDT,1742054400000,-0.00002397,135.04000000
SOLUSDT,1742083200000,0.00000393,135.79004921
SOLUSDT,1742112000000,0.00005580,134.58000000
SOLUSDT,1742140800000,-0.00003228,128.69635225
SOLUSDT,1742169600000,-0.00008027,126.05000000
SOLUSDT,1742198400000,-0.00005403,129.19000000
SOLUSDT,1742227200000,-0.00003998,127.47000000
SOLUSDT,1742256000000,-0.00006365,127.93387199
SOLUSDT,1742284800000,-0.00008081,125.10114641
SOLUSDT,1742313600000,-0.00002710,122.49298813
SOLUSDT,1742342400000,-0.00006788,125.26230239
SOLUSDT,1742371200000,0.00007274,125.63000000
SOLUSDT,1742400000000,0.00010000,132.26495301
SOLUSDT,1742428800000,0.00010000,135.30000000
SOLUSDT,1742457600000,0.00010000,133.95965670
SOLUSDT,1742486400000,-0.00001871,128.89721665
SOLUSDT,1742515200000,-0.00003932,127.53000000
SOLUSDT,1742544000000,-0.00001407,128.00000000
SOLUSDT,1742572800000,-0.00003604,125.92000000
SOLUSDT,1742601600000,-0.00003723,128.40449159
SOLUSDT,1742630400004,-0.00002882,128.74000000
SOLUSDT,1742659200000,-0.00000849,129.15415255
SOLUSDT,1742688000000,-0.00006482,128.44000000
SOLUSDT,1742716800000,0.00002642,131.08000000
SOLUSDT,1742745600000,0.00005551,132.44550601
SOLUSDT,1742774400000,-0.00002538,132.77034094
SOLUSDT,1742803200000,0.00010000,138.83000000
SOLUSDT,1742832000000,0.00005301,143.19202196
SOLUSDT,1742860800001,0.00010000,140.95000000
SOLUSDT,1742889600000,0.00001127,139.39331957
SOLUSDT,1742918400000,0.00001713,145.22097202
SOLUSDT,1742947200000,0.00000616,143.60000000
SOLUSDT,1742976000000,-0.00004441,144.44000000
SOLUSDT,1743004800001,-0.00012817,139.25602689
SOLUSDT,1743033600001,-0.00013711,137.26000000
SOLUSDT,1743062400001,-0.00005633,138.80967611
SOLUSDT,1743091200002,-0.00002555,137.70812692
SOLUSDT,1743120000001,-0.00003227,138.37000000
SOLUSDT,1743148800001,-0.00010137,131.54072372
SOLUSDT,1743177600000,-0.00009351,129.85266281
SOLUSDT,1743206400000,-0.00004899,129.40185333
SOLUSDT,1743235200000,0.00002251,126.33000000
SOLUSDT,1743264000000,-0.00008909,126.23000000
SOLUSDT,1743292800000,-0.00025778,124.50000000
SOLUSDT,1743321600000,-0.00040116,125.38000000
SOLUSDT,1743350400000,-0.00018023,124.85000000
SOLUSDT,1743379200000,-0.00023370,124.74000000
SOLUSDT,1743408000000,-0.00000784,125.83000000
SOLUSDT,1743436800000,-0.00000424,126.71000000
SOLUSDT,1743465600000,-0.00009179,124.49277192
SOLUSDT,1743494400001,-0.00000566,126.62529522
SOLUSDT,1743523200000,-0.00005281,129.21000000
SOLUSDT,1743552000001,-0.00006427,126.61000000
SOLUSDT,1743580800000,-0.00013428,124.46488475
SOLUSDT,1743609600000,0.00004319,130.36914386
SOLUSDT,1743638400000,-0.00007645,117.33000000
SOLUSDT,1743667200000,-0.00007305,118.58233938
SOLUSDT,1743696000000,-0.00011099,114.08299728
SOLUSDT,1743724800000,-0.00033632,117.05000000
SOLUSDT,1743753600000,-0.00000152,118.12000000
SOLUSDT,1743782400000,0.00000560,118.54000000
SOLUSDT,1743811200000,0.00004038,122.73914211
SOLUSDT,1743840000000,0.00009687,121.02000000
SOLUSDT,1743868800000,0.00002060,117.49301842
SOLUSDT,1743897600000,-0.00005619,120.24932368
SOLUSDT,1743926400000,0.00010000,119.14000000
SOLUSDT,1743955200002,-0.00005463,114.91000000
SOLUSDT,1743984000000,-0.00000572,105.85953176
SOLUSDT,1744012800000,0.00003966,97.09000000
SOLUSDT,1744041600000,-0.00005584,106.62697982
SOLUSDT,1744070400000,-0.00011753,106.91278070
SOLUSDT,1744099200000,-0.00004472,108.63448772
SOLUSDT,1744128000000,-0.00023327,107.15000000
SOLUSDT,1744156800000,-0.00008090,105.32000000
SOLUSDT,1744185600001,-0.00007831,107.32000000
SOLUSDT,1744214400000,0.00007621,106.49000000
SOLUSDT,1744243200000,0.00010000,119.01393158
SOLUSDT,1744272000000,0.00010000,114.75000000
SOLUSDT,1744300800000,0.00003456,109.53000000
SOLUSDT,1744329600001,-0.00006109,112.75960702
SOLUSDT,1744358400000,0.00004298,116.53000000
SOLUSDT,1744387200000,0.00010000,119.88132456
SOLUSDT,1744416000000,0.00005911,121.33030702
SOLUSDT,1744444800001,-0.00001714,124.18000000
SOLUSDT,1744473600000,0.00002768,130.43000000
SOLUSDT,1744502400000,-0.00000335,132.17447018
SOLUSDT,1744531200000,0.00010000,128.50478596
SOLUSDT,1744560000000,0.00008174,128.66694123
SOLUSDT,1744588800000,0.00009053,128.30000000
SOLUSDT,1744617600000,-0.00003957,132.23249825
SOLUSDT,1744646400000,-0.00009450,128.70917423
SOLUSDT,1744675200000,-0.00005912,129.34000000
SOLUSDT,1744704000000,-0.00013087,131.48000000
SOLUSDT,1744732800001,0.00001824,129.54000000
SOLUSDT,1744761600000,-0.00009158,126.06000000
SOLUSDT,1744790400000,-0.00003187,124.73429038
SOLUSDT,1744819200000,-0.00002327,128.32305439
SOLUSDT,1744848000001,0.00010000,131.29000000
SOLUSDT,1744876800000,0.00010000,134.22000000
SOLUSDT,1744905600001,0.00001614,133.39000000
SOLUSDT,1744934400000,0.00000184,134.76002105
SOLUSDT,1744963200000,-0.00001498,134.86000000
SOLUSDT,1744992000000,-0.00003334,132.81932895
SOLUSDT,1745020800000,-0.00005659,133.97070145
SOLUSDT,1745049600000,-0.00005634,138.67000000
SOLUSDT,1745078400000,-0.00013071,138.87000000
SOLUSDT,1745107200000,-0.00007971,139.77000000
SOLUSDT,1745136000000,-0.00016975,139.52275877
SOLUSDT,1745164800000,-0.00013544,135.88000000
SOLUSDT,1745193600000,-0.00019655,137.77072105
SOLUSDT,1745222400005,-0.00015490,140.08000000
SOLUSDT,1745251200003,-0.00010934,138.26000000
SOLUSDT,1745280000008,-0.00025936,136.44000000
SOLUSDT,1745308800000,0.00003362,140.12000000
SOLUSDT,1745337600000,0.00004549,145.25889649
SOLUSDT,1745366400000,0.00010000,148.70000000
SOLUSDT,1745395200002,-0.00003559,151.52380762
SOLUSDT,1745424000000,0.00006137,151.35349792
SOLUSDT,1745452800000,0.00010000,151.09161875
SOLUSDT,1745481600001,0.00010000,147.12696458
SOLUSDT,1745510400001,0.00005163,149.25000000
SOLUSDT,1745539200007,0.00010000,152.50556771
SOLUSDT,1745568000002,0.00010000,154.82059688
SOLUSDT,1745596800003,0.00001235,152.83526250
SOLUSDT,1745625600002,0.00001050,150.76000000
SOLUSDT,1745654400000,-0.00004023,151.28000000
SOLUSDT,1745683200002,-0.00007805,149.21485312
SOLUSDT,1745712000001,0.00001325,149.14000000
SOLUSDT,1745740800000,-0.00007219,147.35000000
SOLUSDT,1745769600000,0.00005977,148.94000000
SOLUSDT,1745798400001,-0.00002300,147.90228125
SOLUSDT,1745827200003,0.00005514,151.04000000
SOLUSDT,1745856000005,-0.00010338,146.23000000
SOLUSDT,1745884800000,-0.00016044,147.76000000
SOLUSDT,1745913600000,-0.00004373,148.82000000
SOLUSDT,1745942400010,0.00002238,147.92000000
SOLUSDT,1745971200001,-0.00006214,146.20970877
SOLUSDT,1746000000000,-0.00005841,146.33000000
SOLUSDT,1746028800003,-0.00015110,142.16146140
SOLUSDT,1746057600000,0.00004946,147.47723860
SOLUSDT,1746086400000,0.00008433,149.72746667
SOLUSDT,1746115200001,0.00000560,151.77000000
SOLUSDT,1746144000000,0.00002490,150.76346579
SOLUSDT,1746172800000,-0.00005683,148.43000000
SOLUSDT,1746201600003,-0.00005442,149.82000000
SOLUSDT,1746230400000,-0.00012523,147.94767604
SOLUSDT,1746259200000,-0.00003821,148.02040877
SOLUSDT,1746288000000,-0.00009958,148.38497544
SOLUSDT,1746316800001,-0.00000404,146.63567544
SOLUSDT,1746345600001,-0.00004138,145.57000000
SOLUSDT,1746374400002,-0.00012151,146.72538246
SOLUSDT,1746403200000,-0.00006756,143.87029825
SOLUSDT,1746432000000,0.00001617,146.80000000
SOLUSDT,1746460800006,-0.00009298,143.66304649
SOLUSDT,1746489600002,0.00006405,146.65000000
SOLUSDT,1746518400005,-0.00004546,145.19346053
SOLUSDT,1746547200000,-0.00002434,143.11000000
SOLUSDT,1746576000002,0.00008971,146.83000000
SOLUSDT,1746604800000,0.00003313,147.19097544
SOLUSDT,1746633600006,0.00006688,145.67760000
SOLUSDT,1746662400000,0.00002457,147.27000000
SOLUSDT,1746691200001,0.00005832,151.51000000
SOLUSDT,1746720000002,0.00009640,160.16273684
SOLUSDT,1746748800001,0.00010000,164.44475439
SOLUSDT,1746777600006,0.00010000,165.06110614
SOLUSDT,1746806400000,0.00010000,170.73000000
SOLUSDT,1746835200001,0.00010000,172.74000000
SOLUSDT,1746864000000,0.00010000,172.29862412
SOLUSDT,1746892800001,0.00010000,171.02073684
SOLUSDT,1746921600000,0.00010000,177.87069825
SOLUSDT,1746950400001,0.00010000,172.59454912
SOLUSDT,1746979200001,0.00005117,170.41000000
SOLUSDT,1747008000004,0.00003571,173.09405000
SOLUSDT,1747036800000,0.00006886,176.03000000
SOLUSDT,1747065600000,0.00010000,174.40000000
SOLUSDT,1747094400000,0.00008216,174.14000000
SOLUSDT,1747123200008,0.00010000,171.42000000
SOLUSDT,1747152000001,0.00004667,176.00333860
SOLUSDT,1747180800007,0.00010000,183.72067456
SOLUSDT,1747209600000,0.00010000,181.68896579
SOLUSDT,1747238400002,0.00002295,177.26000000
SOLUSDT,1747267200000,-0.00002267,176.52094781
SOLUSDT,1747296000003,0.00000924,170.34000000
SOLUSDT,1747324800000,0.00003324,172.14809737
SOLUSDT,1747353600001,-0.00001229,169.06000000
SOLUSDT,1747382400000,0.00008483,172.07000000
SOLUSDT,1747411200000,-0.00001038,172.01804474
SOLUSDT,1747440000000,-0.00004807,167.36287412
SOLUSDT,1747468800001,0.00003475,168.49000000
SOLUSDT,1747497600004,0.00001111,167.21177807
SOLUSDT,1747526400000,0.00002020,165.88000000
SOLUSDT,1747555200000,0.00007853,170.59000000
SOLUSDT,1747584000000,0.00005057,176.20000000
SOLUSDT,1747612800000,-0.00001197,173.24000000
SOLUSDT,1747641600006,-0.00013744,161.79328070
SOLUSDT,1747670400010,-0.00010509,164.09827851
SOLUSDT,1747699200000,0.00007217,166.71779649
SOLUSDT,1747728000002,0.00010000,167.30000000
SOLUSDT,1747756800000,-0.00002235,166.54000000
SOLUSDT,1747785600000,0.00006901,168.51000000
SOLUSDT,1747814400001,0.00009580,168.76000000
SOLUSDT,1747843200004,0.00009897,172.12000000
SOLUSDT,1747872000001,0.00007607,173.49895439
SOLUSDT,1747900800000,0.00010000,178.45000000
SOLUSDT,1747929600002,0.00010000,178.90873860
SOLUSDT,1747958400006,0.00010000,179.60000000
SOLUSDT,1747987200000,0.00010000,182.49000000
SOLUSDT,1748016000007,0.00010000,180.61000000
SOLUSDT,1748044800010,0.00010000,173.92919035
SOLUSDT,1748073600000,-0.00002064,173.84143860
SOLUSDT,1748102400003,0.00001263,176.23556053
SOLUSDT,1748131200004,0.00006352,175.81000000
SOLUSDT,1748160000000,-0.00003821,172.27191272
SOLUSDT,1748188800000,-0.00003651,170.21376447
SOLUSDT,1748217600000,-0.00000990,175.65000000
SOLUSDT,1748246400000,0.00001765,178.07513684
SOLUSDT,1748275200002,0.00008686,177.38000000
SOLUSDT,1748304000003,-0.00008877,174.80368026
SOLUSDT,1748332800001,-0.00002909,175.38000000
SOLUSDT,1748361600005,0.00010000,178.40000000
SOLUSDT,1748390400002,0.00010000,176.64447588
SOLUSDT,1748419200003,-0.00002762,173.81000000
SOLUSDT,1748448000002,-0.00013891,169.58000000
SOLUSDT,1748476800000,-0.00008565,172.12576447
SOLUSDT,1748505600006,0.00007947,172.17000000
SOLUSDT,1748534400000,-0.00003067,169.65000000
SOLUSDT,1748563200003,-0.00001093,166.62000000
SOLUSDT,1748592000003,-0.00005322,162.59000000
SOLUSDT,1748620800000,0.00003101,161.11000000
SOLUSDT,1748649600000,0.00003422,156.12199123
SOLUSDT,1748678400000,0.00001633,154.77000000
SOLUSDT,1748707200000,-0.00010143,155.52383728
SOLUSDT,1748736000001,-0.00006233,156.37000000
SOLUSDT,1748764800002,-0.00008005,154.35154326
SOLUSDT,1748793600000,-0.00004325,154.08000000
SOLUSDT,1748822400001,0.00004401,157.62000000
SOLUSDT,1748851200000,0.00004587,155.46115877
SOLUSDT,1748880000000,-0.00000375,153.09000000
SOLUSDT,1748908800000,0.00004371,156.74000000
SOLUSDT,1748937600000,0.00006746,159.75000000
SOLUSDT,1748966400001,0.00000576,162.12000000
SOLUSDT,1748995200000,-0.00004581,155.10815746
SOLUSDT,1749024000000,0.00005065,156.34891228
SOLUSDT,1749052800000,0.00001795,157.06000000
SOLUSDT,1749081600016,0.00001332,153.19000000
SOLUSDT,1749110400000,0.00003552,152.36000000
SOLUSDT,1749139200000,-0.00000604,150.81000000
SOLUSDT,1749168000002,-0.00006476,144.21257632
SOLUSDT,1749196800000,-0.00011387,147.29542281
SOLUSDT,1749225600006,-0.00001384,151.01787281
SOLUSDT,1749254400000,0.00006211,147.77000000
SOLUSDT,1749283200000,0.00001300,152.30123596
SOLUSDT,1749312000002,-0.00002393,150.92000000
SOLUSDT,1749340800000,-0.00000074,149.98000000
SOLUSDT,1749369600000,0.00004196,149.22000000
SOLUSDT,1749398400000,-0.00002649,150.63000000
SOLUSDT,1749427200000,0.00010000,152.39030175
SOLUSDT,1749456000001,0.00002864,150.78000000
SOLUSDT,1749484800001,0.00004810,154.92853640
SOLUSDT,1749513600000,0.00009077,161.09000000
SOLUSDT,1749542400001,0.00010000,158.39000000
SOLUSDT,1749571200003,-0.00000113,157.97000000
SOLUSDT,1749600000000,0.00010000,165.06000000
SOLUSDT,1749628800000,0.00010000,166.59149167
SOLUSDT,1749657600010,0.00010000,167.20000000
SOLUSDT,1749686400002,0.00005193,160.90971454
SOLUSDT,1749715200003,0.00003997,158.71141905
SOLUSDT,1749744000001,-0.00000202,156.94063377
SOLUSDT,1749772800000,-0.00001707,152.25097588
SOLUSDT,1749801600001,-0.00009270,144.92041659
SOLUSDT,1749830400004,0.00001064,147.09000000
SOLUSDT,1749859200000,0.00008928,148.53000000
SOLUSDT,1749888000000,0.00002159,146.11000000
SOLUSDT,1749916800000,-0.00000480,144.46155175
SOLUSDT,1749945600005,-0.00003760,144.56000000
SOLUSDT,1749974400009,0.00007334,145.82000000
SOLUSDT,1750003200000,0.00008709,150.77000000
SOLUSDT,1750032000000,0.00010000,152.89000000
SOLUSDT,1750060800000,0.00010000,157.19949956
SOLUSDT,1750089600003,-0.00000624,156.49000000
SOLUSDT,1750118400000,0.00000996,150.67078596
SOLUSDT,1750147200006,0.00010000,152.61862237
SOLUSDT,1750176000001,0.00005322,147.55000000
SOLUSDT,1750204800001,0.00005552,147.49000000
SOLUSDT,1750233600001,-0.00000710,147.91312412
SOLUSDT,1750262400001,-0.00002074,145.68091404
SOLUSDT,1750291200005,0.00002853,146.28000000
SOLUSDT,1750320000003,0.00002565,145.00000000
SOLUSDT,1750348800000,0.00001075,143.08000000
SOLUSDT,1750377600000,0.00005538,146.97565746
SOLUSDT,1750406400002,0.00004090,147.40000000
SOLUSDT,1750435200001,0.00001443,142.76000000
SOLUSDT,1750464000002,-0.00005118,140.02000000
SOLUSDT,1750492800005,-0.00007613,140.55000000
SOLUSDT,1750521600000,0.00002732,140.23000000
SOLUSDT,1750550400005,-0.00003464,135.33827939
SOLUSDT,1750579200000,0.00003965,134.75000000
SOLUSDT,1750608000003,0.00000855,128.53444605
SOLUSDT,1750636800000,0.00004979,131.67592500
SOLUSDT,1750665600004,0.00000469,134.32000000
SOLUSDT,1750694400013,0.00001440,133.35000000
SOLUSDT,1750723200003,0.00008638,144.41000000
SOLUSDT,1750752000000,-0.00002013,143.96364693
SOLUSDT,1750780800000,0.00002041,144.24000000
SOLUSDT,1750809600005,-0.00001345,145.82440482
SOLUSDT,1750838400000,0.00010000,146.94988728
SOLUSDT,1750867200005,0.00004739,143.61000000
SOLUSDT,1750896000000,0.00003413,143.49000000
SOLUSDT,1750924800006,0.00002145,145.07359649
SOLUSDT,1750953600007,-0.00006184,142.93723860
SOLUSDT,1750982400000,-0.00006442,138.98000000
SOLUSDT,1751011200000,0.00001541,140.26209054
SOLUSDT,1751040000009,0.00001738,143.40000000
SOLUSDT,1751068800001,0.00006933,142.03001667
SOLUSDT,1751097600002,0.00010000,146.45733333
SOLUSDT,1751126400000,0.00010000,148.10836491
SOLUSDT,1751155200004,0.00010000,150.67000000
SOLUSDT,1751184000001,0.00010000,150.26000000
SOLUSDT,1751212800001,0.00003460,150.69125965
SOLUSDT,1751241600000,0.00006987,153.22808158
SOLUSDT,1751270400005,0.00000833,150.59659474
SOLUSDT,1751299200002,0.00003926,157.78000000
SOLUSDT,1751328000007,0.00009123,154.74839561
SOLUSDT,1751356800002,0.00005050,149.97504059
SOLUSDT,1751385600000,-0.00007235,147.13000000
SOLUSDT,1751414400001,-0.00005826,146.79291667
SOLUSDT,1751443200000,-0.00004281,149.03000000
SOLUSDT,1751472000003,-0.00000492,151.25000000
SOLUSDT,1751500800006,0.00007514,152.24000000
SOLUSDT,1751529600003,0.00008784,155.53000000
SOLUSDT,1751558400003,-0.00000808,150.09544474
SOLUSDT,1751587200005,-0.00001339,152.28169518
SOLUSDT,1751616000003,0.00009974,150.42292895
SOLUSDT,1751644800001,-0.00006162,146.50265789
SOLUSDT,1751673600004,-0.00015145,147.59000000
SOLUSDT,1751702400009,-0.00007863,147.78000000
SOLUSDT,1751731200006,-0.00006498,147.04813333
SOLUSDT,1751760000001,-0.00003364,147.50000000
SOLUSDT,1751788800002,-0.00007540,147.82000000
SOLUSDT,1751817600004,0.00003442,151.48000000
SOLUSDT,1751846400000,0.00010000,151.81000000
SOLUSDT,1751875200007,0.00006880,152.30300482
SOLUSDT,1751904000000,0.00003570,150.99421184
SOLUSDT,1751932800010,0.00003474,148.82000000
SOLUSDT,1751961600003,-0.00003311,149.57875088
SOLUSDT,1751990400000,-0.00000741,149.79000000
SOLUSDT,1752019200002,0.00002053,151.59000000
SOLUSDT,1752048000006,0.00000017,152.94000000
SOLUSDT,1752076800001,0.00000552,153.91000000
SOLUSDT,1752105600003,0.00010000,157.00600833
SOLUSDT,1752134400000,0.00002127,157.83000000
SOLUSDT,1752163200004,0.00001690,156.37000000
SOLUSDT,1752192000004,0.00010000,164.28716754
SOLUSDT,1752220800007,0.00004064,163.18000000
SOLUSDT,1752249600001,0.00010000,162.27551842
SOLUSDT,1752278400000,0.00010000,162.87883860
SOLUSDT,1752307200001,0.00010000,163.16000000
SOLUSDT,1752336000002,0.00010000,158.07000000
SOLUSDT,1752364800006,0.00010000,160.63000000
SOLUSDT,1752393600001,0.00010000,162.58065132
SOLUSDT,1752422400003,0.00007719,161.95000000
SOLUSDT,1752451200000,0.00003590,161.05029868
SOLUSDT,1752480000000,0.00010000,167.18102982
SOLUSDT,1752508800000,0.00010000,163.92204956
SOLUSDT,1752537600002,0.00007758,162.14343991
SOLUSDT,1752566400000,-0.00000361,159.45340526
SOLUSDT,1752595200000,0.00002244,160.39000000
SOLUSDT,1752624000000,0.00010000,163.99894254
SOLUSDT,1752652800000,0.00010000,164.03167105
SOLUSDT,1752681600008,0.00010000,168.43000000
SOLUSDT,1752710400003,0.00010000,173.63000000
SOLUSDT,1752739200000,0.00010000,173.98000000
SOLUSDT,1752768000000,0.00010000,174.12000000
SOLUSDT,1752796800004,0.00010000,175.82000000
SOLUSDT,1752825600000,0.00010000,181.15000000
SOLUSDT,1752854400000,0.00010000,177.02986842
SOLUSDT,1752883200009,0.00010000,177.21000000
SOLUSDT,1752912000000,0.00010000,176.99000000
SOLUSDT,1752940800002,0.00010000,177.37645921
SOLUSDT,1752969600000,0.00010000,176.93442456
SOLUSDT,1752998400000,0.00010000,177.92000000
SOLUSDT,1753027200000,0.00010000,181.93000000
SOLUSDT,1753056000001,0.00010000,181.41071272
SOLUSDT,1753084800000,0.00010000,190.10000000
SOLUSDT,1753113600001,0.00012900,196.86700263
SOLUSDT,1753142400000,0.00010000,195.73310482
SOLUSDT,1753171200010,0.00010000,198.08459254
SOLUSDT,1753200000007,0.00010000,201.85002237
SOLUSDT,1753228800000,0.00010000,205.77987588
SOLUSDT,1753257600004,0.00010000,199.49798509
SOLUSDT,1753286400002,0.00010000,192.71000000
SOLUSDT,1753315200000,0.00010000,189.38281579
SOLUSDT,1753344000001,0.00010000,184.16258158
SOLUSDT,1753372800000,0.00010000,188.47000000
SOLUSDT,1753401600000,0.00010000,182.77000000
SOLUSDT,1753430400000,0.00006102,177.47048947
SOLUSDT,1753459200000,0.00010000,178.14628904
SOLUSDT,1753488000001,0.00010000,186.69139161
SOLUSDT,1753516800005,0.00010000,186.41000000
SOLUSDT,1753545600001,0.00010000,187.49000000
SOLUSDT,1753574400001,0.00010000,184.83000000
SOLUSDT,1753603200000,0.00010000,187.17980833
SOLUSDT,1753632000008,0.00010000,186.39519079
SOLUSDT,1753660800005,0.00010000,188.56781009
SOLUSDT,1753689600000,0.00010000,192.32797632
SOLUSDT,1753718400000,0.00010000,187.14000000
SOLUSDT,1753747200001,-0.00000347,183.03000000
SOLUSDT,1753776000000,0.00000817,185.95000000
SOLUSDT,1753804800000,0.00004218,180.74365351
SOLUSDT,1753833600011,0.00001098,181.39000000
SOLUSDT,1753862400000,0.00007655,180.77022675
SOLUSDT,1753891200008,-0.00001266,179.11307281
SOLUSDT,1753920000000,-0.00000814,177.68000000
SOLUSDT,1753948800009,0.00004662,181.16000000
SOLUSDT,1753977600000,0.00000862,177.24208596
SOLUSDT,1754006400001,0.00004034,172.16545132
SOLUSDT,1754035200003,-0.00001440,169.32300570
SOLUSDT,1754064000000,0.00003852,168.50000000
SOLUSDT,1754092800004,-0.00003851,162.60000000
SOLUSDT,1754121600000,0.00003654,164.34499430
SOLUSDT,1754150400000,0.00003981,161.45000000
SOLUSDT,1754179200000,-0.00010062,158.39208465
SOLUSDT,1754208000000,-0.00005920,161.25000000
SOLUSDT,1754236800003,-0.00007571,162.00000000
SOLUSDT,1754265600004,-0.00014534,161.84000000
SOLUSDT,1754294400000,-0.00006297,162.95102632
SOLUSDT,1754323200002,-0.00006458,165.38853202
SOLUSDT,1754352000000,-0.00003577,169.46286447
SOLUSDT,1754380800000,-0.00002117,166.14000000
SOLUSDT,1754409600000,-0.00004816,163.68000000
SOLUSDT,1754438400005,-0.00006840,163.99000000
SOLUSDT,1754467200000,-0.00003584,164.16000000
SOLUSDT,1754496000000,0.00001840,168.97000000
SOLUSDT,1754524800003,0.00010000,168.03000000
SOLUSDT,1754553600002,0.00001246,169.91000000
SOLUSDT,1754582400002,0.00004431,170.38000000
SOLUSDT,1754611200002,0.00006422,175.27888877
SOLUSDT,1754640000004,0.00001197,177.04000000
SOLUSDT,1754668800000,0.00003043,175.14138333
SOLUSDT,1754697600005,0.00010000,176.69000000
SOLUSDT,1754726400000,0.00008345,180.54000000
SOLUSDT,1754755200007,0.00007712,180.01000000
SOLUSDT,1754784000003,0.00009612,179.87102344
SOLUSDT,1754812800005,0.00007842,178.86862500
SOLUSDT,1754841600002,0.00010000,181.46731979
SOLUSDT,1754870400000,0.00009508,182.59000000
SOLUSDT,1754899200000,0.00010000,182.93000000
SOLUSDT,1754928000000,0.00000319,180.10106579
SOLUSDT,1754956800000,-0.00002394,174.75000000
SOLUSDT,1754985600001,-0.00001203,175.81000000
SOLUSDT,1755014400005,-0.00002257,181.61000000
SOLUSDT,1755043200000,0.00010000,191.76000000
SOLUSDT,1755072000002,0.00010000,198.78821491
SOLUSDT,1755100800006,0.00010000,197.46507895
SOLUSDT,1755129600002,0.00010000,201.57000000
SOLUSDT,1755158400003,0.00025876,205.73010088
SOLUSDT,1755187200000,0.00010000,194.87115789
SOLUSDT,1755216000000,0.00010000,192.41275877
SOLUSDT,1755244800000,0.00010000,196.89107456
SOLUSDT,1755273600000,0.00004024,185.45000000
SOLUSDT,1755302400004,-0.00004219,185.62240625
SOLUSDT,1755331200000,0.00006279,189.01000000
SOLUSDT,1755360000002,0.00007134,188.73000000
SOLUSDT,1755388800000,0.00010000,189.52000000
SOLUSDT,1755417600001,0.00009630,191.80000000
SOLUSDT,1755446400007,0.00005105,195.39000000
SOLUSDT,1755475200000,0.00008860,190.92791667
SOLUSDT,1755504000001,-0.00005077,180.54000000
SOLUSDT,1755532800002,-0.00006163,183.00742982
SOLUSDT,1755561600000,-0.00001986,182.84000000
SOLUSDT,1755590400001,0.00004048,180.05000000
SOLUSDT,1755619200000,0.00006293,177.89000000
SOLUSDT,1755648000000,0.00002581,176.10000000
SOLUSDT,1755676800000,0.00008810,180.45000000
SOLUSDT,1755705600000,0.00010000,182.95000000
SOLUSDT,1755734400006,0.00010000,187.89656579
SOLUSDT,1755763200000,0.00010000,186.93000000
SOLUSDT,1755792000003,0.00001366,181.55000000
SOLUSDT,1755820800010,0.00003301,180.24000000
SOLUSDT,1755849600007,0.00010000,183.89601249
SOLUSDT,1755878400001,0.00010000,193.49722368
SOLUSDT,1755907200004,0.00010000,200.67000000
SOLUSDT,1755936000006,0.00010000,205.27516228
SOLUSDT,1755964800000,0.00010000,202.68060088
SOLUSDT,1755993600001,0.00010000,204.20878947
SOLUSDT,1756022400002,0.00010000,206.79745175
SOLUSDT,1756051200001,0.00010000,205.73000000
SOLUSDT,1756080000000,0.00010000,206.06179386
SOLUSDT,1756108800002,0.00010000,199.84000000
SOLUSDT,1756137600002,0.00010000,196.48761842
SOLUSDT,1756166400000,0.00002857,187.08518421
SOLUSDT,1756195200000,-0.00000898,188.82000000
SOLUSDT,1756224000000,0.00005270,190.71867105
SOLUSDT,1756252800003,0.00010000,195.77000000
SOLUSDT,1756281600000,0.00010000,202.37000000
SOLUSDT,1756310400009,0.00010000,208.63000000
SOLUSDT,1756339200000,0.00010000,202.93000000
SOLUSDT,1756368000005,0.00010000,213.03000000
SOLUSDT,1756396800004,0.00010000,211.02660965
SOLUSDT,1756425600000,0.00008562,214.30363596
SOLUSDT,1756454400000,0.00007793,208.73000000
SOLUSDT,1756483200005,0.00007047,204.34000000
SOLUSDT,1756512000000,-0.00001362,204.98000000
SOLUSDT,1756540800002,0.00005373,205.04000000
SOLUSDT,1756569600003,-0.00003140,200.98000000
SOLUSDT,1756598400016,0.00001753,202.60000000
SOLUSDT,1756627200000,0.00009518,203.44000000
SOLUSDT,1756656000001,0.00009036,204.48000000
SOLUSDT,1756684800000,0.00009019,200.57673952
SOLUSDT,1756713600000,0.00000792,202.84000000
SOLUSDT,1756742400001,0.00002302,198.26811842
SOLUSDT,1756771200000,0.00004576,197.22000000
SOLUSDT,1756800000005,0.00010000,202.07000000
SOLUSDT,1756828800007,0.00009872,200.20000000
SOLUSDT,1756857600006,0.00010000,209.54000000
SOLUSDT,1756886400002,0.00008685,209.28296491
SOLUSDT,1756915200002,0.00000761,211.25311404
SOLUSDT,1756944000002,0.00003074,210.64000000
SOLUSDT,1756972800000,0.00006703,206.56035526
SOLUSDT,1757001600000,0.00006691,203.71000000
SOLUSDT,1757030400001,-0.00000457,202.23000000
SOLUSDT,1757059200006,0.00001493,207.75411686
SOLUSDT,1757088000000,0.00001122,203.46000000
SOLUSDT,1757116800000,0.00008900,203.29228070
SOLUSDT,1757145600005,0.00010000,202.94614912
SOLUSDT,1757174400000,0.00001754,201.16000000
SOLUSDT,1757203200000,0.00000006,200.06000000
SOLUSDT,1757232000000,0.00006542,202.90000000
SOLUSDT,1757260800000,0.00003077,205.09890351
SOLUSDT,1757289600007,0.00010000,206.30730152
SOLUSDT,1757318400000,0.00010000,207.85000000
SOLUSDT,1757347200000,0.00010000,214.98035965
SOLUSDT,1757376000000,0.00008916,214.03000000
SOLUSDT,1757404800000,0.00010000,219.17894737
SOLUSDT,1757433600000,0.00010000,212.97179386
SOLUSDT,1757462400000,0.00003617,217.11000000
SOLUSDT,1757491200002,0.00010000,222.14000000
SOLUSDT,1757520000000,0.00010000,223.04000000
SOLUSDT,1757548800000,0.00004953,223.94159233
SOLUSDT,1757577600000,-0.00001990,223.09880702
SOLUSDT,1757606400001,0.00009486,226.71000000
SOLUSDT,1757635200002,0.00000236,228.62782018
SOLUSDT,1757664000001,0.00000469,237.24000000
SOLUSDT,1757692800005,0.00000719,239.21000000
SOLUSDT,1757721600005,0.00001709,242.08000000
SOLUSDT,1757750400002,0.00006327,242.34618421
SOLUSDT,1757779200000,0.00005623,239.39000000
SOLUSDT,1757808000006,-0.00000376,242.23000000
SOLUSDT,1757836800000,0.00005813,246.27228509
SOLUSDT,1757865600001,0.00002920,243.74238158
SOLUSDT,1757894400006,-0.00000717,239.63640789
SOLUSDT,1757923200002,0.00000858,237.87000000
SOLUSDT,1757952000001,0.00004813,232.90297368
SOLUSDT,1757980800001,0.00006405,234.18893860
SOLUSDT,1758009600000,0.00007636,235.68000000
SOLUSDT,1758038400000,0.00007783,237.67542982
SOLUSDT,1758067200001,-0.00001958,236.86090351
SOLUSDT,1758096000000,0.00003782,237.64000000
SOLUSDT,1758124800003,0.00003428,233.79000000
SOLUSDT,1758153600006,0.00008719,244.75000000
SOLUSDT,1758182400002,0.00010000,244.65000000
SOLUSDT,1758211200000,0.00001468,248.13000000
SOLUSDT,1758240000000,0.00010000,247.35885088
SOLUSDT,1758268800005,0.00009667,243.71000000
SOLUSDT,1758297600000,0.00000803,237.38000000
SOLUSDT,1758326400000,-0.00003324,238.40000000
SOLUSDT,1758355200000,-0.00006980,239.64161404
SOLUSDT,1758384000002,-0.00002909,240.01000000
SOLUSDT,1758412800000,-0.00000439,239.38000000
SOLUSDT,1758441600000,0.00004391,239.75105263
SOLUSDT,1758470400000,0.00000963,237.78000000
SOLUSDT,1758499200005,0.00000406,236.06271053
SOLUSDT,1758528000003,-0.00001362,221.81000000
SOLUSDT,1758556800000,-0.00010344,220.62000000
SOLUSDT,1758585600000,0.00004622,220.28330702
SOLUSDT,1758614400001,0.00004873,218.87000000
SOLUSDT,1758643200000,0.00000593,219.18000000
SOLUSDT,1758672000003,0.00002831,213.19000000
SOLUSDT,1758700800001,0.00003094,210.54000000
SOLUSDT,1758729600002,-0.00000340,213.46679825
SOLUSDT,1758758400000,-0.00012840,211.45650877
SOLUSDT,1758787200001,-0.00003446,204.10227193
SOLUSDT,1758816000000,0.00003595,201.05000000
SOLUSDT,1758844800000,0.00003743,192.63193860
SOLUSDT,1758873600000,-0.00003977,196.25598246
SOLUSDT,1758902400008,-0.00004772,195.92000000
SOLUSDT,1758931200000,-0.00009862,205.03000000
SOLUSDT,1758960000010,0.00006955,201.96232456
SOLUSDT,1758988800003,-0.00002293,203.41585088
SOLUSDT,1759017600000,0.00002105,203.32218421
SOLUSDT,1759046400000,-0.00003715,202.00000000
SOLUSDT,1759075200000,0.00001970,203.33000000
SOLUSDT,1759104000000,0.00004762,210.72236842
SOLUSDT,1759132800002,0.00010000,208.85000000
SOLUSDT,1759161600001,-0.00007412,209.95000000
SOLUSDT,1759190400002,-0.00005066,212.60618421
SOLUSDT,1759219200005,-0.00016084,208.88000000
SOLUSDT,1759248000000,-0.00003859,205.92147368
SOLUSDT,1759276800000,0.00007070,208.60000000
SOLUSDT,1759305600000,0.00010000,210.09137931
SOLUSDT,1759334400000,-0.00000702,220.13000000
SOLUSDT,1759363200000,0.00007943,221.92000000
SOLUSDT,1759392000013,-0.00009812,222.82000000
SOLUSDT,1759420800000,-0.00002091,227.09000000
SOLUSDT,1759449600006,-0.00009937,234.61000000
SOLUSDT,1759478400006,0.00006248,229.33000000
SOLUSDT,1759507200000,0.00007389,234.67000000
SOLUSDT,1759536000001,0.00007725,232.74000000
SOLUSDT,1759564800000,0.00000517,229.02445554
SOLUSDT,1759593600000,0.00001040,224.55000000
SOLUSDT,1759622400000,0.00001013,227.73871930
SOLUSDT,1759651200003,0.00008810,236.48000000
SOLUSDT,1759680000009,-0.00004722,230.02000000
SOLUSDT,1759708800004,-0.00007241,228.45000000
SOLUSDT,1759737600002,0.00002963,231.23000000
SOLUSDT,1759766400004,0.00005395,235.56406140
SOLUSDT,1759795200000,0.00001768,232.27000000
SOLUSDT,1759824000003,-0.00006695,230.88000000
SOLUSDT,1759852800000,-0.00002108,223.66678947
SOLUSDT,1759881600000,-0.00006781,219.84930702
SOLUSDT,1759910400006,-0.00000605,220.85000000
SOLUSDT,1759939200002,-0.00003581,221.09483333
SOLUSDT,1759968000001,0.00010000,228.96000000
SOLUSDT,1759996800000,0.00010000,224.39488596
SOLUSDT,1760025600000,-0.00000236,219.05704386
SOLUSDT,1760054400005,-0.00002367,220.80268421
SOLUSDT,1760083200002,0.00002784,217.99000000
SOLUSDT,1760112000014,0.00000306,210.58000000
SOLUSDT,1760140800000,-0.00302761,187.65000000
SOLUSDT,1760169600003,-0.00203878,182.58305263
SOLUSDT,1760198400000,-0.00158704,183.58000000
SOLUSDT,1760227200004,-0.00124994,177.21000000
SOLUSDT,1760256000002,-0.00123408,182.31776770
SOLUSDT,1760284800000,-0.00057183,191.04957895
SOLUSDT,1760313600003,-0.00060725,196.89000000
SOLUSDT,1760342400002,-0.00023311,196.65000000
SOLUSDT,1760371200003,-0.00005122,196.32000000
SOLUSDT,1760400000000,0.00000621,208.58342105
SOLUSDT,1760428800000,0.00004088,194.38979825
SOLUSDT,1760457600000,-0.00007110,202.05735965
SOLUSDT,1760486400006,-0.00006096,202.35901754
SOLUSDT,1760515200002,0.00005749,204.57874561
SOLUSDT,1760544000000,0.00004099,197.06000000
SOLUSDT,1760572800000,-0.00006784,193.73000000
SOLUSDT,1760601600003,-0.00004113,192.84157018
SOLUSDT,1760630400002,-0.00007614,187.52011404
SOLUSDT,1760659200001,-0.00002994,184.76815789
SOLUSDT,1760688000005,0.00007329,177.72000000
SOLUSDT,1760716800003,0.00009462,182.65000000
SOLUSDT,1760745600000,-0.00008545,181.89000000
SOLUSDT,1760774400002,-0.00000155,186.17000000
SOLUSDT,1760803200001,-0.00003501,184.94734120
SOLUSDT,1760832000001,0.00010000,187.48000000
SOLUSDT,1760860800001,0.00001997,185.82000000
SOLUSDT,1760889600001,0.00002250,190.66000000
SOLUSDT,1760918400004,-0.00008569,187.78000000
SOLUSDT,1760947200001,0.00000530,192.95646491
SOLUSDT,1760976000000,-0.00003004,190.42000000
SOLUSDT,1761004800009,-0.00000342,189.64000000
SOLUSDT,1761033600000,-0.00008944,184.89294737
SOLUSDT,1761062400000,0.00004135,196.17000000
SOLUSDT,1761091200004,0.00010000,185.54000000
SOLUSDT,1761120000000,-0.00009872,184.90000000
SOLUSDT,1761148800000,-0.00002230,183.91000000
SOLUSDT,1761177600000,-0.00003216,179.98452632
SOLUSDT,1761206400001,0.00000684,187.40000000
SOLUSDT,1761235200004,0.00010000,190.98000000
SOLUSDT,1761264000000,0.00010000,191.27000000
SOLUSDT,1761292800000,0.00010000,192.09000000
SOLUSDT,1761321600009,0.00001595,189.31792105
SOLUSDT,1761350400000,0.00010000,193.51140653
SOLUSDT,1761379200001,0.00010000,193.86000000
SOLUSDT,1761408000001,0.00005536,191.80354386
SOLUSDT,1761436800001,0.00006721,193.75082456
SOLUSDT,1761465600001,0.00004492,193.79347368
SOLUSDT,1761494400000,0.00005882,199.42445614
SOLUSDT,1761523200000,0.00010000,199.95000000
SOLUSDT,1761552000005,0.00010000,202.43000000
SOLUSDT,1761580800000,0.00003983,200.01012281
SOLUSDT,1761609600000,0.00001820,198.61000000
SOLUSDT,1761638400000,0.00007929,202.29150877
SOLUSDT,1761667200004,0.00000617,198.74400877
SOLUSDT,1761696000004,-0.00013860,194.05710526
SOLUSDT,1761724800005,-0.00005808,195.53000000
SOLUSDT,1761753600000,0.00008873,196.72000000
SOLUSDT,1761782400004,0.00000071,193.81848246
SOLUSDT,1761811200008,0.00002026,195.73340351
SOLUSDT,1761840000001,-0.00016797,184.95272807
SOLUSDT,1761868800000,-0.00022069,184.51346491
SOLUSDT,1761897600008,-0.00007523,185.23000000
SOLUSDT,1761926400007,-0.00000138,188.05371143
SOLUSDT,1761955200001,0.00000150,187.12627193
SOLUSDT,1761984000000,0.00002930,185.71000000
SOLUSDT,1762012800000,-0.00005041,186.30282456
SOLUSDT,1762041600007,0.00005263,186.29000000
SOLUSDT,1762070400000,0.00002822,187.62000000
SOLUSDT,1762099200001,-0.00007385,183.68581579
SOLUSDT,1762128000000,0.00002882,187.68878070
SOLUSDT,1762156800010,-0.00017049,176.38259649
SOLUSDT,1762185600000,-0.00015146,166.70000000
SOLUSDT,1762214400002,-0.00004994,165.96408772
SOLUSDT,1762243200004,-0.00013832,157.00000000
SOLUSDT,1762272000000,0.00001759,161.40000000
SOLUSDT,1762300800000,0.00003273,154.95000000
SOLUSDT,1762329600000,0.00005027,156.41000000
SOLUSDT,1762358400004,-0.00011308,160.37806140
SOLUSDT,1762387200001,-0.00010410,162.30709649
SOLUSDT,1762416000000,-0.00004391,158.78000000
SOLUSDT,1762444800001,0.00007661,155.86076316
SOLUSDT,1762473600005,-0.00001927,155.22391107
SOLUSDT,1762502400003,-0.00000473,157.69708772
SOLUSDT,1762531200005,0.00001958,155.33650000
SOLUSDT,1762560000011,0.00008950,161.73274561
SOLUSDT,1762588800015,-0.00001277,160.96000000
SOLUSDT,1762617600001,0.00000485,156.60000000
SOLUSDT,1762646400004,-0.00009501,157.95000000
SOLUSDT,1762675200000,-0.00002922,159.19086842
SOLUSDT,1762704000005,0.00004444,162.46672807
SOLUSDT,1762732800000,0.00010000,164.46000000
SOLUSDT,1762761600000,-0.00011243,167.30646491
SOLUSDT,1762790400003,-0.00007960,166.17000000
SOLUSDT,1762819200007,-0.00004500,167.24000000
SOLUSDT,1762848000000,-0.00020845,163.88464912
SOLUSDT,1762876800009,-0.00001407,160.81778947
SOLUSDT,1762905600000,-0.00002000,154.50000000
SOLUSDT,1762934400002,-0.00015825,154.93373684
SOLUSDT,1762963200000,-0.00003650,155.67933757
SOLUSDT,1762992000002,-0.00008205,153.31098246
SOLUSDT,1763020800000,0.00003785,155.23678766
SOLUSDT,1763049600001,-0.00001195,153.07185118
SOLUSDT,1763078400000,-0.00019091,144.63000000
SOLUSDT,1763107200000,-0.00000995,142.77992502
SOLUSDT,1763136000001,0.00010000,142.17000000
SOLUSDT,1763164800005,0.00010000,138.84676133
SOLUSDT,1763193600000,0.00005851,142.66000000
SOLUSDT,1763222400001,-0.00001324,141.64000000
SOLUSDT,1763251200001,0.00004071,139.55000000
SOLUSDT,1763280000000,0.00007161,142.23403365
SOLUSDT,1763308800000,-0.00000532,137.36000000
SOLUSDT,1763337600003,0.00010000,137.12000000
SOLUSDT,1763366400003,0.00010000,141.26000000
SOLUSDT,1763395200000,0.00009994,137.05371218
SOLUSDT,1763424000002,0.00002095,130.89000000
SOLUSDT,1763452800004,0.00010000,136.85115942
SOLUSDT,1763481600000,0.00008922,139.62000000
SOLUSDT,1763510400000,0.00002756,140.61000000
SOLUSDT,1763539200000,0.00008916,140.49795401
SOLUSDT,1763568000008,-0.00000686,134.54000000
SOLUSDT,1763596800000,-0.00010212,136.95450283
SOLUSDT,1763625600000,0.00010000,143.74000000
SOLUSDT,1763654400000,0.00010000,138.50378068
SOLUSDT,1763683200001,-0.00009397,133.64464663
SOLUSDT,1763712000000,0.00005033,127.44857072
SOLUSDT,1763740800001,-0.00012104,125.34000000
SOLUSDT,1763769600004,-0.00005419,128.62901262
SOLUSDT,1763798400000,-0.00003816,127.64001836
SOLUSDT,1763827200000,-0.00005023,127.06788184
SOLUSDT,1763856000000,0.00004294,127.51447344
SOLUSDT,1763884800008,-0.00004937,128.80325121
SOLUSDT,1763913600003,0.00002945,132.82108304
SOLUSDT,1763942400004,0.00001509,130.51213194
SOLUSDT,1763971200000,0.00003449,130.24000000
SOLUSDT,1764000000006,0.00000457,131.88196885
SOLUSDT,1764028800000,-0.00004847,138.38629986
SOLUSDT,1764057600009,0.00008543,136.28000000
SOLUSDT,1764086400007,-0.00018105,134.77000000
SOLUSDT,1764115200001,-0.00000675,138.90000000
SOLUSDT,1764144000001,0.00010000,139.84196636
SOLUSDT,1764172800000,-0.00008604,136.59395896
SOLUSDT,1764201600013,0.00008820,142.94000000
SOLUSDT,1764230400000,-0.00001255,143.67216831
SOLUSDT,1764259200004,0.00002643,142.08000000
SOLUSDT,1764288000008,-0.00006408,140.77000000
SOLUSDT,1764316800000,-0.00015136,138.89203804
SOLUSDT,1764345600008,0.00002204,141.57038176
SOLUSDT,1764374400000,-0.00008328,137.27000000
SOLUSDT,1764403200005,0.00006100,137.22955869
SOLUSDT,1764432000001,0.00001089,137.50025108
SOLUSDT,1764460800003,0.00007173,135.84418666
SOLUSDT,1764489600000,0.00006664,136.44976485
SOLUSDT,1764518400004,0.00008402,138.29000000
SOLUSDT,1764547200000,0.00010000,133.41112660
SOLUSDT,1764576000004,-0.00009161,127.32000000
SOLUSDT,1764604800000,0.00000707,125.05000000
SOLUSDT,1764633600004,-0.00006147,126.57808864
SOLUSDT,1764662400000,0.00001549,127.18000000
SOLUSDT,1764691200000,0.00002488,137.80371664
SOLUSDT,1764720000000,0.00010000,138.63400240
SOLUSDT,1764748800000,0.00008835,141.82000000
SOLUSDT,1764777600005,0.00006438,140.94621737
SOLUSDT,1764806400012,0.00010000,144.62460389
SOLUSDT,1764835200000,0.00007212,143.38000000
SOLUSDT,1764864000011,0.00010000,143.14234727
SOLUSDT,1764892800000,0.00002583,138.95572447
SOLUSDT,1764921600000,0.00004599,139.61000000
SOLUSDT,1764950400010,0.00006353,134.97261252
SOLUSDT,1764979200001,-0.00002519,133.22957320
SOLUSDT,1765008000001,-0.00001154,132.64024890
SOLUSDT,1765036800008,-0.00002208,132.80000000
SOLUSDT,1765065600000,0.00004977,132.14000000
SOLUSDT,1765094400004,0.00002491,132.04711702
SOLUSDT,1765123200000,-0.00004449,131.96000000
SOLUSDT,1765152000000,-0.00004676,132.17000000
SOLUSDT,1765180800000,0.00006981,135.79642378
SOLUSDT,1765209600001,0.00007621,135.46000000
SOLUSDT,1765238400001,-0.00004393,133.19000000
SOLUSDT,1765267200001,0.00003189,133.12000000
SOLUSDT,1765296000007,-0.00001380,138.40284129
SOLUSDT,1765324800007,0.00010000,137.82000000
SOLUSDT,1765353600002,0.00002067,139.13000000
SOLUSDT,1765382400012,0.00002310,136.10650823
SOLUSDT,1765411200001,0.00000945,136.19000000
SOLUSDT,1765440000000,-0.00016369,130.94041339
SOLUSDT,1765468800000,-0.00006531,131.10957885
SOLUSDT,1765497600005,0.00009412,136.37000000
SOLUSDT,1765526400007,0.00010000,139.06300776
SOLUSDT,1765555200002,0.00010000,133.48393222
SOLUSDT,1765584000001,-0.00007703,132.19000000
SOLUSDT,1765612800006,-0.00002011,132.84106571
SOLUSDT,1765641600000,-0.00002083,133.21568344
SOLUSDT,1765670400000,-0.00001510,133.05000000
SOLUSDT,1765699200003,-0.00002194,133.19767324
SOLUSDT,1765728000005,-0.00009436,130.60000000
SOLUSDT,1765756800000,-0.00009823,129.28000000
SOLUSDT,1765785600000,0.00002213,132.29000000
SOLUSDT,1765814400000,0.00002482,126.81163833
SOLUSDT,1765843200002,-0.00012962,127.72211192
SOLUSDT,1765872000000,-0.00006503,125.48641913
SOLUSDT,1765900800002,0.00006541,129.67272467
SOLUSDT,1765929600004,0.00003595,129.06000000
SOLUSDT,1765958400000,0.00003390,128.20729133
SOLUSDT,1765987200000,0.00005848,126.72000000
SOLUSDT,1766016000005,-0.00017374,123.16799135
SOLUSDT,1766044800007,-0.00003187,122.76000000
SOLUSDT,1766073600001,0.00004877,127.36000000
SOLUSDT,1766102400000,-0.00003298,119.53000000
SOLUSDT,1766131200001,0.00007363,124.39000000
SOLUSDT,1766160000000,0.00010000,125.02653782
SOLUSDT,1766188800005,0.00010000,126.22000000
SOLUSDT,1766217600000,0.00006912,126.13288035
SOLUSDT,1766246400002,0.00006936,126.49000000
SOLUSDT,1766275200000,0.00008009,125.74000000
SOLUSDT,1766304000009,0.00009929,125.25000000
SOLUSDT,1766332800000,-0.00001358,124.98986373
SOLUSDT,1766361600000,0.00003525,125.97000000
SOLUSDT,1766390400005,0.00004368,126.23476123
SOLUSDT,1766419200009,0.00005393,128.02000000
SOLUSDT,1766448000000,-0.00006200,125.86000000
SOLUSDT,1766476800000,0.00002113,124.14000000
SOLUSDT,1766505600001,-0.00007533,123.29860916
SOLUSDT,1766534400001,0.00007105,123.95000000
SOLUSDT,1766563200001,-0.00000347,121.24000000
SOLUSDT,1766592000000,0.00002942,122.68869200
SOLUSDT,1766620800000,0.00010000,122.49000000
SOLUSDT,1766649600001,0.00010000,122.25000000
SOLUSDT,1766678400005,0.00002980,123.60000000
SOLUSDT,1766707200004,0.00008160,119.96972657
SOLUSDT,1766736000001,0.00004708,122.67000000
SOLUSDT,1766764800007,0.00010000,121.49767409
SOLUSDT,1766793600000,0.00000489,122.21862911
SOLUSDT,1766822400000,0.00010000,123.11000000
SOLUSDT,1766851200011,0.00010000,123.26000000
SOLUSDT,1766880000008,0.00010000,124.67000000
SOLUSDT,1766908800000,0.00010000,124.17000000
SOLUSDT,1766937600000,0.00010000,124.40000000
SOLUSDT,1766966400016,0.00005464,125.22000000
SOLUSDT,1766995200001,0.00010000,127.83000000
SOLUSDT,1767024000000,-0.00003375,123.36978281
SOLUSDT,1767052800005,-0.00002097,123.19847985
SOLUSDT,1767081600001,-0.00003541,123.94000000
SOLUSDT,1767110400003,0.00010000,125.11000000
SOLUSDT,1767139200004,0.00010000,124.92806357
SOLUSDT,1767168000001,0.00002078,125.91502538
SOLUSDT,1767196800001,0.00010000,125.54000000
SOLUSDT,1767225600008,0.00002778,124.58353366
SOLUSDT,1767254400002,0.00001759,124.19000000
SOLUSDT,1767283200001,0.00002227,124.90000000
SOLUSDT,1767312000006,0.00010000,126.83802867
SOLUSDT,1767340800007,0.00010000,127.10000000
SOLUSDT,1767369600000,0.00010000,128.95000000
SOLUSDT,1767398400001,0.00010000,132.24000000
SOLUSDT,1767427200000,0.00008286,130.04561207
SOLUSDT,1767456000000,0.00006427,131.41171045
SOLUSDT,1767484800000,0.00010000,133.31000000
SOLUSDT,1767513600000,0.00004499,133.76582109
SOLUSDT,1767542400001,0.00004667,134.83875265
SOLUSDT,1767571200000,0.00005164,134.05546468
SOLUSDT,1767600000000,0.00001007,135.34642229
SOLUSDT,1767628800000,0.00001357,136.11752274
SOLUSDT,1767657600010,0.00010000,137.85000000
SOLUSDT,1767686400000,0.00003473,137.52000000
SOLUSDT,1767715200000,0.00010000,141.56000000
SOLUSDT,1767744000001,0.00010000,141.03000000
SOLUSDT,1767772800001,-0.00000147,139.31000000
SOLUSDT,1767801600001,-0.00004471,135.62000000
SOLUSDT,1767830400001,0.00002799,136.32000000
SOLUSDT,1767859200000,0.00007768,135.82000000
SOLUSDT,1767888000000,0.00000085,136.35028542
SOLUSDT,1767916800003,0.00010000,138.29702508
SOLUSDT,1767945600000,0.00009569,139.51000000
SOLUSDT,1767974400001,0.00010000,138.76000000
SOLUSDT,1768003200000,-0.00009725,135.89376587
SOLUSDT,1768032000002,-0.00006589,136.00030780
SOLUSDT,1768060800001,-0.00000182,136.35788816
SOLUSDT,1768089600003,0.00008687,135.78000000
SOLUSDT,1768118400006,0.00010000,136.13736255
SOLUSDT,1768147200000,0.00004403,138.38000000
SOLUSDT,1768176000005,0.00010000,139.66275279
SOLUSDT,1768204800000,0.00010000,141.34000000
SOLUSDT,1768233600000,0.00003690,142.55000000
SOLUSDT,1768262400007,0.00003697,139.13546452
SOLUSDT,1768291200009,0.00002223,139.88787790
SOLUSDT,1768320000002,0.00010000,143.44648096
SOLUSDT,1768348800000,0.00010000,145.47779433
SOLUSDT,1768377600001,0.00010000,144.81000000
SOLUSDT,1768406400004,0.00009806,147.03000000
SOLUSDT,1768435200000,0.00010000,146.61718185
SOLUSDT,1768464000004,0.00000975,144.94000000
SOLUSDT,1768492800002,-0.00001293,143.44941339
SOLUSDT,1768521600000,-0.00004172,142.32580280
SOLUSDT,1768550400000,-0.00001717,142.85000000
SOLUSDT,1768579200001,0.00001270,140.68636363
SOLUSDT,1768608000000,0.00010000,144.83599855
SOLUSDT,1768636800000,0.00007146,143.56213667
SOLUSDT,1768665600002,-0.00001012,144.26153099
SOLUSDT,1768694400001,0.00001596,143.67292804
SOLUSDT,1768723200000,-0.00009483,142.03184718
SOLUSDT,1768752000000,-0.00003060,141.91242695
SOLUSDT,1768780800007,-0.00001163,137.79000000
SOLUSDT,1768809600007,0.00002229,133.39860337
SOLUSDT,1768838400007,0.00009979,133.47754611
SOLUSDT,1768867200005,0.00002304,133.39000000
SOLUSDT,1768896000001,0.00008389,130.58145684
SOLUSDT,1768924800009,-0.00006674,127.78709444
SOLUSDT,1768953600001,0.00000213,125.73063535
SOLUSDT,1768982400011,-0.00002730,127.53000000
SOLUSDT,1769011200011,0.00000381,130.38000000
SOLUSDT,1769040000010,0.00006571,129.48000000
SOLUSDT,1769068800003,-0.00006167,129.72000000
SOLUSDT,1769097600005,-0.00006749,127.35822098
SOLUSDT,1769126400005,-0.00001016,128.41000000
SOLUSDT,1769155200000,0.00001237,127.84286467
SOLUSDT,1769184000011,-0.00006703,127.85000000
SOLUSDT,1769212800011,-0.00001852,127.37000000
SOLUSDT,1769241600002,-0.00000928,127.06378911
SOLUSDT,1769270400001,0.00000543,126.77256865
SOLUSDT,1769299200002,-0.00007297,127.13647591
SOLUSDT,1769328000011,-0.00003952,126.40892978
SOLUSDT,1769356800005,0.00005353,125.51419737
SOLUSDT,1769385600000,-0.00020746,118.77551437
SOLUSDT,1769414400003,0.00000717,122.85000000
SOLUSDT,1769443200000,0.00002194,123.46000000
SOLUSDT,1769472000002,0.00008056,124.18000000
SOLUSDT,1769500800000,0.00007857,124.45982222
SOLUSDT,1769529600000,0.00002427,124.96456833
SOLUSDT,1769558400000,0.00008604,127.12000000
SOLUSDT,1769587200000,0.00006014,127.04000000
SOLUSDT,1769616000000,0.00003305,126.01000000
SOLUSDT,1769644800000,0.00001450,125.29000000
SOLUSDT,1769673600009,-0.00005141,123.71000000
SOLUSDT,1769702400000,-0.00007620,117.59121661
SOLUSDT,1769731200008,-0.00018200,117.73589308
SOLUSDT,1769760000000,-0.00008985,115.73712653
SOLUSDT,1769788800001,-0.00004603,116.76665474
SOLUSDT,1769817600000,-0.00000473,117.53000000
SOLUSDT,1769846400001,-0.00019176,117.30000000
SOLUSDT,1769875200009,-0.00015483,108.57309709
SOLUSDT,1769904000001,-0.00069212,105.43000000
SOLUSDT,1769932800004,-0.00019219,105.14612407
SOLUSDT,1769961600000,-0.00008954,101.61000000
SOLUSDT,1769990400000,-0.00014659,100.72000000
SOLUSDT,1770019200014,-0.00007189,101.39000000
SOLUSDT,1770048000000,-0.00005479,104.62139390
SOLUSDT,1770076800000,-0.00012874,104.47417437
SOLUSDT,1770105600007,-0.00009347,104.63000000
SOLUSDT,1770134400000,-0.00016414,102.52093071
SOLUSDT,1770163200002,-0.00017777,97.81694967
SOLUSDT,1770192000007,-0.00047041,97.83000000
SOLUSDT,1770220800000,-0.00033402,92.69000000
SOLUSDT,1770249600011,-0.00002794,92.07483339
SOLUSDT,1770278400000,0.00000948,90.50000000
SOLUSDT,1770307200007,-0.00002324,84.53637247
SOLUSDT,1770336000000,-0.00016041,78.29703527
SOLUSDT,1770364800001,-0.00043701,79.48000000
SOLUSDT,1770393600000,-0.00055144,84.39000000
SOLUSDT,1770422400003,-0.00053126,87.41000000
SOLUSDT,1770451200000,-0.00024143,85.26068912
SOLUSDT,1770480000010,-0.00015393,86.51000000
SOLUSDT,1770508800003,-0.00028211,87.52246626
SOLUSDT,1770537600000,-0.00039857,87.32125481
SOLUSDT,1770566400000,-0.00030758,87.72000000
SOLUSDT,1770595200002,-0.00018599,86.92825337
SOLUSDT,1770624000001,-0.00015733,85.43000000
SOLUSDT,1770652800007,-0.00001919,85.26000000
SOLUSDT,1770681600000,-0.00012797,86.71341251
SOLUSDT,1770710400007,-0.00009266,84.58000000
SOLUSDT,1770739200000,-0.00015079,84.25000000
SOLUSDT,1770768000000,0.00003598,82.96000000
SOLUSDT,1770796800006,-0.00009212,80.96000000
SOLUSDT,1770825600000,-0.00008635,79.66036535
SOLUSDT,1770854400000,-0.00019240,79.26506784
SOLUSDT,1770883200001,-0.00007372,80.72583313
SOLUSDT,1770912000001,-0.00016709,80.06714162
SOLUSDT,1770940800007,-0.00004022,78.37000000
SOLUSDT,1770969600003,-0.00000612,78.93168824
SOLUSDT,1770998400005,0.00000710,83.15602904
SOLUSDT,1771027200002,0.00002902,84.28000000
SOLUSDT,1771056000004,-0.00007743,85.13000000
SOLUSDT,1771084800002,-0.00005619,87.39000000
SOLUSDT,1771113600000,-0.00017847,88.01000000
SOLUSDT,1771142400002,-0.00001010,90.68000000
SOLUSDT,1771171200000,0.00005339,87.36140729
SOLUSDT,1771200000001,-0.00004817,86.10000000
SOLUSDT,1771228800003,-0.00000660,85.01000000
SOLUSDT,1771257600000,-0.00015888,83.16000000
SOLUSDT,1771286400008,-0.00003812,86.40000000
SOLUSDT,1771315200001,-0.00005851,86.42000000
SOLUSDT,1771344000002,-0.00012454,83.76000000
SOLUSDT,1771372800000,-0.00009696,85.03000000
SOLUSDT,1771401600000,-0.00003984,85.22000000
SOLUSDT,1771430400011,-0.00022870,82.95751549
SOLUSDT,1771459200013,-0.00012426,81.54887179
SOLUSDT,1771488000000,-0.00012365,82.35328832
SOLUSDT,1771516800003,0.00003106,80.58635694
SOLUSDT,1771545600000,0.00002253,82.46000000
SOLUSDT,1771574400000,-0.00009514,83.39413085
SOLUSDT,1771603200000,0.00000303,84.33000000
SOLUSDT,1771632000004,0.00005856,84.62000000
SOLUSDT,1771660800000,-0.00009185,84.18000000
SOLUSDT,1771689600005,-0.00000616,86.52000000
SOLUSDT,1771718400001,-0.00005057,85.13000000
SOLUSDT,1771747200004,-0.00010584,85.19257546
SOLUSDT,1771776000000,-0.00006575,83.45453353
SOLUSDT,1771804800001,-0.00007447,82.75000000
SOLUSDT,1771833600000,-0.00053535,79.33364570
SOLUSDT,1771862400000,-0.00014788,79.37381545
SOLUSDT,1771891200007,-0.00004143,77.87000000
SOLUSDT,1771920000000,-0.00007491,76.81006723
SOLUSDT,1771948800001,-0.00005768,77.25000000
SOLUSDT,1771977600001,-0.00017258,78.90000000
SOLUSDT,1772006400007,0.00006827,82.14389088
SOLUSDT,1772035200000,0.00006240,85.95238390
SOLUSDT,1772064000000,0.00010000,88.01403517
SOLUSDT,1772092800006,0.00001584,87.20168246
SOLUSDT,1772121600002,-0.00006714,86.51000000
SOLUSDT,1772150400007,-0.00000235,85.87000000
SOLUSDT,1772179200000,-0.00008411,87.27350697
SOLUSDT,1772208000001,-0.00018881,82.64000000
SOLUSDT,1772236800000,0.00000504,81.80000000
SOLUSDT,1772265600000,-0.00020116,78.66000000
SOLUSDT,1772294400004,-0.00022315,80.86754461
SOLUSDT,1772323200005,-0.00004585,84.30664941
SOLUSDT,1772352000000,0.00010000,86.58000000
SOLUSDT,1772380800002,0.00005377,85.61000000
SOLUSDT,1772409600001,0.00002413,83.55000000
SOLUSDT,1772438400007,-0.00008580,82.90000000
SOLUSDT,1772467200000,-0.00001424,88.75543251
SOLUSDT,1772496000000,-0.00003622,86.60000000
SOLUSDT,1772524800000,-0.00006186,85.53754436
SOLUSDT,1772553600007,-0.00014862,84.99000000
SOLUSDT,1772582400001,0.00000307,86.92585871
SOLUSDT,1772611200005,0.00001145,87.40688987
SOLUSDT,1772640000000,0.00002400,92.89000000
SOLUSDT,1772668800000,0.00005985,90.82713925
SOLUSDT,1772697600000,-0.00007723,90.10216298
SOLUSDT,1772726400004,-0.00011105,89.55668754
SOLUSDT,1772755200001,0.00006362,88.72836530
SOLUSDT,1772784000001,-0.00007936,88.65000000
SOLUSDT,1772812800004,-0.00013058,84.57942747
SOLUSDT,1772841600001,-0.00006121,84.65169316
SOLUSDT,1772870400012,0.00000298,84.27000000
SOLUSDT,1772899200001,-0.00012228,83.69000000
SOLUSDT,1772928000001,-0.00010523,83.16471608
SOLUSDT,1772956800000,-0.00016925,82.90461995
SOLUSDT,1772985600002,-0.00019962,82.01088821
SOLUSDT,1773014400000,-0.00010144,81.57000000
SOLUSDT,1773043200004,-0.00008215,83.11000000
SOLUSDT,1773072000003,-0.00001812,85.01042437
SOLUSDT,1773100800012,0.00003046,84.91693406
SOLUSDT,1773129600002,0.00006257,86.66075123
SOLUSDT,1773158400001,-0.00001909,88.31000000
SOLUSDT,1773187200000,0.00000661,85.83000000
SOLUSDT,1773216000007,-0.00009673,85.39000000
SOLUSDT,1773244800010,-0.00010183,85.37000000
SOLUSDT,1773273600000,0.00004554,86.53000000
SOLUSDT,1773302400000,-0.00016439,85.78000000
SOLUSDT,1773331200000,-0.00000363,86.53000000
SOLUSDT,1773360000006,0.00007234,86.80000000
SOLUSDT,1773388800001,0.00007241,88.63000000
SOLUSDT,1773417600000,0.00009095,89.42798954
SOLUSDT,1773446400001,-0.00002650,88.12000000
SOLUSDT,1773475200000,-0.00006738,87.28263723
SOLUSDT,1773504000007,-0.00009915,86.68000000
SOLUSDT,1773532800000,-0.00010764,88.00000000
SOLUSDT,1773561600000,-0.00005506,88.18187400
SOLUSDT,1773590400000,0.00001663,87.86000000
SOLUSDT,1773619200000,0.00009583,92.29000000
SOLUSDT,1773648000010,0.00010000,93.54000000
SOLUSDT,1773676800000,0.00005241,93.14000000
SOLUSDT,1773705600000,0.00008675,96.15546577
SOLUSDT,1773734400002,0.00000497,94.38000000
SOLUSDT,1773763200011,-0.00001430,93.77000000
SOLUSDT,1773792000002,-0.00000883,94.57000000
SOLUSDT,1773820800002,-0.00004951,93.89326824
SOLUSDT,1773849600005,-0.00006465,89.31735445
SOLUSDT,1773878400000,-0.00010064,90.03196863
SOLUSDT,1773907200003,-0.00000165,89.38274806
SOLUSDT,1773936000003,-0.00000380,87.57162408
SOLUSDT,1773964800002,0.00000387,88.85000000
SOLUSDT,1773993600000,-0.00004929,89.32032084
SOLUSDT,1774022400000,-0.00006064,88.91436860
SOLUSDT,1774051200000,0.00002431,89.81000000
SOLUSDT,1774080000000,-0.00001160,90.09000000
SOLUSDT,1774108800014,-0.00012136,89.78000000
SOLUSDT,1774137600012,-0.00012994,87.51000000
SOLUSDT,1774166400007,-0.00013452,87.65000000
SOLUSDT,1774195200002,-0.00012882,87.52921056
SOLUSDT,1774224000000,-0.00006305,86.17476311
SOLUSDT,1774252800003,-0.00001921,85.93000000
SOLUSDT,1774281600002,0.00004974,89.91000000
SOLUSDT,1774310400000,0.00010000,91.40000000
SOLUSDT,1774339200000,0.00002758,91.70000000
SOLUSDT,1774368000003,-0.00011027,89.69000000
SOLUSDT,1774396800000,-0.00004578,90.75217934
SOLUSDT,1774425600000,0.00006687,91.78000000
SOLUSDT,1774454400013,0.00009615,91.73664664
SOLUSDT,1774483200001,0.00008033,91.65490413
SOLUSDT,1774512000001,-0.00019611,89.04000000
SOLUSDT,1774540800000,-0.00022349,87.47489853
SOLUSDT,1774569600006,-0.00022517,86.47056766
SOLUSDT,1774598400000,-0.00019053,85.86000000
SOLUSDT,1774627200000,-0.00039810,83.25108506
SOLUSDT,1774656000005,-0.00028259,83.04000000
SOLUSDT,1774684800005,-0.00021298,83.55000000
SOLUSDT,1774713600000,-0.00016926,83.75000000
SOLUSDT,1774742400003,-0.00030226,82.01985075
SOLUSDT,1774771200001,-0.00023173,82.39926748
SOLUSDT,1774800000000,-0.00014871,81.75000000
SOLUSDT,1774828800000,-0.00027324,81.33633904
SOLUSDT,1774857600005,-0.00000710,83.98000000
SOLUSDT,1774886400000,-0.00001962,84.46000000
SOLUSDT,1774915200000,-0.00008653,82.51000000
SOLUSDT,1774944000000,0.00003994,83.06000000
SOLUSDT,1774972800000,-0.00013830,80.82000000
SOLUSDT,1775001600000,0.00001608,83.15000000
SOLUSDT,1775030400000,-0.00000642,83.80000000
SOLUSDT,1775059200000,-0.00001877,83.58217839
SOLUSDT,1775088000003,0.00001042,81.14392049
SOLUSDT,1775116800001,-0.00023581,79.59000000
SOLUSDT,1775145600001,-0.00006199,79.01000000
SOLUSDT,1775174400000,-0.00000680,78.91000000
SOLUSDT,1775203200008,-0.00002576,79.90000000
SOLUSDT,1775232000008,0.00004323,80.29000000
SOLUSDT,1775260800000,-0.00004223,80.35000000
SOLUSDT,1775289600003,-0.00007014,80.27348478
SOLUSDT,1775318400000,-0.00003973,81.06000000
SOLUSDT,1775347200008,-0.00004086,80.80000000
SOLUSDT,1775376000000,-0.00009381,79.55921111
SOLUSDT,1775404800001,-0.00007917,79.55126527
SOLUSDT,1775433600004,-0.00001272,81.86000000
SOLUSDT,1775462400001,0.00007896,81.76929809
SOLUSDT,1775491200003,-0.00001845,82.24818036
SOLUSDT,1775520000000,-0.00010287,79.98000000
SOLUSDT,1775548800000,-0.00021212,79.81364852
SOLUSDT,1775577600000,-0.00006822,78.82883087
SOLUSDT,1775606400000,0.00010000,85.53000000
SOLUSDT,1775635200000,0.00010000,84.48095139
SOLUSDT,1775664000006,0.00010000,83.30147361
SOLUSDT,1775692800000,0.00004258,82.52476453
SOLUSDT,1775721600010,-0.00001292,82.24227732
SOLUSDT,1775750400001,0.00002462,83.70000000
SOLUSDT,1775779200000,0.00010000,83.28958469
SOLUSDT,1775808000005,0.00000100,82.92255636
SOLUSDT,1775836800000,0.00008338,84.20000000
SOLUSDT,1775865600000,0.00004330,84.78462873
SOLUSDT,1775894400000,-0.00001872,84.22717811
SOLUSDT,1775923200003,-0.00001220,84.63000000
SOLUSDT,1775952000000,0.00010000,84.89158292
SOLUSDT,1775980800000,-0.00011509,82.23000000
SOLUSDT,1776009600000,-0.00006761,81.55000000
SOLUSDT,1776038400011,0.00003827,81.48000000
SOLUSDT,1776067200006,-0.00000936,82.13000000
SOLUSDT,1776096000000,0.00010000,82.63000000
SOLUSDT,1776124800005,0.00010000,86.50000000
SOLUSDT,1776153600003,0.00010000,85.86000000
SOLUSDT,1776182400001,0.00010000,85.93000000
SOLUSDT,1776211200000,0.00000164,83.66985558
SOLUSDT,1776240000000,-0.00009128,82.88000000
SOLUSDT,1776268800000,-0.00002279,83.97373820
SOLUSDT,1776297600013,0.00010000,84.86000000
SOLUSDT,1776326400000,0.00010000,85.15450625
SOLUSDT,1776355200000,0.00007305,86.58000000
SOLUSDT,1776384000001,0.00010000,89.03000000
SOLUSDT,1776412800011,0.00003085,88.10000000
SOLUSDT,1776441600001,0.00001016,89.90243676
SOLUSDT,1776470400001,0.00000264,88.71505425
SOLUSDT,1776499200006,-0.00008193,88.39671365
SOLUSDT,1776528000000,-0.00007993,86.70366441
SOLUSDT,1776556800002,-0.00006547,86.11000000
SOLUSDT,1776585600010,-0.00009117,84.82380593
SOLUSDT,1776614400001,-0.00007527,86.31197204
SOLUSDT,1776643200000,-0.00008585,83.41000000
SOLUSDT,1776672000000,-0.00001265,84.70000000
SOLUSDT,1776700800001,0.00004880,85.82888647
SOLUSDT,1776729600000,0.00008917,85.24610624
SOLUSDT,1776758400004,0.00002729,85.65000000
SOLUSDT,1776787200004,-0.00000073,86.00000000
SOLUSDT,1776816000004,0.00006371,86.00000000
SOLUSDT,1776844800000,0.00010000,88.03076525
SOLUSDT,1776873600000,0.00010000,88.13424570
SOLUSDT,1776902400000,0.00008553,86.83162359
SOLUSDT,1776931200000,-0.00004210,85.86000000
SOLUSDT,1776960000004,0.00001908,86.30817354
SOLUSDT,1776988800006,-0.00007719,86.08000000
SOLUSDT,1777017600000,-0.00002981,85.45000000
SOLUSDT,1777046400000,-0.00005314,86.47899113
SOLUSDT,1777075200000,0.00005235,86.13327371
SOLUSDT,1777104000002,0.00001927,86.32000000
SOLUSDT,1777132800002,-0.00005575,86.18000000
SOLUSDT,1777161600003,-0.00004604,86.13000000
SOLUSDT,1777190400007,0.00009411,86.59225627
SOLUSDT,1777219200004,-0.00000344,86.50000000
SOLUSDT,1777248000004,-0.00001262,86.87723102
SOLUSDT,1777276800000,-0.00002080,85.21000000
SOLUSDT,1777305600002,-0.00011407,84.10375475
SOLUSDT,1777334400001,-0.00011394,84.78027685
SOLUSDT,1777363200000,0.00000841,83.96785907
SOLUSDT,1777392000004,-0.00004511,83.43000000
SOLUSDT,1777420800006,-0.00001641,84.02000000
SOLUSDT,1777449600011,0.00007892,84.67000000
SOLUSDT,1777478400003,-0.00006745,83.19722325
SOLUSDT,1777507200002,-0.00003778,83.01000000
SOLUSDT,1777536000000,0.00007422,83.32000000
SOLUSDT,1777564800000,0.00007585,83.31000000
SOLUSDT,1777593600000,0.00006010,83.04780485
SOLUSDT,1777622400005,0.00001697,83.91099501
SOLUSDT,1777651200000,0.00004955,84.43174944
SOLUSDT,1777680000006,0.00007261,83.70452092
SOLUSDT,1777708800000,-0.00003588,83.67731771
SOLUSDT,1777737600010,-0.00001782,83.99635578
SOLUSDT,1777766400005,0.00004380,84.23000000
SOLUSDT,1777795200003,-0.00002973,83.83000000
SOLUSDT,1777824000000,-0.00001872,84.11554263
SOLUSDT,1777852800000,0.00007211,83.87000000
SOLUSDT,1777881600000,0.00010000,84.83564771
SOLUSDT,1777910400003,0.00002423,84.45000000
SOLUSDT,1777939200000,0.00006511,84.05000000
SOLUSDT,1777968000011,0.00007893,84.83876225
SOLUSDT,1777996800000,0.00010000,85.45263533
SOLUSDT,1778025600010,0.00010000,86.25472099
SOLUSDT,1778054400000,0.00005677,87.65494104
SOLUSDT,1778083200002,0.00010000,88.92707819
SOLUSDT,1778112000000,0.00008995,89.10517415
SOLUSDT,1778140800000,0.00008232,90.12000000
SOLUSDT,1778169600004,-0.00005960,88.26193722
SOLUSDT,1778198400003,0.00009448,88.39000000
SOLUSDT,1778227200002,0.00010000,88.19147377
SOLUSDT,1778256000003,-0.00000997,89.54273567
SOLUSDT,1778284800000,0.00010000,91.98810768
SOLUSDT,1778313600001,0.00004331,93.71000000
SOLUSDT,1778342400002,0.00001497,92.95000000
SOLUSDT,1778371200003,-0.00005236,93.07000000
SOLUSDT,1778400000000,0.00001717,93.40574662
SOLUSDT,1778428800000,-0.00000859,94.49775782
SOLUSDT,1778457600000,0.00008884,96.43000000
SOLUSDT,1778486400000,0.00003592,95.30114782
SOLUSDT,1778515200000,0.00006498,96.76564182
SOLUSDT,1778544000002,0.00003539,97.32000000
SOLUSDT,1778572800008,-0.00006049,95.98771708
SOLUSDT,1778601600000,0.00008095,93.81503128
SOLUSDT,1778630400010,0.00010000,94.25000000
SOLUSDT,1778659200003,-0.00001573,95.09000000
SOLUSDT,1778688000001,-0.00012043,90.38422567
SOLUSDT,1778716800005,-0.00015080,91.11486872
SOLUSDT,1778745600000,-0.00003038,90.83000000
SOLUSDT,1778774400000,-0.00005361,93.11606450
SOLUSDT,1778803200000,-0.00001584,92.11000000
SOLUSDT,1778832000016,0.00004052,91.56000000
SOLUSDT,1778860800012,0.00002053,89.00000000
SOLUSDT,1778889600005,0.00010000,89.20000000
SOLUSDT,1778918400000,0.00005209,87.42042235
SOLUSDT,1778947200005,-0.00015361,86.42596481
SOLUSDT,1778976000000,-0.00005139,86.49850120
SOLUSDT,1779004800010,-0.00005436,86.92000000
SOLUSDT,1779033600009,-0.00012569,86.40002495
SOLUSDT,1779062400007,-0.00010788,85.18000000
SOLUSDT,1779091200002,0.00000336,84.71000000
SOLUSDT,1779120000007,0.00000509,84.17000000
SOLUSDT,1779148800001,0.00000387,85.33453916
SOLUSDT,1779177600001,-0.00002902,85.44000000
SOLUSDT,1779206400009,-0.00010936,84.32000000
SOLUSDT,1779235200001,0.00002839,84.24445199
SOLUSDT,1779264000006,-0.00000666,84.70782299
SOLUSDT,1779292800000,-0.00001433,85.89000000
SOLUSDT,1779321600001,-0.00000274,86.11270584
SOLUSDT,1779350400000,0.00006241,86.58992385
SOLUSDT,1779379200000,0.00002943,86.42000000
SOLUSDT,1779408000000,0.00010000,87.32000000
SOLUSDT,1779436800004,-0.00001571,86.94000000
SOLUSDT,1779465600001,-0.00000178,86.72434448
SOLUSDT,1779494400009,0.00002621,84.32857285
SOLUSDT,1779523200001,-0.00012670,82.18174261
SOLUSDT,1779552000003,-0.00028322,84.05224608
SOLUSDT,1779580800011,-0.00004389,85.69543748
SOLUSDT,1779609600008,0.00005791,86.03000000
SOLUSDT,1779638400000,0.00000958,85.26000000
SOLUSDT,1779667200001,-0.00004636,85.21305842
SOLUSDT,1779696000001,-0.00004276,85.91356256
SOLUSDT,1779724800001,0.00003864,86.21000000
SOLUSDT,1779753600000,0.00004297,85.01000000
SOLUSDT,1779782400003,-0.00010038,84.31303788
SOLUSDT,1779811200000,0.00004692,84.43535451
SOLUSDT,1779840000000,-0.00014384,83.65956949
SOLUSDT,1779868800004,-0.00008548,84.16381966
SOLUSDT,1779897600009,0.00001025,84.40000000
SOLUSDT,1779926400001,-0.00005061,82.38000000
SOLUSDT,1779955200000,-0.00014123,81.19948918
SOLUSDT,1779984000001,-0.00003559,81.10000000
SOLUSDT,1780012800000,0.00004219,82.07000000
SOLUSDT,1780041600001,0.00002500,82.19986316
SOLUSDT,1780070400008,0.00006335,82.53845247
SOLUSDT,1780099200000,0.00007480,81.98000000
SOLUSDT,1780128000001,0.00003702,82.33260002
SOLUSDT,1780156800000,0.00004292,82.65735507
SOLUSDT,1780185600000,0.00002300,82.69000000
SOLUSDT,1780214400000,0.00003645,82.61848804
SOLUSDT,1780243200004,0.00002671,81.83000000
SOLUSDT,1780272000001,0.00005009,82.40699422
SOLUSDT,1780300800001,-0.00002566,80.68000000
SOLUSDT,1780329600000,0.00003141,79.57367531
SOLUSDT,1780358400000,0.00010000,81.25000000
SOLUSDT,1780387200000,0.00002624,79.63000000
SOLUSDT,1780416000000,-0.00004380,76.32898845
SOLUSDT,1780444800013,-0.00019668,74.17000000
SOLUSDT,1780473600000,-0.00004817,75.22067866
SOLUSDT,1780502400001,-0.00004446,73.25000000
SOLUSDT,1780531200009,-0.00012086,71.58000000
SOLUSDT,1780560000000,-0.00018206,69.11643822
SOLUSDT,1780588800003,-0.00006287,69.60957688
SOLUSDT,1780617600000,-0.00009673,68.82681209
SOLUSDT,1780646400004,-0.00025721,66.12000000
SOLUSDT,1780675200009,-0.00008011,64.23478758
SOLUSDT,1780704000000,-0.00007320,63.59000000
SOLUSDT,1780732800000,-0.00018542,62.75000000
SOLUSDT,1780761600000,-0.00016398,62.01087707
SOLUSDT,1780790400001,-0.00007230,62.16000000
SOLUSDT,1780819200000,-0.00023704,64.87489847
SOLUSDT,1780848000000,-0.00038757,64.94000000
SOLUSDT,1780876800000,-0.00025513,66.45018136
SOLUSDT,1780905600005,-0.00022946,66.07000000
SOLUSDT,1780934400004,-0.00001174,67.14000000
SOLUSDT,1780963200000,-0.00006393,66.78438096
SOLUSDT,1780992000000,-0.00002354,66.85546656
SOLUSDT,1781020800001,-0.00009828,64.30654982
SOLUSDT,1781049600001,0.00001790,64.92276788
SOLUSDT,1781078400011,-0.00008438,64.45320954
SOLUSDT,1781107200009,-0.00001777,65.40401330
SOLUSDT,1781136000000,-0.00008243,63.16136146
SOLUSDT,1781164800004,-0.00000825,65.02000000
SOLUSDT,1781193600000,-0.00000336,65.51000000
SOLUSDT,1781222400000,-0.00009068,66.88000000
SOLUSDT,1781251200000,-0.00009448,66.28000000
SOLUSDT,1781280000000,-0.00002866,67.19430719
SOLUSDT,1781308800000,-0.00005235,66.79000000
SOLUSDT,1781337600007,-0.00002582,67.33679948
SOLUSDT,1781366400002,-0.00000455,68.56000000
SOLUSDT,1781395200005,-0.00012137,68.88000000
SOLUSDT,1781424000009,-0.00010682,68.18000000
SOLUSDT,1781452800000,-0.00009337,67.38862017
SOLUSDT,1781481600013,-0.00003596,71.24000000
SOLUSDT,1781510400013,-0.00003856,71.23000000
SOLUSDT,1781539200004,-0.00004542,75.20967816
SOLUSDT,1781568000000,0.00001871,73.93621061
SOLUSDT,1781596800000,-0.00001544,74.42410480
SOLUSDT,1781625600001,-0.00002499,73.26000000
SOLUSDT,1781654400012,-0.00000170,73.49140441
SOLUSDT,1781683200000,-0.00005638,73.22940294
SOLUSDT,1781712000000,-0.00003481,73.78022582
SOLUSDT,1781740800002,-0.00005509,72.00000000
SOLUSDT,1781769600000,-0.00004124,71.73663337
SOLUSDT,1781798400001,-0.00002670,68.42441327
SOLUSDT,1781827200005,0.00010000,69.69000000
SOLUSDT,1781856000001,0.00006065,68.34958931
SOLUSDT,1781884800001,-0.00003617,69.29000000
SOLUSDT,1781913600001,-0.00003087,69.69623879
SOLUSDT,1781942400000,-0.00003337,71.54348160
SOLUSDT,1781971200001,-0.00001391,71.98000000
SOLUSDT,1782000000000,0.00004438,73.18000000
SOLUSDT,1782028800000,0.00002277,73.17982368
SOLUSDT,1782057600000,0.00000745,74.11156140
SOLUSDT,1782086400000,0.00004338,72.42000000
SOLUSDT,1782115200000,-0.00004305,74.06608096
SOLUSDT,1782144000002,-0.00003017,73.10000000
SOLUSDT,1782172800003,-0.00002964,71.91252441
SOLUSDT,1782201600005,-0.00009607,69.95187865
SOLUSDT,1782230400002,-0.00020855,68.88454777
SOLUSDT,1782259200005,-0.00008775,69.65000000
SOLUSDT,1782288000005,-0.00007233,69.33000000
SOLUSDT,1782316800003,-0.00001309,67.30000000
SOLUSDT,1782345600000,-0.00011854,68.07000000
SOLUSDT,1782374400000,-0.00004028,69.40139065
SOLUSDT,1782403200000,-0.00004827,66.27592892
SOLUSDT,1782432000010,0.00003113,67.65829253
SOLUSDT,1782460800002,0.00008442,70.74987595
SOLUSDT,1782489600000,0.00006096,72.04000000
SOLUSDT,1782518400000,0.00010000,71.87000000
SOLUSDT,1782547200000,0.00004810,72.27126616
SOLUSDT,1782576000009,-0.00001930,72.80000000
SOLUSDT,1782604800000,0.00001630,70.47000000
SOLUSDT,1782633600013,0.00002764,71.04086445
SOLUSDT,1782662400000,0.00000968,72.05000000
SOLUSDT,1782691200006,0.00000521,71.35000000
SOLUSDT,1782720000013,0.00003745,72.68000000
SOLUSDT,1782748800004,0.00004184,73.87000000
SOLUSDT,1782777600000,0.00010000,75.13307681
SOLUSDT,1782806400000,0.00007704,74.12165781
SOLUSDT,1782835200005,0.00007228,73.09480251
SOLUSDT,1782864000000,0.00010000,73.63890447
SOLUSDT,1782892800000,0.00010000,74.83100211
SOLUSDT,1782921600000,0.00006848,77.40218899
SOLUSDT,1782950400000,0.00002682,77.42000000
SOLUSDT,1782979200000,-0.00002441,77.95000000
SOLUSDT,1783008000000,0.00006544,80.81000000
SOLUSDT,1783036800000,0.00002310,80.68142920
SOLUSDT,1783065600007,0.00001188,81.19000000
SOLUSDT,1783094400000,-0.00003200,81.17426393
SOLUSDT,1783123200000,0.00007283,82.30098762
SOLUSDT,1783152000000,0.00008740,82.68674953
SOLUSDT,1783180800007,0.00004847,82.19802477
SOLUSDT,1783209600003,0.00001370,81.74410705
SOLUSDT,1783238400001,0.00005506,80.67000000
SOLUSDT,1783267200000,0.00003855,81.31175681
SOLUSDT,1783296000000,0.00006820,81.55497647
SOLUSDT,1783324800000,0.00003336,80.77013972
SOLUSDT,1783353600000,0.00006227,81.45000000
SOLUSDT,1783382400000,0.00006816,81.91000000
SOLUSDT,1783411200000,0.00000546,81.45077219
SOLUSDT,1783440000000,-0.00001996,82.09000000
SOLUSDT,1783468800000,-0.00002939,80.53000000
SOLUSDT,1783497600000,-0.00001042,78.24747773
SOLUSDT,1783526400000,-0.00001721,76.71471894
SOLUSDT,1783555200000,0.00004117,77.79000000
SOLUSDT,1783584000001,0.00004411,78.18000000
SOLUSDT,1783612800001,0.00000246,77.57446097
SOLUSDT,1783641600000,0.00004254,78.00287217
SOLUSDT,1783670400005,0.00001338,78.81775134
SOLUSDT,1783699200005,0.00010000,78.12000000
SOLUSDT,1783728000000,0.00005263,78.08000000
SOLUSDT,1783756800000,-0.00002607,77.95019059
SOLUSDT,1783785600000,0.00007892,78.35060440
SOLUSDT,1783814400000,0.00002546,76.74000000
SOLUSDT,1783843200003,-0.00004011,76.46191564
SOLUSDT,1783872000000,0.00006891,77.44000000
SOLUSDT,1783900800000,0.00005504,76.86620185
SOLUSDT,1783929600001,-0.00005873,76.40269529
SOLUSDT,1783958400004,0.00002296,75.78007368
SOLUSDT,1783987200000,0.00000427,74.96110666
SOLUSDT,1784016000002,0.00003868,74.92155753
SOLUSDT,1784044800001,0.00006297,77.34002433
SOLUSDT,1784073600005,0.00001428,77.82181018
SOLUSDT,1784102400002,0.00002480,77.36417199
SOLUSDT,1784131200000,-0.00000687,78.03407406
SOLUSDT,1784160000000,0.00002874,77.23558836
SOLUSDT,1784188800003,-0.00004349,76.38000000
SOLUSDT,1784217600002,-0.00000349,76.60000000
SOLUSDT,1784246400000,0.00001683,75.28056622
SOLUSDT,1784275200010,-0.00002497,74.57618387
SOLUSDT,1784304000004,-0.00004440,74.75000000
SOLUSDT,1784332800000,0.00002897,75.00000000
SOLUSDT,1784361600000,0.00002870,74.93000000
SOLUSDT,1784390400001,0.00003433,74.93000000
SOLUSDT,1784419200003,-0.00000381,75.47207437
SOLUSDT,1784448000000,0.00004518,76.11000000
SOLUSDT,1784476800001,0.00006396,76.18138701
SOLUSDT,1784505600000,0.00005638,76.34052249
SOLUSDT,1784534400001,-0.00005079,76.19000000
SOLUSDT,1784563200004,0.00001312,77.73736337
SOLUSDT,1784592000001,0.00010000,77.80567694
SOLUSDT,1784620800000,0.00006580,78.53634557
SOLUSDT,1784649600002,0.00002609,78.10000000
SOLUSDT,1784678400000,0.00002725,78.10000000
SOLUSDT,1784707200000,-0.00003237,77.06461665
SOLUSDT,1784736000001,0.00003890,78.43000000
SOLUSDT,1784764800000,-0.00003674,77.93000000
SOLUSDT,1784793600000,-0.00010642,77.11469550
SOLUSDT,1784822400000,-0.00003609,76.33258375
SOLUSDT,1784851200000,0.00003044,75.84000000
SOLUSDT,1784880000000,0.00005692,76.02234746
SOLUSDT,1784908800008,-0.00009588,73.98000000
SOLUSDT,1784937600002,-0.00004287,73.93000000
SOLUSDT,1784966400000,0.00000481,73.74509034
SOLUSDT,1784995200000,-0.00004127,74.12682539
SOLUSDT,1785024000000,0.00000181,74.48507010
SOLUSDT,1785052800002,0.00006371,74.84000000
SOLUSDT,1785081600000,0.00001514,75.46003997
SOLUSDT,1785110400010,0.00008751,76.74000000
SOLUSDT,1785139200000,0.00007729,76.44414217
SOLUSDT,1785168000001,0.00003835,75.22467761
SOLUSDT,1785196800000,-0.00003055,74.16000000
SOLUSDT,1785225600000,-0.00013328,73.24658417
SOLUSDT,1785254400000,-0.00004712,74.31494586
SOLUSDT,1785283200000,0.00002994,73.77820853
SOLUSDT,1785312000002,-0.00000082,74.20353596
SOLUSDT,1785340800000,-0.00000376,73.09455290
SOLUSDT,1785369600000,0.00002210,73.65000000
SOLUSDT,1785398400000,0.00008517,73.39000000
SOLUSDT,1785427200000,0.00005752,74.61000000
SOLUSDT,1785456000003,0.00009768,74.46978868
SOLUSDT,1785484800000,0.00004606,73.64533773
SOLUSDT,1785513600000,0.00003736,73.05718379
SOLUSDT,1785542400001,0.00010000,72.83450225
SOLUSDT,1785571200000,0.00010000,72.93386243
SOLUSDT,1785600000000,0.00003159,72.75218621
SOLUSDT,1785628800000,-0.00004925,71.91000000
SOLUSDT,1785657600000,0.00010000,73.44000000
SOLUSDT,1785686400000,0.00001348,72.99000000
SOLUSDT,1785715200000,0.00007985,73.60000000
SOLUSDT,1785744000000,0.00002558,72.48089846
SOLUSDT,1785772800000,0.00005860,73.57551020
SOLUSDT,1785801600004,0.00010000,73.54000000
SOLUSDT,1785830400002,0.00010000,73.66000000
SOLUSDT,1785859200000,0.00010000,73.95479275
SOLUSDT,1785888000003,0.00006418,73.72000000
SOLUSDT,1785916800004,0.00003700,73.94352419
SOLUSDT,1785945600000,0.00005055,73.92000000
SOLUSDT,1785974400002,0.00000090,74.00000000
